payment_id,subscription_id,customer_id,payment_date,amount,status
1,1,1,2024-11-11,49,succeeded
2,1,1,2024-12-12,49,succeeded
3,1,1,2025-01-08,49,succeeded
4,1,1,2025-02-10,49,succeeded
5,1,1,2025-03-11,49,failed
6,1,1,2025-03-13,49,succeeded
7,1,1,2025-04-12,49,succeeded
8,2,2,2024-02-07,199,succeeded
9,2,2,2024-03-05,199,failed
10,2,2,2024-03-10,199,succeeded
11,2,2,2024-04-06,199,succeeded
12,2,2,2024-05-06,199,succeeded
13,2,2,2024-06-06,199,succeeded
14,2,2,2024-07-07,199,succeeded
15,2,2,2024-08-07,199,succeeded
16,2,2,2024-09-04,199,succeeded
17,2,2,2024-10-04,199,succeeded
18,2,2,2024-11-04,199,succeeded
19,2,2,2024-12-04,199,succeeded
20,2,2,2025-01-06,199,succeeded
21,2,2,2025-02-03,199,succeeded
22,2,2,2025-03-03,199,succeeded
23,2,2,2025-04-06,199,succeeded
24,2,2,2025-05-05,199,succeeded
25,2,2,2025-06-06,199,succeeded
26,2,2,2025-07-03,199,succeeded
27,2,2,2025-08-04,199,succeeded
28,2,2,2025-09-06,199,succeeded
29,2,2,2025-10-06,199,succeeded
30,2,2,2025-11-07,199,succeeded
31,2,2,2025-12-04,199,succeeded
32,2,2,2026-01-04,199,succeeded
33,2,2,2026-02-07,199,succeeded
34,2,2,2026-03-07,199,succeeded
35,2,2,2026-04-05,199,succeeded
36,2,2,2026-05-06,199,succeeded
37,2,2,2026-06-06,199,succeeded
38,3,3,2024-10-21,49,succeeded
39,3,3,2024-11-17,49,succeeded
40,3,3,2024-12-19,49,succeeded
41,3,3,2025-01-19,49,succeeded
42,3,3,2025-02-18,49,succeeded
43,3,3,2025-03-21,49,succeeded
44,3,3,2025-04-18,49,succeeded
45,4,4,2025-10-19,199,succeeded
46,4,4,2025-11-20,199,succeeded
47,4,4,2025-12-21,199,succeeded
48,4,4,2026-01-18,199,succeeded
49,4,4,2026-02-22,199,succeeded
50,4,4,2026-03-21,199,succeeded
51,4,4,2026-04-22,199,succeeded
52,4,4,2026-05-22,199,succeeded
53,4,4,2026-06-21,199,succeeded
54,5,5,2026-02-05,199,succeeded
55,5,5,2026-03-03,199,succeeded
56,5,5,2026-04-01,199,succeeded
57,5,5,2026-05-02,199,succeeded
58,5,5,2026-06-05,199,succeeded
59,6,6,2025-10-08,49,succeeded
60,6,6,2025-11-08,49,succeeded
61,6,6,2025-12-05,49,succeeded
62,6,6,2026-01-09,49,succeeded
63,6,6,2026-02-06,49,succeeded
64,6,6,2026-03-05,49,succeeded
65,6,6,2026-04-08,49,succeeded
66,6,6,2026-05-08,49,succeeded
67,6,6,2026-06-05,49,succeeded
68,8,8,2026-04-26,49,succeeded
69,8,8,2026-05-28,49,succeeded
70,8,8,2026-06-27,49,succeeded
71,9,9,2024-11-20,199,succeeded
72,9,9,2024-12-18,199,succeeded
73,9,9,2025-01-21,199,succeeded
74,9,9,2025-02-22,199,succeeded
75,10,10,2026-06-19,199,succeeded
76,11,11,2026-01-12,799,succeeded
77,11,11,2026-02-14,799,succeeded
78,11,11,2026-03-10,799,succeeded
79,11,11,2026-04-13,799,failed
80,11,11,2026-04-18,799,succeeded
81,11,11,2026-05-12,799,succeeded
82,11,11,2026-06-11,799,succeeded
83,12,12,2026-06-13,799,succeeded
84,13,13,2025-06-10,49,succeeded
85,13,13,2025-07-07,49,succeeded
86,13,13,2025-08-09,49,succeeded
87,13,13,2025-09-07,49,succeeded
88,13,13,2025-10-09,49,succeeded
89,13,13,2025-11-11,49,failed
90,13,13,2025-12-07,49,succeeded
91,13,13,2026-01-09,49,succeeded
92,13,13,2026-02-09,49,succeeded
93,13,13,2026-03-09,49,succeeded
94,13,13,2026-04-11,49,succeeded
95,13,13,2026-05-07,49,succeeded
96,13,13,2026-06-09,49,succeeded
97,14,14,2024-10-24,199,succeeded
98,14,14,2024-11-24,199,failed
99,14,14,2024-11-27,199,succeeded
100,14,14,2024-12-23,199,succeeded
101,14,14,2025-01-23,199,succeeded
102,14,14,2025-02-23,199,succeeded
103,14,14,2025-03-20,199,succeeded
104,14,14,2025-04-22,199,succeeded
105,15,14,2025-05-04,799,succeeded
106,15,14,2025-06-04,799,succeeded
107,15,14,2025-07-03,799,succeeded
108,15,14,2025-08-04,799,succeeded
109,15,14,2025-09-05,799,failed
110,15,14,2025-09-09,799,succeeded
111,15,14,2025-10-03,799,succeeded
112,15,14,2025-11-02,799,succeeded
113,15,14,2025-12-01,799,succeeded
114,15,14,2026-01-05,799,succeeded
115,15,14,2026-02-04,799,succeeded
116,15,14,2026-03-05,799,succeeded
117,15,14,2026-04-05,799,succeeded
118,15,14,2026-05-02,799,succeeded
119,15,14,2026-06-03,799,succeeded
120,16,15,2025-05-17,49,succeeded
121,16,15,2025-06-13,49,succeeded
122,16,15,2025-07-13,49,succeeded
123,16,15,2025-08-14,49,succeeded
124,16,15,2025-09-17,49,succeeded
125,16,15,2025-10-17,49,succeeded
126,16,15,2025-11-14,49,succeeded
127,17,16,2026-02-26,199,succeeded
128,17,16,2026-03-23,199,succeeded
129,17,16,2026-04-26,199,succeeded
130,17,16,2026-05-22,199,succeeded
131,17,16,2026-06-23,199,succeeded
132,18,17,2025-11-02,199,succeeded
133,18,17,2025-12-04,199,succeeded
134,18,17,2026-01-02,199,succeeded
135,18,17,2026-02-03,199,succeeded
136,18,17,2026-03-02,199,succeeded
137,18,17,2026-04-05,199,failed
138,18,17,2026-04-10,199,succeeded
139,18,17,2026-05-04,199,succeeded
140,18,17,2026-06-02,199,succeeded
141,19,18,2026-06-26,49,succeeded
142,20,19,2026-03-19,49,succeeded
143,20,19,2026-04-18,49,succeeded
144,21,20,2026-04-10,199,succeeded
145,21,20,2026-05-11,199,succeeded
146,21,20,2026-06-10,199,succeeded
147,22,21,2025-02-09,799,succeeded
148,22,21,2025-03-12,799,succeeded
149,22,21,2025-04-10,799,succeeded
150,22,21,2025-05-10,799,succeeded
151,22,21,2025-06-09,799,succeeded
152,22,21,2025-07-09,799,succeeded
153,22,21,2025-08-09,799,succeeded
154,22,21,2025-09-08,799,failed
155,22,21,2025-10-09,799,succeeded
156,22,21,2025-11-09,799,succeeded
157,22,21,2025-12-09,799,succeeded
158,22,21,2026-01-11,799,succeeded
159,22,21,2026-02-12,799,succeeded
160,22,21,2026-03-08,799,succeeded
161,22,21,2026-04-09,799,succeeded
162,22,21,2026-05-10,799,succeeded
163,22,21,2026-06-12,799,succeeded
164,23,22,2026-02-05,199,succeeded
165,23,22,2026-03-05,199,succeeded
166,23,22,2026-04-05,199,succeeded
167,23,22,2026-05-05,199,succeeded
168,23,22,2026-06-03,199,succeeded
169,25,24,2026-03-17,199,succeeded
170,25,24,2026-04-18,199,succeeded
171,25,24,2026-05-18,199,succeeded
172,26,25,2025-12-27,199,succeeded
173,26,25,2026-01-25,199,succeeded
174,26,25,2026-02-27,199,succeeded
175,26,25,2026-03-27,199,succeeded
176,26,25,2026-04-27,199,succeeded
177,26,25,2026-05-24,199,succeeded
178,26,25,2026-06-26,199,succeeded
179,27,26,2023-09-24,199,succeeded
180,27,26,2023-10-24,199,succeeded
181,27,26,2023-11-24,199,succeeded
182,27,26,2023-12-22,199,succeeded
183,27,26,2024-01-25,199,succeeded
184,27,26,2024-02-23,199,failed
185,27,26,2024-02-29,199,succeeded
186,27,26,2024-03-25,199,succeeded
187,27,26,2024-04-22,199,succeeded
188,27,26,2024-05-22,199,succeeded
189,27,26,2024-06-22,199,succeeded
190,27,26,2024-07-25,199,succeeded
191,27,26,2024-08-24,199,succeeded
192,27,26,2024-09-22,199,succeeded
193,27,26,2024-10-22,199,succeeded
194,27,26,2024-11-22,199,succeeded
195,27,26,2024-12-21,199,succeeded
196,27,26,2025-01-25,199,succeeded
197,27,26,2025-02-21,199,succeeded
198,27,26,2025-03-21,199,succeeded
199,27,26,2025-04-21,199,succeeded
200,27,26,2025-05-23,199,succeeded
201,27,26,2025-06-22,199,succeeded
202,27,26,2025-07-22,199,succeeded
203,27,26,2025-08-24,199,succeeded
204,27,26,2025-09-22,199,succeeded
205,27,26,2025-10-22,199,succeeded
206,27,26,2025-11-23,199,succeeded
207,27,26,2025-12-22,199,failed
208,27,26,2026-01-23,199,succeeded
209,27,26,2026-02-25,199,failed
210,27,26,2026-02-28,199,succeeded
211,27,26,2026-03-21,199,succeeded
212,28,26,2026-04-04,799,succeeded
213,28,26,2026-05-01,799,succeeded
214,28,26,2026-06-04,799,succeeded
215,29,27,2026-02-27,199,succeeded
216,29,27,2026-03-28,199,succeeded
217,29,27,2026-04-28,199,succeeded
218,29,27,2026-05-26,199,succeeded
219,29,27,2026-06-28,199,succeeded
220,30,28,2025-01-17,799,succeeded
221,30,28,2025-02-18,799,succeeded
222,31,29,2024-11-21,49,succeeded
223,31,29,2024-12-18,49,succeeded
224,31,29,2025-01-17,49,succeeded
225,31,29,2025-02-21,49,succeeded
226,31,29,2025-03-21,49,succeeded
227,31,29,2025-04-21,49,succeeded
228,31,29,2025-05-19,49,succeeded
229,31,29,2025-06-19,49,succeeded
230,31,29,2025-07-18,49,succeeded
231,31,29,2025-08-20,49,succeeded
232,31,29,2025-09-19,49,succeeded
233,31,29,2025-10-19,49,succeeded
234,31,29,2025-11-19,49,succeeded
235,31,29,2025-12-17,49,succeeded
236,31,29,2026-01-21,49,succeeded
237,31,29,2026-02-19,49,succeeded
238,31,29,2026-03-17,49,succeeded
239,31,29,2026-04-19,49,succeeded
240,31,29,2026-05-19,49,succeeded
241,32,30,2025-04-25,799,succeeded
242,32,30,2025-05-25,799,succeeded
243,32,30,2025-06-27,799,succeeded
244,32,30,2025-07-25,799,succeeded
245,32,30,2025-08-27,799,succeeded
246,32,30,2025-09-27,799,succeeded
247,32,30,2025-10-26,799,succeeded
248,32,30,2025-11-28,799,succeeded
249,32,30,2025-12-26,799,succeeded
250,32,30,2026-01-25,799,succeeded
251,32,30,2026-02-27,799,succeeded
252,32,30,2026-03-27,799,succeeded
253,32,30,2026-04-25,799,succeeded
254,32,30,2026-05-27,799,succeeded
255,32,30,2026-06-28,799,succeeded
256,33,31,2024-11-01,49,succeeded
257,33,31,2024-12-02,49,succeeded
258,33,31,2025-01-04,49,succeeded
259,33,31,2025-02-04,49,succeeded
260,33,31,2025-03-03,49,succeeded
261,33,31,2025-04-03,49,succeeded
262,34,32,2025-07-10,199,succeeded
263,34,32,2025-08-13,199,succeeded
264,34,32,2025-09-12,199,succeeded
265,34,32,2025-10-12,199,succeeded
266,34,32,2025-11-13,199,succeeded
267,34,32,2025-12-14,199,succeeded
268,34,32,2026-01-13,199,succeeded
269,34,32,2026-02-11,199,succeeded
270,34,32,2026-03-12,199,succeeded
271,34,32,2026-04-11,199,succeeded
272,34,32,2026-05-13,199,succeeded
273,34,32,2026-06-10,199,succeeded
274,35,33,2025-09-06,199,succeeded
275,35,33,2025-10-07,199,succeeded
276,35,33,2025-11-04,199,succeeded
277,35,33,2025-12-03,199,succeeded
278,35,33,2026-01-04,199,succeeded
279,35,33,2026-02-06,199,succeeded
280,35,33,2026-03-03,199,succeeded
281,35,33,2026-04-03,199,succeeded
282,35,33,2026-05-04,199,succeeded
283,35,33,2026-06-06,199,succeeded
284,36,34,2024-12-25,199,succeeded
285,36,34,2025-01-26,199,succeeded
286,36,34,2025-02-27,199,succeeded
287,36,34,2025-03-25,199,succeeded
288,36,34,2025-04-27,199,succeeded
289,36,34,2025-05-28,199,succeeded
290,36,34,2025-06-26,199,succeeded
291,36,34,2025-07-29,199,succeeded
292,36,34,2025-08-28,199,succeeded
293,36,34,2025-09-27,199,succeeded
294,36,34,2025-10-26,199,succeeded
295,36,34,2025-11-27,199,succeeded
296,36,34,2025-12-28,199,succeeded
297,36,34,2026-01-25,199,succeeded
298,36,34,2026-02-26,199,succeeded
299,36,34,2026-03-26,199,succeeded
300,36,34,2026-04-26,199,succeeded
301,36,34,2026-05-25,199,succeeded
302,36,34,2026-06-25,199,succeeded
303,37,35,2025-08-09,799,succeeded
304,37,35,2025-09-11,799,succeeded
305,37,35,2025-10-09,799,succeeded
306,37,35,2025-11-10,799,failed
307,37,35,2025-11-12,799,succeeded
308,37,35,2025-12-10,799,succeeded
309,37,35,2026-01-10,799,succeeded
310,37,35,2026-02-11,799,succeeded
311,37,35,2026-03-11,799,succeeded
312,37,35,2026-04-13,799,succeeded
313,37,35,2026-05-11,799,succeeded
314,37,35,2026-06-13,799,succeeded
315,38,36,2024-07-28,799,succeeded
316,38,36,2024-08-28,799,failed
317,38,36,2024-09-03,799,succeeded
318,38,36,2024-09-26,799,succeeded
319,38,36,2024-10-27,799,succeeded
320,38,36,2024-11-26,799,succeeded
321,38,36,2024-12-27,799,succeeded
322,38,36,2025-01-28,799,succeeded
323,38,36,2025-02-26,799,succeeded
324,38,36,2025-03-28,799,succeeded
325,38,36,2025-04-27,799,succeeded
326,38,36,2025-05-25,799,failed
327,38,36,2025-05-30,799,succeeded
328,38,36,2025-06-27,799,succeeded
329,38,36,2025-07-29,799,succeeded
330,38,36,2025-08-27,799,succeeded
331,38,36,2025-09-27,799,succeeded
332,38,36,2025-10-26,799,succeeded
333,38,36,2025-11-29,799,succeeded
334,38,36,2025-12-26,799,succeeded
335,38,36,2026-01-27,799,succeeded
336,38,36,2026-02-25,799,succeeded
337,38,36,2026-03-28,799,succeeded
338,38,36,2026-04-25,799,succeeded
339,38,36,2026-05-25,799,succeeded
340,38,36,2026-06-26,799,succeeded
341,39,37,2024-01-24,49,succeeded
342,39,37,2024-02-21,49,succeeded
343,39,37,2024-03-21,49,succeeded
344,39,37,2024-04-24,49,succeeded
345,39,37,2024-05-21,49,succeeded
346,39,37,2024-06-22,49,succeeded
347,39,37,2024-07-22,49,succeeded
348,39,37,2024-08-23,49,succeeded
349,39,37,2024-09-24,49,succeeded
350,39,37,2024-10-21,49,succeeded
351,39,37,2024-11-23,49,succeeded
352,39,37,2024-12-22,49,succeeded
353,39,37,2025-01-25,49,succeeded
354,40,38,2024-07-10,49,succeeded
355,40,38,2024-08-08,49,succeeded
356,40,38,2024-09-10,49,succeeded
357,40,38,2024-10-08,49,succeeded
358,40,38,2024-11-10,49,succeeded
359,41,39,2026-03-08,49,succeeded
360,41,39,2026-04-08,49,failed
361,41,39,2026-04-12,49,succeeded
362,42,40,2026-01-05,199,succeeded
363,42,40,2026-02-05,199,succeeded
364,42,40,2026-03-06,199,succeeded
365,42,40,2026-04-04,199,succeeded
366,42,40,2026-05-05,199,succeeded
367,42,40,2026-06-06,199,succeeded
368,43,41,2026-01-16,49,succeeded
369,43,41,2026-02-17,49,succeeded
370,43,41,2026-03-17,49,succeeded
371,44,42,2025-06-20,799,succeeded
372,44,42,2025-07-20,799,succeeded
373,44,42,2025-08-20,799,succeeded
374,44,42,2025-09-22,799,succeeded
375,44,42,2025-10-23,799,succeeded
376,44,42,2025-11-20,799,succeeded
377,44,42,2025-12-23,799,succeeded
378,44,42,2026-01-20,799,succeeded
379,44,42,2026-02-22,799,succeeded
380,44,42,2026-03-23,799,succeeded
381,44,42,2026-04-21,799,succeeded
382,44,42,2026-05-20,799,succeeded
383,44,42,2026-06-19,799,succeeded
384,46,44,2026-01-31,49,succeeded
385,46,44,2026-03-02,49,succeeded
386,46,44,2026-03-29,49,succeeded
387,46,44,2026-05-01,49,succeeded
388,46,44,2026-05-29,49,succeeded
389,46,44,2026-07-01,49,succeeded
390,47,45,2024-05-03,799,succeeded
391,47,45,2024-06-06,799,succeeded
392,47,45,2024-07-04,799,succeeded
393,47,45,2024-08-03,799,succeeded
394,47,45,2024-09-06,799,succeeded
395,47,45,2024-10-05,799,succeeded
396,47,45,2024-11-05,799,succeeded
397,47,45,2024-12-04,799,succeeded
398,47,45,2025-01-06,799,succeeded
399,47,45,2025-02-05,799,succeeded
400,47,45,2025-03-06,799,succeeded
401,47,45,2025-04-06,799,succeeded
402,47,45,2025-05-03,799,succeeded
403,47,45,2025-06-05,799,succeeded
404,47,45,2025-07-03,799,succeeded
405,47,45,2025-08-06,799,succeeded
406,47,45,2025-09-06,799,succeeded
407,47,45,2025-10-05,799,succeeded
408,47,45,2025-11-03,799,succeeded
409,47,45,2025-12-06,799,succeeded
410,47,45,2026-01-03,799,succeeded
411,47,45,2026-02-04,799,succeeded
412,48,45,2026-03-01,199,succeeded
413,48,45,2026-04-04,199,failed
414,48,45,2026-04-06,199,succeeded
415,48,45,2026-05-02,199,succeeded
416,48,45,2026-06-03,199,succeeded
417,49,45,2026-06-05,49,succeeded
418,50,46,2023-12-08,199,succeeded
419,50,46,2024-01-10,199,succeeded
420,50,46,2024-02-08,199,succeeded
421,50,46,2024-03-11,199,succeeded
422,50,46,2024-04-09,199,succeeded
423,50,46,2024-05-08,199,succeeded
424,51,47,2023-08-17,49,succeeded
425,51,47,2023-09-18,49,succeeded
426,51,47,2023-10-17,49,succeeded
427,51,47,2023-11-17,49,succeeded
428,52,48,2025-04-30,49,succeeded
429,53,49,2023-12-01,799,succeeded
430,53,49,2024-01-01,799,succeeded
431,53,49,2024-02-01,799,succeeded
432,53,49,2024-03-02,799,succeeded
433,53,49,2024-04-01,799,succeeded
434,53,49,2024-05-03,799,succeeded
435,53,49,2024-06-04,799,failed
436,53,49,2024-06-10,799,succeeded
437,53,49,2024-07-01,799,succeeded
438,53,49,2024-08-05,799,succeeded
439,53,49,2024-09-05,799,succeeded
440,53,49,2024-10-03,799,succeeded
441,53,49,2024-11-02,799,succeeded
442,53,49,2024-12-01,799,failed
443,53,49,2024-12-06,799,succeeded
444,53,49,2025-01-04,799,succeeded
445,53,49,2025-02-01,799,succeeded
446,53,49,2025-03-02,799,succeeded
447,53,49,2025-04-01,799,succeeded
448,53,49,2025-05-01,799,succeeded
449,53,49,2025-06-05,799,succeeded
450,53,49,2025-07-05,799,succeeded
451,53,49,2025-08-02,799,succeeded
452,53,49,2025-09-02,799,succeeded
453,53,49,2025-10-05,799,succeeded
454,53,49,2025-11-05,799,succeeded
455,53,49,2025-12-02,799,succeeded
456,53,49,2026-01-01,799,succeeded
457,53,49,2026-02-03,799,succeeded
458,53,49,2026-03-04,799,succeeded
459,53,49,2026-04-03,799,succeeded
460,53,49,2026-05-02,799,succeeded
461,53,49,2026-06-04,799,succeeded
462,54,50,2024-03-15,199,succeeded
463,54,50,2024-04-16,199,succeeded
464,54,50,2024-05-16,199,succeeded
465,54,50,2024-06-14,199,succeeded
466,54,50,2024-07-18,199,succeeded
467,54,50,2024-08-14,199,succeeded
468,54,50,2024-09-14,199,succeeded
469,54,50,2024-10-16,199,succeeded
470,54,50,2024-11-18,199,succeeded
471,54,50,2024-12-18,199,succeeded
472,54,50,2025-01-16,199,succeeded
473,54,50,2025-02-16,199,succeeded
474,54,50,2025-03-14,199,succeeded
475,54,50,2025-04-14,199,succeeded
476,54,50,2025-05-18,199,succeeded
477,54,50,2025-06-15,199,succeeded
478,54,50,2025-07-18,199,succeeded
479,54,50,2025-08-16,199,succeeded
480,54,50,2025-09-16,199,succeeded
481,54,50,2025-10-14,199,succeeded
482,54,50,2025-11-14,199,succeeded
483,54,50,2025-12-18,199,succeeded
484,54,50,2026-01-18,199,succeeded
485,54,50,2026-02-16,199,succeeded
486,54,50,2026-03-15,199,succeeded
487,54,50,2026-04-16,199,succeeded
488,54,50,2026-05-18,199,succeeded
489,54,50,2026-06-14,199,succeeded
490,55,51,2026-04-10,49,succeeded
491,55,51,2026-05-06,49,succeeded
492,55,51,2026-06-07,49,succeeded
493,56,52,2026-03-29,49,failed
494,56,52,2026-03-31,49,succeeded
495,56,52,2026-04-30,49,succeeded
496,56,52,2026-05-27,49,succeeded
497,56,52,2026-06-29,49,succeeded
498,57,53,2025-08-18,799,succeeded
499,57,53,2025-09-22,799,succeeded
500,57,53,2025-10-21,799,succeeded
501,57,53,2025-11-19,799,succeeded
502,57,53,2025-12-20,799,succeeded
503,57,53,2026-01-21,799,succeeded
504,57,53,2026-02-19,799,succeeded
505,57,53,2026-03-18,799,succeeded
506,57,53,2026-04-18,799,succeeded
507,57,53,2026-05-22,799,succeeded
508,57,53,2026-06-20,799,succeeded
509,58,54,2026-01-06,49,succeeded
510,58,54,2026-02-05,49,succeeded
511,58,54,2026-03-04,49,succeeded
512,58,54,2026-04-02,49,succeeded
513,58,54,2026-05-03,49,succeeded
514,58,54,2026-06-05,49,succeeded
515,59,55,2024-09-03,199,succeeded
516,59,55,2024-10-06,199,succeeded
517,59,55,2024-11-06,199,succeeded
518,59,55,2024-12-06,199,succeeded
519,59,55,2025-01-06,199,succeeded
520,59,55,2025-02-04,199,succeeded
521,59,55,2025-03-05,199,succeeded
522,59,55,2025-04-06,199,succeeded
523,59,55,2025-05-02,199,succeeded
524,59,55,2025-06-05,199,succeeded
525,59,55,2025-07-05,199,succeeded
526,59,55,2025-08-06,199,succeeded
527,59,55,2025-09-04,199,succeeded
528,59,55,2025-10-05,199,succeeded
529,59,55,2025-11-06,199,succeeded
530,59,55,2025-12-05,199,succeeded
531,60,55,2026-01-05,49,succeeded
532,60,55,2026-02-01,49,succeeded
533,61,56,2026-01-04,799,failed
534,61,56,2026-02-04,799,succeeded
535,61,56,2026-03-04,799,succeeded
536,61,56,2026-04-02,799,succeeded
537,61,56,2026-05-06,799,succeeded
538,61,56,2026-06-02,799,succeeded
539,62,57,2026-04-07,49,succeeded
540,62,57,2026-05-06,49,succeeded
541,62,57,2026-06-07,49,succeeded
542,63,58,2025-05-10,49,succeeded
543,63,58,2025-06-10,49,succeeded
544,63,58,2025-07-10,49,succeeded
545,63,58,2025-08-11,49,succeeded
546,63,58,2025-09-11,49,succeeded
547,63,58,2025-10-12,49,succeeded
548,63,58,2025-11-09,49,succeeded
549,63,58,2025-12-12,49,succeeded
550,64,59,2023-10-21,49,succeeded
551,64,59,2023-11-20,49,succeeded
552,64,59,2023-12-23,49,succeeded
553,64,59,2024-01-22,49,succeeded
554,64,59,2024-02-23,49,succeeded
555,64,59,2024-03-22,49,succeeded
556,64,59,2024-04-23,49,succeeded
557,65,59,2024-05-02,199,succeeded
558,65,59,2024-06-02,199,succeeded
559,65,59,2024-07-04,199,failed
560,65,59,2024-07-09,199,succeeded
561,65,59,2024-08-03,199,succeeded
562,65,59,2024-09-05,199,succeeded
563,65,59,2024-10-04,199,succeeded
564,65,59,2024-11-03,199,succeeded
565,65,59,2024-12-03,199,succeeded
566,65,59,2025-01-01,199,succeeded
567,65,59,2025-02-05,199,succeeded
568,65,59,2025-03-04,199,succeeded
569,65,59,2025-04-02,199,succeeded
570,65,59,2025-05-02,199,succeeded
571,65,59,2025-06-03,199,succeeded
572,65,59,2025-07-03,199,succeeded
573,65,59,2025-08-05,199,succeeded
574,65,59,2025-09-04,199,succeeded
575,65,59,2025-10-03,199,succeeded
576,65,59,2025-11-05,199,succeeded
577,66,60,2023-09-23,49,succeeded
578,66,60,2023-10-25,49,succeeded
579,66,60,2023-11-27,49,succeeded
580,66,60,2023-12-24,49,succeeded
581,66,60,2024-01-27,49,succeeded
582,67,60,2024-02-02,199,succeeded
583,67,60,2024-03-03,199,succeeded
584,67,60,2024-04-01,199,succeeded
585,67,60,2024-05-05,199,succeeded
586,67,60,2024-06-03,199,succeeded
587,67,60,2024-07-02,199,succeeded
588,67,60,2024-08-03,199,succeeded
589,67,60,2024-09-02,199,succeeded
590,67,60,2024-10-05,199,succeeded
591,67,60,2024-11-03,199,succeeded
592,67,60,2024-12-05,199,succeeded
593,67,60,2025-01-01,199,succeeded
594,67,60,2025-02-01,199,succeeded
595,67,60,2025-03-04,199,succeeded
596,67,60,2025-04-03,199,succeeded
597,67,60,2025-05-02,199,succeeded
598,67,60,2025-06-05,199,succeeded
599,67,60,2025-07-04,199,succeeded
600,67,60,2025-08-02,199,failed
601,67,60,2025-09-04,199,succeeded
602,67,60,2025-10-04,199,succeeded
603,67,60,2025-11-05,199,succeeded
604,67,60,2025-12-05,199,failed
605,67,60,2025-12-07,199,succeeded
606,67,60,2026-01-04,199,succeeded
607,67,60,2026-02-05,199,succeeded
608,67,60,2026-03-03,199,succeeded
609,68,60,2026-03-04,799,succeeded
610,68,60,2026-04-02,799,succeeded
611,68,60,2026-05-02,799,succeeded
612,68,60,2026-06-01,799,succeeded
613,69,61,2025-08-12,49,succeeded
614,69,61,2025-09-13,49,succeeded
615,69,61,2025-10-12,49,succeeded
616,69,61,2025-11-11,49,succeeded
617,69,61,2025-12-14,49,succeeded
618,69,61,2026-01-11,49,succeeded
619,69,61,2026-02-12,49,succeeded
620,69,61,2026-03-11,49,succeeded
621,69,61,2026-04-13,49,succeeded
622,69,61,2026-05-10,49,succeeded
623,69,61,2026-06-13,49,succeeded
624,70,62,2025-10-18,799,succeeded
625,70,62,2025-11-17,799,succeeded
626,70,62,2025-12-17,799,succeeded
627,70,62,2026-01-19,799,succeeded
628,70,62,2026-02-16,799,succeeded
629,70,62,2026-03-18,799,succeeded
630,70,62,2026-04-15,799,succeeded
631,70,62,2026-05-16,799,succeeded
632,70,62,2026-06-17,799,succeeded
633,71,63,2026-01-11,49,succeeded
634,71,63,2026-02-11,49,succeeded
635,71,63,2026-03-07,49,succeeded
636,71,63,2026-04-10,49,succeeded
637,72,64,2025-03-10,49,succeeded
638,72,64,2025-04-09,49,succeeded
639,72,64,2025-05-08,49,succeeded
640,72,64,2025-06-09,49,succeeded
641,72,64,2025-07-09,49,succeeded
642,72,64,2025-08-09,49,succeeded
643,72,64,2025-09-12,49,succeeded
644,72,64,2025-10-10,49,succeeded
645,72,64,2025-11-10,49,succeeded
646,72,64,2025-12-12,49,succeeded
647,72,64,2026-01-11,49,succeeded
648,72,64,2026-02-10,49,failed
649,72,64,2026-02-16,49,succeeded
650,72,64,2026-03-11,49,succeeded
651,72,64,2026-04-10,49,succeeded
652,72,64,2026-05-12,49,succeeded
653,72,64,2026-06-11,49,succeeded
654,73,65,2025-08-13,199,succeeded
655,73,65,2025-09-13,199,succeeded
656,73,65,2025-10-11,199,succeeded
657,73,65,2025-11-14,199,succeeded
658,73,65,2025-12-11,199,succeeded
659,73,65,2026-01-13,199,succeeded
660,73,65,2026-02-13,199,succeeded
661,73,65,2026-03-12,199,succeeded
662,73,65,2026-04-14,199,succeeded
663,73,65,2026-05-13,199,succeeded
664,73,65,2026-06-11,199,succeeded
665,74,66,2024-01-26,799,succeeded
666,74,66,2024-02-22,799,succeeded
667,74,66,2024-03-25,799,succeeded
668,74,66,2024-04-22,799,succeeded
669,74,66,2024-05-22,799,succeeded
670,74,66,2024-06-25,799,succeeded
671,74,66,2024-07-23,799,succeeded
672,74,66,2024-08-26,799,succeeded
673,74,66,2024-09-23,799,succeeded
674,74,66,2024-10-24,799,succeeded
675,74,66,2024-11-26,799,succeeded
676,74,66,2024-12-25,799,succeeded
677,74,66,2025-01-24,799,succeeded
678,74,66,2025-02-23,799,succeeded
679,74,66,2025-03-26,799,succeeded
680,74,66,2025-04-26,799,succeeded
681,74,66,2025-05-24,799,succeeded
682,74,66,2025-06-22,799,succeeded
683,74,66,2025-07-23,799,succeeded
684,74,66,2025-08-25,799,succeeded
685,74,66,2025-09-25,799,succeeded
686,74,66,2025-10-26,799,succeeded
687,74,66,2025-11-25,799,succeeded
688,74,66,2025-12-24,799,succeeded
689,74,66,2026-01-24,799,succeeded
690,74,66,2026-02-24,799,succeeded
691,74,66,2026-03-26,799,succeeded
692,74,66,2026-04-24,799,succeeded
693,74,66,2026-05-25,799,succeeded
694,74,66,2026-06-26,799,succeeded
695,75,67,2025-04-12,49,succeeded
696,75,67,2025-05-11,49,succeeded
697,75,67,2025-06-10,49,succeeded
698,76,68,2025-05-13,199,succeeded
699,76,68,2025-06-12,199,succeeded
700,76,68,2025-07-11,199,succeeded
701,76,68,2025-08-10,199,failed
702,76,68,2025-08-14,199,succeeded
703,77,68,2025-09-04,49,succeeded
704,77,68,2025-10-04,49,succeeded
705,77,68,2025-11-04,49,succeeded
706,77,68,2025-12-01,49,succeeded
707,77,68,2026-01-05,49,failed
708,77,68,2026-01-07,49,succeeded
709,77,68,2026-02-04,49,succeeded
710,78,69,2026-04-01,49,succeeded
711,78,69,2026-04-28,49,succeeded
712,78,69,2026-05-30,49,succeeded
713,78,69,2026-07-01,49,succeeded
714,79,70,2025-07-04,199,succeeded
715,79,70,2025-08-04,199,failed
716,79,70,2025-08-10,199,succeeded
717,79,70,2025-09-02,199,succeeded
718,79,70,2025-10-06,199,succeeded
719,79,70,2025-11-06,199,succeeded
720,79,70,2025-12-04,199,succeeded
721,79,70,2026-01-03,199,succeeded
722,79,70,2026-02-05,199,succeeded
723,79,70,2026-03-05,199,succeeded
724,79,70,2026-04-03,199,succeeded
725,79,70,2026-05-03,199,succeeded
726,79,70,2026-06-04,199,succeeded
727,80,71,2026-04-14,199,succeeded
728,80,71,2026-05-12,199,succeeded
729,80,71,2026-06-12,199,succeeded
730,81,72,2025-10-17,49,succeeded
731,81,72,2025-11-19,49,succeeded
732,81,72,2025-12-18,49,succeeded
733,81,72,2026-01-18,49,succeeded
734,81,72,2026-02-15,49,succeeded
735,81,72,2026-03-16,49,succeeded
736,81,72,2026-04-15,49,succeeded
737,81,72,2026-05-18,49,succeeded
738,81,72,2026-06-18,49,succeeded
739,82,73,2026-04-23,199,succeeded
740,82,73,2026-05-26,199,succeeded
741,82,73,2026-06-24,199,failed
742,82,73,2026-06-30,199,succeeded
743,83,74,2024-05-22,49,succeeded
744,83,74,2024-06-19,49,succeeded
745,83,74,2024-07-21,49,succeeded
746,83,74,2024-08-18,49,succeeded
747,83,74,2024-09-18,49,succeeded
748,83,74,2024-10-18,49,succeeded
749,83,74,2024-11-18,49,succeeded
750,83,74,2024-12-22,49,succeeded
751,83,74,2025-01-19,49,succeeded
752,83,74,2025-02-19,49,succeeded
753,83,74,2025-03-19,49,succeeded
754,83,74,2025-04-21,49,failed
755,83,74,2025-04-26,49,succeeded
756,83,74,2025-05-21,49,succeeded
757,84,74,2025-06-05,199,succeeded
758,84,74,2025-07-03,199,succeeded
759,85,75,2024-09-30,49,succeeded
760,85,75,2024-10-29,49,succeeded
761,85,75,2024-11-30,49,succeeded
762,85,75,2024-12-31,49,succeeded
763,86,76,2025-07-05,199,succeeded
764,86,76,2025-08-08,199,succeeded
765,86,76,2025-09-07,199,succeeded
766,86,76,2025-10-04,199,succeeded
767,86,76,2025-11-08,199,succeeded
768,86,76,2025-12-04,199,succeeded
769,86,76,2026-01-05,199,succeeded
770,86,76,2026-02-08,199,succeeded
771,86,76,2026-03-06,199,failed
772,86,76,2026-03-08,199,succeeded
773,86,76,2026-04-08,199,succeeded
774,86,76,2026-05-05,199,succeeded
775,86,76,2026-06-06,199,succeeded
776,87,77,2025-01-28,199,succeeded
777,87,77,2025-02-26,199,succeeded
778,88,78,2026-05-29,199,succeeded
779,88,78,2026-06-28,199,failed
780,88,78,2026-07-01,199,succeeded
781,89,79,2024-12-26,199,succeeded
782,89,79,2025-01-27,199,succeeded
783,89,79,2025-03-02,199,succeeded
784,89,79,2025-03-29,199,succeeded
785,89,79,2025-04-30,199,succeeded
786,89,79,2025-05-29,199,succeeded
787,89,79,2025-06-29,199,failed
788,89,79,2025-07-02,199,succeeded
789,89,79,2025-07-26,199,succeeded
790,89,79,2025-08-28,199,failed
791,89,79,2025-09-01,199,succeeded
792,89,79,2025-09-26,199,succeeded
793,89,79,2025-10-26,199,succeeded
794,89,79,2025-11-28,199,succeeded
795,89,79,2025-12-30,199,succeeded
796,89,79,2026-01-27,199,succeeded
797,89,79,2026-03-01,199,succeeded
798,89,79,2026-03-28,199,succeeded
799,89,79,2026-04-26,199,succeeded
800,89,79,2026-05-30,199,failed
801,89,79,2026-06-04,199,succeeded
802,89,79,2026-06-28,199,succeeded
803,90,80,2024-07-12,199,succeeded
804,90,80,2024-08-11,199,succeeded
805,90,80,2024-09-11,199,succeeded
806,90,80,2024-10-12,199,succeeded
807,91,81,2024-11-02,199,succeeded
808,91,81,2024-12-04,199,succeeded
809,91,81,2025-01-02,199,succeeded
810,91,81,2025-02-02,199,succeeded
811,91,81,2025-03-02,199,succeeded
812,91,81,2025-04-06,199,succeeded
813,91,81,2025-05-04,199,succeeded
814,91,81,2025-06-03,199,succeeded
815,91,81,2025-07-03,199,failed
816,91,81,2025-08-06,199,succeeded
817,91,81,2025-09-04,199,succeeded
818,92,82,2025-03-12,199,succeeded
819,92,82,2025-04-16,199,succeeded
820,92,82,2025-05-15,199,succeeded
821,92,82,2025-06-14,199,succeeded
822,92,82,2025-07-13,199,succeeded
823,92,82,2025-08-16,199,succeeded
824,92,82,2025-09-14,199,succeeded
825,92,82,2025-10-13,199,succeeded
826,92,82,2025-11-14,199,failed
827,92,82,2025-11-18,199,succeeded
828,92,82,2025-12-12,199,succeeded
829,92,82,2026-01-16,199,succeeded
830,92,82,2026-02-14,199,succeeded
831,92,82,2026-03-16,199,succeeded
832,92,82,2026-04-13,199,succeeded
833,92,82,2026-05-16,199,succeeded
834,92,82,2026-06-15,199,succeeded
835,94,84,2024-02-13,799,succeeded
836,94,84,2024-03-13,799,succeeded
837,94,84,2024-04-10,799,succeeded
838,94,84,2024-05-12,799,succeeded
839,94,84,2024-06-13,799,succeeded
840,94,84,2024-07-12,799,succeeded
841,94,84,2024-08-13,799,succeeded
842,94,84,2024-09-13,799,succeeded
843,94,84,2024-10-12,799,succeeded
844,94,84,2024-11-13,799,succeeded
845,94,84,2024-12-13,799,succeeded
846,94,84,2025-01-11,799,succeeded
847,94,84,2025-02-12,799,succeeded
848,94,84,2025-03-11,799,succeeded
849,94,84,2025-04-11,799,failed
850,94,84,2025-04-13,799,succeeded
851,94,84,2025-05-09,799,succeeded
852,94,84,2025-06-11,799,succeeded
853,94,84,2025-07-10,799,succeeded
854,94,84,2025-08-13,799,succeeded
855,94,84,2025-09-11,799,succeeded
856,94,84,2025-10-09,799,succeeded
857,94,84,2025-11-09,799,failed
858,94,84,2025-12-10,799,succeeded
859,94,84,2026-01-10,799,succeeded
860,94,84,2026-02-12,799,succeeded
861,94,84,2026-03-13,799,succeeded
862,94,84,2026-04-09,799,succeeded
863,94,84,2026-05-11,799,succeeded
864,94,84,2026-06-09,799,succeeded
865,95,85,2023-11-21,199,succeeded
866,96,86,2024-09-06,799,succeeded
867,96,86,2024-10-08,799,succeeded
868,96,86,2024-11-08,799,succeeded
869,96,86,2024-12-07,799,succeeded
870,96,86,2025-01-10,799,succeeded
871,96,86,2025-02-08,799,succeeded
872,96,86,2025-03-09,799,succeeded
873,96,86,2025-04-06,799,succeeded
874,96,86,2025-05-10,799,succeeded
875,96,86,2025-06-08,799,succeeded
876,96,86,2025-07-09,799,succeeded
877,96,86,2025-08-07,799,succeeded
878,96,86,2025-09-08,799,succeeded
879,96,86,2025-10-09,799,succeeded
880,96,86,2025-11-09,799,succeeded
881,96,86,2025-12-07,799,succeeded
882,96,86,2026-01-10,799,succeeded
883,96,86,2026-02-08,799,succeeded
884,96,86,2026-03-06,799,succeeded
885,96,86,2026-04-07,799,succeeded
886,96,86,2026-05-07,799,succeeded
887,96,86,2026-06-10,799,succeeded
888,97,87,2025-12-15,49,succeeded
889,97,87,2026-01-17,49,succeeded
890,97,87,2026-02-14,49,succeeded
891,97,87,2026-03-16,49,succeeded
892,97,87,2026-04-16,49,succeeded
893,97,87,2026-05-16,49,succeeded
894,97,87,2026-06-15,49,succeeded
895,98,88,2025-03-07,49,succeeded
896,98,88,2025-04-04,49,succeeded
897,98,88,2025-05-04,49,succeeded
898,98,88,2025-06-05,49,succeeded
899,98,88,2025-07-04,49,succeeded
900,98,88,2025-08-06,49,failed
901,98,88,2025-08-11,49,succeeded
902,98,88,2025-09-04,49,succeeded
903,98,88,2025-10-07,49,succeeded
904,98,88,2025-11-07,49,succeeded
905,98,88,2025-12-07,49,failed
906,98,88,2026-01-08,49,succeeded
907,98,88,2026-02-06,49,succeeded
908,98,88,2026-03-07,49,succeeded
909,98,88,2026-04-06,49,succeeded
910,98,88,2026-05-05,49,succeeded
911,98,88,2026-06-08,49,succeeded
912,99,89,2025-07-14,49,succeeded
913,99,89,2025-08-16,49,succeeded
914,99,89,2025-09-16,49,succeeded
915,99,89,2025-10-15,49,succeeded
916,99,89,2025-11-18,49,succeeded
917,99,89,2025-12-18,49,succeeded
918,99,89,2026-01-15,49,succeeded
919,99,89,2026-02-14,49,succeeded
920,99,89,2026-03-14,49,succeeded
921,99,89,2026-04-17,49,succeeded
922,99,89,2026-05-14,49,succeeded
923,99,89,2026-06-18,49,succeeded
924,100,90,2025-07-25,199,succeeded
925,100,90,2025-08-26,199,succeeded
926,100,90,2025-09-25,199,succeeded
927,100,90,2025-10-26,199,succeeded
928,100,90,2025-11-25,199,succeeded
929,100,90,2025-12-24,199,succeeded
930,100,90,2026-01-24,199,succeeded
931,100,90,2026-02-24,199,succeeded
932,100,90,2026-03-24,199,succeeded
933,100,90,2026-04-26,199,failed
934,100,90,2026-05-01,199,succeeded
935,100,90,2026-05-25,199,succeeded
936,100,90,2026-06-24,199,succeeded
937,101,91,2025-01-12,49,succeeded
938,101,91,2025-02-14,49,succeeded
939,102,92,2024-10-17,49,succeeded
940,102,92,2024-11-18,49,succeeded
941,102,92,2024-12-20,49,succeeded
942,102,92,2025-01-20,49,failed
943,102,92,2025-01-23,49,succeeded
944,102,92,2025-02-20,49,succeeded
945,102,92,2025-03-20,49,succeeded
946,102,92,2025-04-18,49,succeeded
947,102,92,2025-05-20,49,succeeded
948,102,92,2025-06-20,49,succeeded
949,102,92,2025-07-18,49,succeeded
950,102,92,2025-08-18,49,succeeded
951,102,92,2025-09-18,49,succeeded
952,102,92,2025-10-20,49,succeeded
953,103,93,2026-03-22,49,succeeded
954,103,93,2026-04-22,49,succeeded
955,103,93,2026-05-18,49,succeeded
956,103,93,2026-06-21,49,succeeded
957,104,94,2023-10-24,799,succeeded
958,104,94,2023-11-26,799,succeeded
959,104,94,2023-12-26,799,succeeded
960,104,94,2024-01-27,799,succeeded
961,104,94,2024-02-28,799,succeeded
962,104,94,2024-03-28,799,succeeded
963,104,94,2024-04-26,799,succeeded
964,104,94,2024-05-28,799,succeeded
965,104,94,2024-06-25,799,succeeded
966,104,94,2024-07-27,799,succeeded
967,104,94,2024-08-27,799,succeeded
968,104,94,2024-09-28,799,succeeded
969,104,94,2024-10-26,799,succeeded
970,104,94,2024-11-27,799,succeeded
971,104,94,2024-12-26,799,succeeded
972,104,94,2025-01-28,799,succeeded
973,104,94,2025-02-24,799,succeeded
974,104,94,2025-03-24,799,succeeded
975,104,94,2025-04-24,799,succeeded
976,104,94,2025-05-25,799,succeeded
977,104,94,2025-06-25,799,succeeded
978,104,94,2025-07-28,799,succeeded
979,104,94,2025-08-26,799,succeeded
980,104,94,2025-09-26,799,succeeded
981,104,94,2025-10-25,799,failed
982,104,94,2025-10-27,799,succeeded
983,104,94,2025-11-25,799,succeeded
984,104,94,2025-12-26,799,succeeded
985,104,94,2026-01-27,799,succeeded
986,104,94,2026-02-27,799,succeeded
987,104,94,2026-03-27,799,succeeded
988,104,94,2026-04-27,799,succeeded
989,104,94,2026-05-24,799,succeeded
990,104,94,2026-06-25,799,succeeded
991,105,95,2025-01-29,49,succeeded
992,105,95,2025-03-02,49,succeeded
993,105,95,2025-03-30,49,succeeded
994,105,95,2025-04-28,49,succeeded
995,106,96,2025-07-22,49,succeeded
996,106,96,2025-08-24,49,succeeded
997,106,96,2025-09-22,49,succeeded
998,106,96,2025-10-22,49,succeeded
999,106,96,2025-11-23,49,succeeded
1000,106,96,2025-12-23,49,succeeded
1001,106,96,2026-01-22,49,succeeded
1002,106,96,2026-02-24,49,succeeded
1003,106,96,2026-03-22,49,succeeded
1004,107,96,2026-04-03,199,succeeded
1005,107,96,2026-05-01,199,succeeded
1006,107,96,2026-06-02,199,succeeded
1007,108,97,2026-01-19,49,succeeded
1008,108,97,2026-02-21,49,succeeded
1009,108,97,2026-03-21,49,succeeded
1010,108,97,2026-04-20,49,succeeded
1011,108,97,2026-05-19,49,succeeded
1012,109,98,2024-12-25,49,succeeded
1013,109,98,2025-01-26,49,succeeded
1014,109,98,2025-02-25,49,succeeded
1015,109,98,2025-03-25,49,succeeded
1016,109,98,2025-04-23,49,succeeded
1017,109,98,2025-05-25,49,succeeded
1018,110,99,2024-09-05,799,succeeded
1019,110,99,2024-10-03,799,succeeded
1020,110,99,2024-11-03,799,succeeded
1021,110,99,2024-12-04,799,succeeded
1022,110,99,2025-01-03,799,succeeded
1023,110,99,2025-02-06,799,succeeded
1024,110,99,2025-03-06,799,succeeded
1025,110,99,2025-04-05,799,failed
1026,110,99,2025-04-10,799,succeeded
1027,110,99,2025-05-05,799,succeeded
1028,110,99,2025-06-04,799,succeeded
1029,110,99,2025-07-06,799,succeeded
1030,110,99,2025-08-03,799,succeeded
1031,110,99,2025-09-07,799,succeeded
1032,110,99,2025-10-07,799,failed
1033,110,99,2025-10-10,799,succeeded
1034,110,99,2025-11-07,799,succeeded
1035,110,99,2025-12-03,799,succeeded
1036,110,99,2026-01-04,799,succeeded
1037,110,99,2026-02-04,799,succeeded
1038,110,99,2026-03-03,799,succeeded
1039,110,99,2026-04-03,799,succeeded
1040,110,99,2026-05-04,799,succeeded
1041,110,99,2026-06-06,799,succeeded
1042,111,100,2025-12-27,199,succeeded
1043,111,100,2026-01-30,199,succeeded
1044,111,100,2026-03-02,199,succeeded
1045,111,100,2026-03-27,199,succeeded
1046,111,100,2026-04-26,199,succeeded
1047,111,100,2026-05-27,199,succeeded
1048,111,100,2026-06-28,199,succeeded
1049,112,101,2025-03-24,199,succeeded
1050,112,101,2025-04-24,199,succeeded
1051,112,101,2025-05-24,199,succeeded
1052,112,101,2025-06-21,199,succeeded
1053,112,101,2025-07-20,199,succeeded
1054,112,101,2025-08-24,199,succeeded
1055,112,101,2025-09-24,199,succeeded
1056,112,101,2025-10-24,199,succeeded
1057,112,101,2025-11-21,199,succeeded
1058,112,101,2025-12-22,199,succeeded
1059,112,101,2026-01-24,199,succeeded
1060,112,101,2026-02-21,199,succeeded
1061,112,101,2026-03-21,199,succeeded
1062,112,101,2026-04-22,199,succeeded
1063,112,101,2026-05-22,199,succeeded
1064,112,101,2026-06-24,199,succeeded
1065,113,102,2025-06-20,49,succeeded
1066,113,102,2025-07-23,49,succeeded
1067,113,102,2025-08-19,49,succeeded
1068,113,102,2025-09-23,49,succeeded
1069,114,103,2023-08-08,49,succeeded
1070,114,103,2023-09-06,49,succeeded
1071,114,103,2023-10-06,49,succeeded
1072,114,103,2023-11-06,49,succeeded
1073,114,103,2023-12-09,49,succeeded
1074,114,103,2024-01-06,49,succeeded
1075,114,103,2024-02-08,49,succeeded
1076,114,103,2024-03-05,49,succeeded
1077,114,103,2024-04-05,49,succeeded
1078,114,103,2024-05-07,49,succeeded
1079,114,103,2024-06-07,49,succeeded
1080,114,103,2024-07-05,49,succeeded
1081,114,103,2024-08-09,49,succeeded
1082,114,103,2024-09-05,49,succeeded
1083,114,103,2024-10-09,49,failed
1084,114,103,2024-10-13,49,succeeded
1085,114,103,2024-11-08,49,succeeded
1086,114,103,2024-12-08,49,succeeded
1087,114,103,2025-01-06,49,succeeded
1088,114,103,2025-02-05,49,succeeded
1089,114,103,2025-03-08,49,failed
1090,114,103,2025-03-11,49,succeeded
1091,114,103,2025-04-06,49,succeeded
1092,114,103,2025-05-08,49,succeeded
1093,114,103,2025-06-09,49,succeeded
1094,114,103,2025-07-06,49,succeeded
1095,114,103,2025-08-09,49,failed
1096,114,103,2025-08-13,49,succeeded
1097,114,103,2025-09-07,49,succeeded
1098,114,103,2025-10-09,49,succeeded
1099,114,103,2025-11-07,49,succeeded
1100,114,103,2025-12-07,49,succeeded
1101,114,103,2026-01-09,49,succeeded
1102,114,103,2026-02-07,49,succeeded
1103,114,103,2026-03-07,49,succeeded
1104,114,103,2026-04-08,49,succeeded
1105,115,104,2026-02-07,199,succeeded
1106,115,104,2026-03-08,199,succeeded
1107,115,104,2026-04-08,199,succeeded
1108,115,104,2026-05-04,199,succeeded
1109,115,104,2026-06-07,199,succeeded
1110,116,105,2026-05-20,199,succeeded
1111,116,105,2026-06-17,199,succeeded
1112,117,106,2026-05-18,199,succeeded
1113,117,106,2026-06-15,199,succeeded
1114,118,107,2025-12-22,199,succeeded
1115,118,107,2026-01-22,199,succeeded
1116,118,107,2026-02-23,199,succeeded
1117,118,107,2026-03-22,199,succeeded
1118,118,107,2026-04-20,199,succeeded
1119,118,107,2026-05-20,199,succeeded
1120,118,107,2026-06-22,199,succeeded
1121,119,108,2025-09-27,199,succeeded
1122,119,108,2025-10-27,199,succeeded
1123,120,108,2025-11-01,799,succeeded
1124,120,108,2025-12-02,799,succeeded
1125,120,108,2026-01-03,799,succeeded
1126,120,108,2026-02-01,799,succeeded
1127,120,108,2026-03-05,799,succeeded
1128,120,108,2026-04-03,799,succeeded
1129,120,108,2026-05-01,799,succeeded
1130,120,108,2026-06-03,799,succeeded
1131,121,109,2025-05-08,799,succeeded
1132,121,109,2025-06-06,799,succeeded
1133,122,109,2025-07-05,199,succeeded
1134,122,109,2025-08-04,199,succeeded
1135,122,109,2025-09-03,199,succeeded
1136,122,109,2025-10-04,199,succeeded
1137,122,109,2025-11-05,199,succeeded
1138,122,109,2025-12-03,199,succeeded
1139,122,109,2026-01-04,199,succeeded
1140,122,109,2026-02-02,199,succeeded
1141,123,110,2024-09-29,49,succeeded
1142,123,110,2024-10-30,49,succeeded
1143,123,110,2024-12-01,49,succeeded
1144,123,110,2024-12-28,49,succeeded
1145,123,110,2025-01-30,49,succeeded
1146,123,110,2025-03-01,49,succeeded
1147,124,110,2025-03-05,199,succeeded
1148,124,110,2025-04-04,199,succeeded
1149,125,110,2025-04-01,799,succeeded
1150,125,110,2025-05-05,799,succeeded
1151,125,110,2025-06-03,799,succeeded
1152,125,110,2025-07-05,799,succeeded
1153,125,110,2025-08-03,799,succeeded
1154,125,110,2025-09-02,799,succeeded
1155,125,110,2025-10-02,799,failed
1156,125,110,2025-10-05,799,succeeded
1157,125,110,2025-11-01,799,succeeded
1158,125,110,2025-12-01,799,succeeded
1159,125,110,2026-01-01,799,succeeded
1160,125,110,2026-02-03,799,succeeded
1161,125,110,2026-03-01,799,succeeded
1162,125,110,2026-04-05,799,succeeded
1163,125,110,2026-05-03,799,succeeded
1164,125,110,2026-06-03,799,succeeded
1165,126,111,2024-06-10,199,succeeded
1166,126,111,2024-07-11,199,succeeded
1167,126,111,2024-08-11,199,succeeded
1168,126,111,2024-09-08,199,succeeded
1169,126,111,2024-10-09,199,succeeded
1170,126,111,2024-11-12,199,succeeded
1171,126,111,2024-12-10,199,succeeded
1172,126,111,2025-01-08,199,succeeded
1173,126,111,2025-02-08,199,succeeded
1174,126,111,2025-03-09,199,succeeded
1175,126,111,2025-04-09,199,succeeded
1176,126,111,2025-05-12,199,succeeded
1177,126,111,2025-06-09,199,succeeded
1178,126,111,2025-07-10,199,succeeded
1179,126,111,2025-08-12,199,succeeded
1180,126,111,2025-09-08,199,succeeded
1181,126,111,2025-10-11,199,succeeded
1182,126,111,2025-11-08,199,succeeded
1183,126,111,2025-12-11,199,succeeded
1184,126,111,2026-01-10,199,succeeded
1185,126,111,2026-02-11,199,succeeded
1186,127,111,2026-03-01,49,succeeded
1187,127,111,2026-04-05,49,succeeded
1188,127,111,2026-05-02,49,succeeded
1189,127,111,2026-06-01,49,succeeded
1190,128,112,2025-09-12,49,succeeded
1191,128,112,2025-10-14,49,succeeded
1192,128,112,2025-11-15,49,succeeded
1193,128,112,2025-12-13,49,succeeded
1194,128,112,2026-01-14,49,succeeded
1195,128,112,2026-02-12,49,succeeded
1196,129,113,2026-03-13,49,failed
1197,129,113,2026-04-16,49,succeeded
1198,129,113,2026-05-15,49,succeeded
1199,129,113,2026-06-13,49,succeeded
1200,130,114,2025-02-11,49,succeeded
1201,130,114,2025-03-15,49,succeeded
1202,131,115,2026-01-15,199,succeeded
1203,131,115,2026-02-17,199,succeeded
1204,131,115,2026-03-13,199,succeeded
1205,131,115,2026-04-17,199,succeeded
1206,131,115,2026-05-16,199,succeeded
1207,131,115,2026-06-16,199,succeeded
1208,132,116,2023-11-26,199,succeeded
1209,132,116,2023-12-28,199,succeeded
1210,132,116,2024-01-26,199,succeeded
1211,132,116,2024-02-25,199,succeeded
1212,132,116,2024-03-26,199,failed
1213,132,116,2024-04-01,199,succeeded
1214,132,116,2024-04-25,199,succeeded
1215,132,116,2024-05-25,199,succeeded
1216,132,116,2024-06-26,199,succeeded
1217,132,116,2024-07-25,199,succeeded
1218,132,116,2024-08-27,199,succeeded
1219,132,116,2024-09-27,199,succeeded
1220,132,116,2024-10-29,199,succeeded
1221,132,116,2024-11-25,199,succeeded
1222,132,116,2024-12-26,199,succeeded
1223,132,116,2025-01-29,199,succeeded
1224,133,117,2026-06-28,799,succeeded
1225,134,118,2024-12-28,199,succeeded
1226,134,118,2025-01-28,199,succeeded
1227,134,118,2025-02-26,199,succeeded
1228,134,118,2025-03-27,199,succeeded
1229,134,118,2025-04-28,199,succeeded
1230,134,118,2025-05-27,199,succeeded
1231,134,118,2025-06-26,199,succeeded
1232,134,118,2025-07-26,199,succeeded
1233,134,118,2025-08-27,199,succeeded
1234,134,118,2025-09-27,199,succeeded
1235,134,118,2025-10-28,199,succeeded
1236,134,118,2025-11-25,199,succeeded
1237,134,118,2025-12-26,199,succeeded
1238,134,118,2026-01-28,199,succeeded
1239,134,118,2026-02-28,199,succeeded
1240,134,118,2026-03-26,199,succeeded
1241,134,118,2026-04-27,199,succeeded
1242,134,118,2026-05-28,199,succeeded
1243,134,118,2026-06-25,199,succeeded
1244,135,119,2026-05-11,199,succeeded
1245,136,120,2025-12-25,199,succeeded
1246,136,120,2026-01-25,199,succeeded
1247,136,120,2026-02-23,199,succeeded
1248,136,120,2026-03-25,199,succeeded
1249,136,120,2026-04-24,199,succeeded
1250,136,120,2026-05-22,199,succeeded
1251,136,120,2026-06-26,199,succeeded
1252,137,121,2023-09-22,199,succeeded
1253,137,121,2023-10-23,199,succeeded
1254,137,121,2023-11-23,199,succeeded
1255,137,121,2023-12-23,199,succeeded
1256,137,121,2024-01-20,199,succeeded
1257,137,121,2024-02-22,199,succeeded
1258,137,121,2024-03-23,199,succeeded
1259,137,121,2024-04-23,199,succeeded
1260,137,121,2024-05-20,199,succeeded
1261,137,121,2024-06-20,199,succeeded
1262,137,121,2024-07-21,199,succeeded
1263,137,121,2024-08-24,199,succeeded
1264,137,121,2024-09-24,199,succeeded
1265,137,121,2024-10-21,199,succeeded
1266,137,121,2024-11-21,199,succeeded
1267,137,121,2024-12-22,199,succeeded
1268,137,121,2025-01-24,199,succeeded
1269,137,121,2025-02-23,199,succeeded
1270,138,122,2024-05-04,49,succeeded
1271,138,122,2024-06-02,49,succeeded
1272,138,122,2024-07-01,49,succeeded
1273,138,122,2024-08-01,49,succeeded
1274,138,122,2024-09-04,49,succeeded
1275,138,122,2024-10-01,49,succeeded
1276,138,122,2024-11-03,49,succeeded
1277,138,122,2024-12-04,49,succeeded
1278,138,122,2025-01-05,49,succeeded
1279,138,122,2025-02-05,49,succeeded
1280,138,122,2025-03-01,49,succeeded
1281,138,122,2025-04-02,49,succeeded
1282,138,122,2025-05-02,49,succeeded
1283,138,122,2025-06-02,49,succeeded
1284,138,122,2025-07-03,49,succeeded
1285,138,122,2025-08-05,49,succeeded
1286,138,122,2025-09-02,49,succeeded
1287,138,122,2025-10-02,49,succeeded
1288,138,122,2025-11-04,49,succeeded
1289,138,122,2025-12-04,49,succeeded
1290,138,122,2026-01-01,49,succeeded
1291,138,122,2026-02-05,49,succeeded
1292,138,122,2026-03-03,49,succeeded
1293,138,122,2026-04-04,49,succeeded
1294,138,122,2026-05-02,49,succeeded
1295,138,122,2026-06-05,49,succeeded
1296,139,123,2026-04-06,199,succeeded
1297,139,123,2026-05-06,199,succeeded
1298,139,123,2026-06-04,199,succeeded
1299,140,124,2026-02-28,199,succeeded
1300,140,124,2026-03-29,199,succeeded
1301,140,124,2026-04-26,199,succeeded
1302,140,124,2026-05-25,199,succeeded
1303,140,124,2026-06-28,199,succeeded
1304,141,125,2025-09-10,799,succeeded
1305,141,125,2025-10-09,799,succeeded
1306,141,125,2025-11-09,799,succeeded
1307,141,125,2025-12-10,799,succeeded
1308,141,125,2026-01-09,799,succeeded
1309,141,125,2026-02-10,799,succeeded
1310,141,125,2026-03-09,799,succeeded
1311,141,125,2026-04-13,799,succeeded
1312,141,125,2026-05-13,799,succeeded
1313,141,125,2026-06-11,799,succeeded
1314,142,126,2026-06-12,199,failed
1315,142,126,2026-06-15,199,succeeded
1316,143,127,2024-09-26,199,succeeded
1317,143,127,2024-10-25,199,succeeded
1318,143,127,2024-11-25,199,succeeded
1319,143,127,2024-12-25,199,succeeded
1320,143,127,2025-01-27,199,succeeded
1321,143,127,2025-02-27,199,succeeded
1322,143,127,2025-03-25,199,succeeded
1323,143,127,2025-04-25,199,succeeded
1324,143,127,2025-05-25,199,succeeded
1325,143,127,2025-06-26,199,succeeded
1326,143,127,2025-07-28,199,succeeded
1327,143,127,2025-08-28,199,succeeded
1328,143,127,2025-09-25,199,succeeded
1329,143,127,2025-10-25,199,succeeded
1330,143,127,2025-11-27,199,failed
1331,143,127,2025-11-30,199,succeeded
1332,144,128,2026-06-05,199,succeeded
1333,147,131,2025-06-07,49,succeeded
1334,147,131,2025-07-05,49,succeeded
1335,147,131,2025-08-06,49,failed
1336,147,131,2025-08-12,49,succeeded
1337,147,131,2025-09-08,49,succeeded
1338,147,131,2025-10-05,49,succeeded
1339,147,131,2025-11-07,49,succeeded
1340,147,131,2025-12-05,49,succeeded
1341,147,131,2026-01-05,49,succeeded
1342,147,131,2026-02-07,49,succeeded
1343,147,131,2026-03-04,49,succeeded
1344,148,132,2026-02-17,799,succeeded
1345,148,132,2026-03-15,799,succeeded
1346,148,132,2026-04-14,799,failed
1347,148,132,2026-04-19,799,succeeded
1348,148,132,2026-05-13,799,succeeded
1349,148,132,2026-06-15,799,succeeded
1350,149,133,2025-03-23,199,succeeded
1351,149,133,2025-04-22,199,succeeded
1352,149,133,2025-05-25,199,succeeded
1353,149,133,2025-06-23,199,failed
1354,149,133,2025-06-26,199,succeeded
1355,149,133,2025-07-25,199,succeeded
1356,149,133,2025-08-23,199,succeeded
1357,149,133,2025-09-23,199,succeeded
1358,149,133,2025-10-25,199,succeeded
1359,149,133,2025-11-24,199,succeeded
1360,149,133,2025-12-21,199,succeeded
1361,149,133,2026-01-21,199,succeeded
1362,149,133,2026-02-21,199,succeeded
1363,149,133,2026-03-21,199,succeeded
1364,149,133,2026-04-22,199,succeeded
1365,149,133,2026-05-25,199,succeeded
1366,149,133,2026-06-21,199,succeeded
1367,150,134,2023-08-21,199,failed
1368,150,134,2023-08-24,199,succeeded
1369,150,134,2023-09-23,199,succeeded
1370,150,134,2023-10-24,199,succeeded
1371,150,134,2023-11-23,199,succeeded
1372,150,134,2023-12-22,199,succeeded
1373,150,134,2024-01-22,199,succeeded
1374,150,134,2024-02-24,199,succeeded
1375,150,134,2024-03-23,199,succeeded
1376,150,134,2024-04-24,199,succeeded
1377,150,134,2024-05-20,199,succeeded
1378,150,134,2024-06-23,199,succeeded
1379,150,134,2024-07-21,199,succeeded
1380,150,134,2024-08-23,199,succeeded
1381,150,134,2024-09-21,199,succeeded
1382,150,134,2024-10-22,199,succeeded
1383,150,134,2024-11-20,199,succeeded
1384,151,135,2025-12-14,199,succeeded
1385,151,135,2026-01-15,199,succeeded
1386,151,135,2026-02-16,199,succeeded
1387,151,135,2026-03-13,199,succeeded
1388,151,135,2026-04-12,199,succeeded
1389,151,135,2026-05-14,199,succeeded
1390,151,135,2026-06-16,199,succeeded
1391,152,136,2024-11-13,49,succeeded
1392,152,136,2024-12-11,49,succeeded
1393,153,137,2024-10-13,49,failed
1394,153,137,2024-10-15,49,succeeded
1395,154,138,2025-08-07,199,succeeded
1396,154,138,2025-09-08,199,succeeded
1397,154,138,2025-10-07,199,succeeded
1398,154,138,2025-11-08,199,succeeded
1399,154,138,2025-12-09,199,succeeded
1400,154,138,2026-01-10,199,succeeded
1401,154,138,2026-02-08,199,succeeded
1402,154,138,2026-03-06,199,succeeded
1403,154,138,2026-04-10,199,succeeded
1404,154,138,2026-05-06,199,succeeded
1405,154,138,2026-06-10,199,succeeded
1406,155,139,2025-03-21,199,succeeded
1407,155,139,2025-04-22,199,succeeded
1408,155,139,2025-05-21,199,succeeded
1409,155,139,2025-06-19,199,succeeded
1410,155,139,2025-07-18,199,succeeded
1411,155,139,2025-08-22,199,succeeded
1412,155,139,2025-09-22,199,succeeded
1413,155,139,2025-10-20,199,succeeded
1414,156,140,2024-01-09,199,failed
1415,156,140,2024-01-13,199,succeeded
1416,156,140,2024-02-12,199,succeeded
1417,156,140,2024-03-13,199,succeeded
1418,156,140,2024-04-11,199,succeeded
1419,156,140,2024-05-10,199,succeeded
1420,156,140,2024-06-11,199,succeeded
1421,156,140,2024-07-13,199,succeeded
1422,156,140,2024-08-11,199,succeeded
1423,156,140,2024-09-12,199,succeeded
1424,156,140,2024-10-10,199,succeeded
1425,156,140,2024-11-09,199,failed
1426,156,140,2024-11-15,199,succeeded
1427,156,140,2024-12-11,199,succeeded
1428,156,140,2025-01-11,199,failed
1429,156,140,2025-01-16,199,succeeded
1430,156,140,2025-02-11,199,succeeded
1431,156,140,2025-03-13,199,succeeded
1432,156,140,2025-04-11,199,succeeded
1433,156,140,2025-05-10,199,succeeded
1434,156,140,2025-06-13,199,succeeded
1435,156,140,2025-07-09,199,succeeded
1436,156,140,2025-08-12,199,succeeded
1437,156,140,2025-09-11,199,succeeded
1438,156,140,2025-10-11,199,succeeded
1439,156,140,2025-11-09,199,succeeded
1440,156,140,2025-12-10,199,failed
1441,156,140,2025-12-13,199,succeeded
1442,156,140,2026-01-13,199,succeeded
1443,156,140,2026-02-12,199,succeeded
1444,156,140,2026-03-13,199,succeeded
1445,156,140,2026-04-10,199,succeeded
1446,156,140,2026-05-13,199,succeeded
1447,156,140,2026-06-10,199,succeeded
1448,157,141,2024-06-17,199,succeeded
1449,157,141,2024-07-18,199,succeeded
1450,157,141,2024-08-15,199,succeeded
1451,157,141,2024-09-18,199,succeeded
1452,157,141,2024-10-19,199,succeeded
1453,158,142,2025-11-15,49,succeeded
1454,158,142,2025-12-13,49,succeeded
1455,159,143,2024-08-15,199,succeeded
1456,159,143,2024-09-15,199,succeeded
1457,159,143,2024-10-12,199,succeeded
1458,159,143,2024-11-14,199,succeeded
1459,159,143,2024-12-12,199,succeeded
1460,159,143,2025-01-14,199,succeeded
1461,159,143,2025-02-14,199,succeeded
1462,159,143,2025-03-12,199,succeeded
1463,159,143,2025-04-12,199,succeeded
1464,159,143,2025-05-16,199,succeeded
1465,159,143,2025-06-13,199,succeeded
1466,159,143,2025-07-16,199,succeeded
1467,159,143,2025-08-12,199,succeeded
1468,159,143,2025-09-16,199,succeeded
1469,159,143,2025-10-15,199,succeeded
1470,159,143,2025-11-13,199,succeeded
1471,159,143,2025-12-12,199,succeeded
1472,159,143,2026-01-16,199,succeeded
1473,159,143,2026-02-14,199,succeeded
1474,159,143,2026-03-14,199,succeeded
1475,159,143,2026-04-15,199,succeeded
1476,159,143,2026-05-16,199,succeeded
1477,159,143,2026-06-12,199,succeeded
1478,160,144,2024-10-10,799,succeeded
1479,160,144,2024-11-10,799,succeeded
1480,160,144,2024-12-11,799,succeeded
1481,160,144,2025-01-13,799,succeeded
1482,160,144,2025-02-10,799,succeeded
1483,160,144,2025-03-13,799,succeeded
1484,160,144,2025-04-10,799,succeeded
1485,160,144,2025-05-10,799,succeeded
1486,160,144,2025-06-10,799,failed
1487,160,144,2025-06-12,799,succeeded
1488,160,144,2025-07-11,799,succeeded
1489,160,144,2025-08-11,799,succeeded
1490,160,144,2025-09-12,799,succeeded
1491,160,144,2025-10-09,799,succeeded
1492,160,144,2025-11-12,799,succeeded
1493,160,144,2025-12-10,799,succeeded
1494,160,144,2026-01-11,799,succeeded
1495,160,144,2026-02-10,799,succeeded
1496,160,144,2026-03-09,799,succeeded
1497,160,144,2026-04-12,799,succeeded
1498,160,144,2026-05-09,799,succeeded
1499,160,144,2026-06-13,799,succeeded
1500,163,147,2026-01-09,49,succeeded
1501,163,147,2026-02-08,49,succeeded
1502,163,147,2026-03-11,49,succeeded
1503,163,147,2026-04-09,49,succeeded
1504,163,147,2026-05-12,49,succeeded
1505,163,147,2026-06-12,49,succeeded
1506,164,148,2024-04-20,199,succeeded
1507,164,148,2024-05-18,199,succeeded
1508,164,148,2024-06-20,199,succeeded
1509,164,148,2024-07-18,199,succeeded
1510,164,148,2024-08-18,199,succeeded
1511,164,148,2024-09-19,199,succeeded
1512,164,148,2024-10-20,199,succeeded
1513,164,148,2024-11-19,199,succeeded
1514,164,148,2024-12-17,199,succeeded
1515,164,148,2025-01-19,199,succeeded
1516,164,148,2025-02-16,199,succeeded
1517,164,148,2025-03-19,199,succeeded
1518,164,148,2025-04-20,199,failed
1519,164,148,2025-04-26,199,succeeded
1520,164,148,2025-05-18,199,succeeded
1521,164,148,2025-06-20,199,succeeded
1522,164,148,2025-07-17,199,succeeded
1523,164,148,2025-08-18,199,succeeded
1524,164,148,2025-09-20,199,succeeded
1525,164,148,2025-10-19,199,succeeded
1526,164,148,2025-11-18,199,succeeded
1527,164,148,2025-12-20,199,succeeded
1528,165,149,2023-12-11,799,succeeded
1529,165,149,2024-01-11,799,succeeded
1530,165,149,2024-02-15,799,succeeded
1531,165,149,2024-03-11,799,succeeded
1532,165,149,2024-04-11,799,succeeded
1533,165,149,2024-05-14,799,succeeded
1534,165,149,2024-06-11,799,succeeded
1535,165,149,2024-07-12,799,succeeded
1536,165,149,2024-08-11,799,succeeded
1537,165,149,2024-09-15,799,succeeded
1538,165,149,2024-10-15,799,succeeded
1539,165,149,2024-11-14,799,failed
1540,165,149,2024-11-20,799,succeeded
1541,165,149,2024-12-13,799,succeeded
1542,165,149,2025-01-11,799,succeeded
1543,165,149,2025-02-12,799,succeeded
1544,165,149,2025-03-14,799,succeeded
1545,165,149,2025-04-15,799,succeeded
1546,165,149,2025-05-12,799,succeeded
1547,165,149,2025-06-15,799,succeeded
1548,165,149,2025-07-13,799,succeeded
1549,165,149,2025-08-12,799,succeeded
1550,165,149,2025-09-14,799,succeeded
1551,165,149,2025-10-13,799,succeeded
1552,165,149,2025-11-11,799,succeeded
1553,165,149,2025-12-14,799,succeeded
1554,165,149,2026-01-11,799,succeeded
1555,165,149,2026-02-14,799,succeeded
1556,165,149,2026-03-15,799,succeeded
1557,165,149,2026-04-11,799,succeeded
1558,165,149,2026-05-13,799,succeeded
1559,165,149,2026-06-11,799,succeeded
1560,166,150,2023-12-04,49,succeeded
1561,166,150,2024-01-07,49,succeeded
1562,166,150,2024-02-04,49,succeeded
1563,166,150,2024-03-04,49,succeeded
1564,166,150,2024-04-06,49,succeeded
1565,166,150,2024-05-08,49,succeeded
1566,166,150,2024-06-04,49,succeeded
1567,166,150,2024-07-07,49,succeeded
1568,166,150,2024-08-07,49,succeeded
1569,166,150,2024-09-05,49,succeeded
1570,166,150,2024-10-06,49,succeeded
1571,166,150,2024-11-07,49,succeeded
1572,166,150,2024-12-06,49,succeeded
1573,166,150,2025-01-07,49,succeeded
1574,166,150,2025-02-08,49,succeeded
1575,166,150,2025-03-04,49,succeeded
1576,166,150,2025-04-08,49,succeeded
1577,166,150,2025-05-04,49,succeeded
1578,166,150,2025-06-06,49,succeeded
1579,166,150,2025-07-04,49,succeeded
1580,166,150,2025-08-04,49,succeeded
1581,166,150,2025-09-08,49,succeeded
1582,166,150,2025-10-07,49,succeeded
1583,166,150,2025-11-08,49,succeeded
1584,166,150,2025-12-04,49,succeeded
1585,166,150,2026-01-04,49,succeeded
1586,166,150,2026-02-05,49,succeeded
1587,166,150,2026-03-05,49,succeeded
1588,166,150,2026-04-06,49,succeeded
1589,166,150,2026-05-04,49,succeeded
1590,166,150,2026-06-05,49,succeeded
1591,167,151,2025-10-26,199,succeeded
1592,167,151,2025-11-27,199,failed
1593,167,151,2025-12-23,199,succeeded
1594,167,151,2026-01-23,199,succeeded
1595,167,151,2026-02-27,199,succeeded
1596,167,151,2026-03-25,199,succeeded
1597,167,151,2026-04-25,199,succeeded
1598,167,151,2026-05-25,199,succeeded
1599,167,151,2026-06-26,199,succeeded
1600,168,152,2026-05-20,199,succeeded
1601,168,152,2026-06-22,199,succeeded
1602,169,153,2025-06-28,49,succeeded
1603,169,153,2025-07-28,49,succeeded
1604,169,153,2025-08-28,49,succeeded
1605,169,153,2025-09-28,49,succeeded
1606,169,153,2025-10-31,49,failed
1607,169,153,2025-11-04,49,succeeded
1608,169,153,2025-11-29,49,succeeded
1609,169,153,2025-12-28,49,succeeded
1610,169,153,2026-01-29,49,succeeded
1611,169,153,2026-02-27,49,succeeded
1612,169,153,2026-03-31,49,succeeded
1613,170,154,2025-07-27,49,succeeded
1614,170,154,2025-08-25,49,failed
1615,170,154,2025-08-29,49,succeeded
1616,170,154,2025-09-23,49,succeeded
1617,170,154,2025-10-24,49,succeeded
1618,170,154,2025-11-27,49,succeeded
1619,170,154,2025-12-25,49,succeeded
1620,170,154,2026-01-23,49,succeeded
1621,170,154,2026-02-26,49,succeeded
1622,170,154,2026-03-23,49,succeeded
1623,172,156,2026-06-05,799,succeeded
1624,173,157,2025-11-14,49,succeeded
1625,173,157,2025-12-12,49,succeeded
1626,173,157,2026-01-15,49,succeeded
1627,173,157,2026-02-11,49,succeeded
1628,173,157,2026-03-14,49,succeeded
1629,173,157,2026-04-13,49,succeeded
1630,173,157,2026-05-12,49,succeeded
1631,173,157,2026-06-13,49,succeeded
1632,174,158,2024-12-06,799,succeeded
1633,174,158,2025-01-05,799,succeeded
1634,174,158,2025-02-07,799,succeeded
1635,174,158,2025-03-05,799,succeeded
1636,174,158,2025-04-05,799,succeeded
1637,174,158,2025-05-08,799,succeeded
1638,174,158,2025-06-05,799,succeeded
1639,174,158,2025-07-06,799,succeeded
1640,174,158,2025-08-04,799,succeeded
1641,174,158,2025-09-04,799,succeeded
1642,174,158,2025-10-04,799,succeeded
1643,174,158,2025-11-07,799,succeeded
1644,174,158,2025-12-08,799,succeeded
1645,174,158,2026-01-07,799,succeeded
1646,174,158,2026-02-08,799,succeeded
1647,174,158,2026-03-04,799,succeeded
1648,174,158,2026-04-04,799,succeeded
1649,174,158,2026-05-06,799,succeeded
1650,174,158,2026-06-06,799,succeeded
1651,175,159,2025-10-22,49,succeeded
1652,175,159,2025-11-22,49,succeeded
1653,175,159,2025-12-23,49,succeeded
1654,175,159,2026-01-23,49,succeeded
1655,175,159,2026-02-26,49,failed
1656,175,159,2026-03-03,49,succeeded
1657,175,159,2026-03-22,49,succeeded
1658,175,159,2026-04-25,49,succeeded
1659,175,159,2026-05-25,49,succeeded
1660,175,159,2026-06-22,49,succeeded
1661,176,160,2023-10-07,799,succeeded
1662,176,160,2023-11-03,799,succeeded
1663,176,160,2023-12-03,799,succeeded
1664,176,160,2024-01-05,799,succeeded
1665,176,160,2024-02-05,799,succeeded
1666,176,160,2024-03-07,799,succeeded
1667,176,160,2024-04-06,799,succeeded
1668,176,160,2024-05-06,799,succeeded
1669,176,160,2024-06-06,799,succeeded
1670,176,160,2024-07-07,799,succeeded
1671,176,160,2024-08-06,799,succeeded
1672,176,160,2024-09-06,799,succeeded
1673,176,160,2024-10-03,799,succeeded
1674,176,160,2024-11-06,799,succeeded
1675,176,160,2024-12-05,799,succeeded
1676,176,160,2025-01-04,799,succeeded
1677,176,160,2025-02-04,799,succeeded
1678,176,160,2025-03-05,799,succeeded
1679,176,160,2025-04-05,799,succeeded
1680,176,160,2025-05-05,799,succeeded
1681,176,160,2025-06-05,799,succeeded
1682,176,160,2025-07-04,799,succeeded
1683,176,160,2025-08-05,799,succeeded
1684,176,160,2025-09-07,799,succeeded
1685,176,160,2025-10-04,799,succeeded
1686,176,160,2025-11-04,799,succeeded
1687,176,160,2025-12-05,799,succeeded
1688,176,160,2026-01-06,799,succeeded
1689,176,160,2026-02-06,799,succeeded
1690,176,160,2026-03-06,799,succeeded
1691,177,160,2026-04-04,199,succeeded
1692,177,160,2026-05-04,199,succeeded
1693,177,160,2026-06-01,199,succeeded
1694,178,161,2025-07-24,199,succeeded
1695,178,161,2025-08-21,199,succeeded
1696,178,161,2025-09-23,199,succeeded
1697,178,161,2025-10-21,199,succeeded
1698,178,161,2025-11-24,199,succeeded
1699,178,161,2025-12-20,199,succeeded
1700,178,161,2026-01-22,199,succeeded
1701,178,161,2026-02-22,199,succeeded
1702,178,161,2026-03-23,199,succeeded
1703,178,161,2026-04-22,199,succeeded
1704,178,161,2026-05-22,199,succeeded
1705,178,161,2026-06-21,199,succeeded
1706,179,162,2025-12-17,199,succeeded
1707,179,162,2026-01-16,199,succeeded
1708,179,162,2026-02-18,199,succeeded
1709,179,162,2026-03-19,199,succeeded
1710,179,162,2026-04-17,199,succeeded
1711,179,162,2026-05-15,199,succeeded
1712,179,162,2026-06-17,199,succeeded
1713,180,163,2024-08-24,49,succeeded
1714,180,163,2024-09-21,49,succeeded
1715,180,163,2024-10-21,49,succeeded
1716,180,163,2024-11-24,49,succeeded
1717,180,163,2024-12-23,49,succeeded
1718,180,163,2025-01-21,49,succeeded
1719,180,163,2025-02-20,49,succeeded
1720,180,163,2025-03-23,49,succeeded
1721,180,163,2025-04-23,49,succeeded
1722,180,163,2025-05-23,49,succeeded
1723,180,163,2025-06-20,49,succeeded
1724,180,163,2025-07-21,49,succeeded
1725,181,164,2025-11-09,49,succeeded
1726,181,164,2025-12-09,49,succeeded
1727,181,164,2026-01-08,49,succeeded
1728,181,164,2026-02-11,49,succeeded
1729,181,164,2026-03-07,49,succeeded
1730,181,164,2026-04-09,49,succeeded
1731,181,164,2026-05-09,49,succeeded
1732,181,164,2026-06-10,49,succeeded
1733,183,166,2025-09-22,49,succeeded
1734,183,166,2025-10-22,49,succeeded
1735,183,166,2025-11-23,49,succeeded
1736,183,166,2025-12-24,49,succeeded
1737,183,166,2026-01-20,49,succeeded
1738,183,166,2026-02-24,49,succeeded
1739,183,166,2026-03-20,49,succeeded
1740,183,166,2026-04-21,49,succeeded
1741,184,167,2025-07-25,199,succeeded
1742,184,167,2025-08-27,199,succeeded
1743,185,168,2025-10-28,199,succeeded
1744,185,168,2025-11-30,199,succeeded
1745,185,168,2025-12-26,199,succeeded
1746,185,168,2026-01-28,199,succeeded
1747,185,168,2026-03-01,199,succeeded
1748,185,168,2026-03-26,199,succeeded
1749,186,169,2024-10-18,49,succeeded
1750,186,169,2024-11-17,49,succeeded
1751,186,169,2024-12-17,49,succeeded
1752,186,169,2025-01-16,49,succeeded
1753,186,169,2025-02-15,49,succeeded
1754,186,169,2025-03-15,49,succeeded
1755,186,169,2025-04-16,49,succeeded
1756,186,169,2025-05-18,49,succeeded
1757,186,169,2025-06-14,49,succeeded
1758,186,169,2025-07-15,49,failed
1759,186,169,2025-07-18,49,succeeded
1760,186,169,2025-08-18,49,succeeded
1761,186,169,2025-09-16,49,succeeded
1762,186,169,2025-10-14,49,succeeded
1763,186,169,2025-11-16,49,succeeded
1764,186,169,2025-12-14,49,succeeded
1765,186,169,2026-01-15,49,succeeded
1766,186,169,2026-02-16,49,succeeded
1767,186,169,2026-03-18,49,failed
1768,186,169,2026-03-23,49,succeeded
1769,186,169,2026-04-14,49,succeeded
1770,186,169,2026-05-14,49,succeeded
1771,186,169,2026-06-18,49,succeeded
1772,187,170,2024-03-31,49,succeeded
1773,187,170,2024-04-27,49,succeeded
1774,187,170,2024-05-30,49,succeeded
1775,187,170,2024-06-28,49,succeeded
1776,187,170,2024-07-27,49,succeeded
1777,187,170,2024-08-27,49,succeeded
1778,187,170,2024-10-01,49,succeeded
1779,187,170,2024-10-29,49,succeeded
1780,187,170,2024-11-30,49,succeeded
1781,187,170,2024-12-31,49,succeeded
1782,187,170,2025-01-29,49,succeeded
1783,187,170,2025-03-01,49,succeeded
1784,187,170,2025-03-29,49,succeeded
1785,187,170,2025-04-30,49,succeeded
1786,187,170,2025-05-28,49,succeeded
1787,187,170,2025-07-01,49,succeeded
1788,187,170,2025-07-28,49,succeeded
1789,187,170,2025-08-30,49,succeeded
1790,187,170,2025-09-27,49,succeeded
1791,187,170,2025-10-31,49,succeeded
1792,187,170,2025-11-27,49,succeeded
1793,187,170,2025-12-28,49,succeeded
1794,188,171,2024-10-24,799,succeeded
1795,188,171,2024-11-26,799,succeeded
1796,188,171,2024-12-25,799,succeeded
1797,188,171,2025-01-27,799,succeeded
1798,188,171,2025-02-26,799,succeeded
1799,188,171,2025-03-27,799,succeeded
1800,188,171,2025-04-27,799,succeeded
1801,188,171,2025-05-24,799,succeeded
1802,188,171,2025-06-28,799,succeeded
1803,188,171,2025-07-28,799,succeeded
1804,188,171,2025-08-28,799,succeeded
1805,188,171,2025-09-24,799,succeeded
1806,188,171,2025-10-26,799,succeeded
1807,188,171,2025-11-26,799,succeeded
1808,188,171,2025-12-28,799,succeeded
1809,188,171,2026-01-24,799,succeeded
1810,188,171,2026-02-28,799,succeeded
1811,188,171,2026-03-27,799,succeeded
1812,188,171,2026-04-27,799,succeeded
1813,188,171,2026-05-24,799,succeeded
1814,188,171,2026-06-28,799,succeeded
1815,189,172,2025-09-23,49,succeeded
1816,189,172,2025-10-26,49,succeeded
1817,189,172,2025-11-25,49,succeeded
1818,189,172,2025-12-25,49,succeeded
1819,189,172,2026-01-26,49,succeeded
1820,189,172,2026-02-25,49,succeeded
1821,189,172,2026-03-23,49,succeeded
1822,189,172,2026-04-25,49,succeeded
1823,189,172,2026-05-26,49,succeeded
1824,189,172,2026-06-25,49,succeeded
1825,190,173,2024-11-20,49,succeeded
1826,190,173,2024-12-17,49,succeeded
1827,190,173,2025-01-17,49,succeeded
1828,190,173,2025-02-17,49,succeeded
1829,190,173,2025-03-17,49,succeeded
1830,190,173,2025-04-18,49,succeeded
1831,190,173,2025-05-18,49,succeeded
1832,190,173,2025-06-20,49,succeeded
1833,190,173,2025-07-18,49,succeeded
1834,190,173,2025-08-19,49,succeeded
1835,190,173,2025-09-19,49,succeeded
1836,190,173,2025-10-17,49,succeeded
1837,190,173,2025-11-16,49,succeeded
1838,190,173,2025-12-20,49,succeeded
1839,190,173,2026-01-17,49,failed
1840,190,173,2026-01-22,49,succeeded
1841,190,173,2026-02-18,49,succeeded
1842,190,173,2026-03-17,49,succeeded
1843,190,173,2026-04-18,49,succeeded
1844,190,173,2026-05-16,49,succeeded
1845,190,173,2026-06-20,49,succeeded
1846,191,174,2025-01-14,799,succeeded
1847,191,174,2025-02-15,799,succeeded
1848,191,174,2025-03-13,799,succeeded
1849,191,174,2025-04-11,799,succeeded
1850,191,174,2025-05-11,799,succeeded
1851,191,174,2025-06-11,799,succeeded
1852,191,174,2025-07-11,799,succeeded
1853,191,174,2025-08-11,799,succeeded
1854,191,174,2025-09-11,799,succeeded
1855,191,174,2025-10-15,799,succeeded
1856,191,174,2025-11-12,799,failed
1857,191,174,2025-11-18,799,succeeded
1858,191,174,2025-12-11,799,succeeded
1859,192,174,2026-01-01,199,succeeded
1860,192,174,2026-02-05,199,succeeded
1861,193,175,2024-08-29,199,succeeded
1862,193,175,2024-09-29,199,succeeded
1863,193,175,2024-10-31,199,succeeded
1864,193,175,2024-11-27,199,succeeded
1865,193,175,2024-12-27,199,succeeded
1866,193,175,2025-01-27,199,succeeded
1867,193,175,2025-02-27,199,succeeded
1868,193,175,2025-03-31,199,succeeded
1869,193,175,2025-04-30,199,failed
1870,193,175,2025-05-27,199,succeeded
1871,193,175,2025-07-01,199,succeeded
1872,193,175,2025-07-27,199,succeeded
1873,193,175,2025-08-28,199,succeeded
1874,194,176,2024-03-22,199,succeeded
1875,194,176,2024-04-23,199,succeeded
1876,195,176,2024-05-02,49,succeeded
1877,195,176,2024-06-02,49,succeeded
1878,196,177,2025-02-17,199,succeeded
1879,196,177,2025-03-16,199,succeeded
1880,196,177,2025-04-20,199,succeeded
1881,196,177,2025-05-17,199,succeeded
1882,196,177,2025-06-20,199,succeeded
1883,196,177,2025-07-18,199,succeeded
1884,196,177,2025-08-18,199,succeeded
1885,196,177,2025-09-20,199,succeeded
1886,196,177,2025-10-18,199,succeeded
1887,196,177,2025-11-18,199,succeeded
1888,196,177,2025-12-18,199,succeeded
1889,196,177,2026-01-18,199,succeeded
1890,196,177,2026-02-18,199,succeeded
1891,196,177,2026-03-20,199,succeeded
1892,196,177,2026-04-16,199,succeeded
1893,196,177,2026-05-18,199,succeeded
1894,196,177,2026-06-19,199,succeeded
1895,197,178,2026-02-17,49,succeeded
1896,197,178,2026-03-17,49,succeeded
1897,197,178,2026-04-16,49,succeeded
1898,197,178,2026-05-14,49,succeeded
1899,197,178,2026-06-18,49,succeeded
1900,198,179,2025-01-18,49,succeeded
1901,199,180,2023-10-14,799,succeeded
1902,199,180,2023-11-17,799,succeeded
1903,199,180,2023-12-17,799,succeeded
1904,199,180,2024-01-16,799,succeeded
1905,199,180,2024-02-15,799,succeeded
1906,199,180,2024-03-15,799,failed
1907,199,180,2024-03-19,799,succeeded
1908,199,180,2024-04-17,799,succeeded
1909,199,180,2024-05-14,799,succeeded
1910,199,180,2024-06-18,799,succeeded
1911,199,180,2024-07-16,799,succeeded
1912,199,180,2024-08-17,799,succeeded
1913,199,180,2024-09-15,799,succeeded
1914,199,180,2024-10-17,799,succeeded
1915,199,180,2024-11-18,799,succeeded
1916,199,180,2024-12-15,799,succeeded
1917,199,180,2025-01-14,799,succeeded
1918,199,180,2025-02-16,799,succeeded
1919,199,180,2025-03-18,799,succeeded
1920,199,180,2025-04-15,799,succeeded
1921,199,180,2025-05-16,799,succeeded
1922,199,180,2025-06-18,799,succeeded
1923,199,180,2025-07-18,799,succeeded
1924,199,180,2025-08-14,799,succeeded
1925,199,180,2025-09-16,799,succeeded
1926,199,180,2025-10-15,799,succeeded
1927,199,180,2025-11-14,799,succeeded
1928,199,180,2025-12-16,799,succeeded
1929,199,180,2026-01-18,799,succeeded
1930,199,180,2026-02-16,799,failed
1931,199,180,2026-03-18,799,succeeded
1932,199,180,2026-04-16,799,succeeded
1933,199,180,2026-05-14,799,succeeded
1934,199,180,2026-06-17,799,succeeded
1935,200,181,2026-06-26,799,succeeded
1936,201,182,2025-11-06,199,succeeded
1937,201,182,2025-12-07,199,succeeded
1938,201,182,2026-01-08,199,succeeded
1939,201,182,2026-02-07,199,succeeded
1940,201,182,2026-03-07,199,succeeded
1941,201,182,2026-04-08,199,succeeded
1942,201,182,2026-05-06,199,succeeded
1943,201,182,2026-06-05,199,succeeded
1944,202,183,2026-01-22,799,succeeded
1945,202,183,2026-02-26,799,succeeded
1946,202,183,2026-03-23,799,succeeded
1947,202,183,2026-04-24,799,succeeded
1948,202,183,2026-05-24,799,succeeded
1949,202,183,2026-06-22,799,succeeded
1950,203,184,2025-07-12,49,succeeded
1951,203,184,2025-08-14,49,succeeded
1952,203,184,2025-09-14,49,succeeded
1953,203,184,2025-10-14,49,succeeded
1954,203,184,2025-11-16,49,succeeded
1955,203,184,2025-12-14,49,succeeded
1956,203,184,2026-01-14,49,succeeded
1957,203,184,2026-02-16,49,succeeded
1958,204,185,2024-10-08,49,succeeded
1959,204,185,2024-11-07,49,succeeded
1960,204,185,2024-12-09,49,succeeded
1961,204,185,2025-01-07,49,succeeded
1962,204,185,2025-02-07,49,succeeded
1963,204,185,2025-03-08,49,succeeded
1964,204,185,2025-04-11,49,succeeded
1965,204,185,2025-05-08,49,succeeded
1966,204,185,2025-06-08,49,succeeded
1967,204,185,2025-07-11,49,succeeded
1968,204,185,2025-08-10,49,failed
1969,204,185,2025-09-10,49,succeeded
1970,204,185,2025-10-10,49,succeeded
1971,204,185,2025-11-10,49,succeeded
1972,204,185,2025-12-11,49,succeeded
1973,204,185,2026-01-10,49,succeeded
1974,204,185,2026-02-09,49,succeeded
1975,204,185,2026-03-07,49,succeeded
1976,204,185,2026-04-08,49,succeeded
1977,205,186,2025-08-19,49,succeeded
1978,205,186,2025-09-19,49,succeeded
1979,205,186,2025-10-17,49,succeeded
1980,205,186,2025-11-16,49,succeeded
1981,205,186,2025-12-19,49,succeeded
1982,205,186,2026-01-18,49,succeeded
1983,205,186,2026-02-19,49,succeeded
1984,206,187,2025-01-23,199,succeeded
1985,206,187,2025-02-26,199,succeeded
1986,206,187,2025-03-26,199,succeeded
1987,206,187,2025-04-23,199,succeeded
1988,206,187,2025-05-26,199,succeeded
1989,206,187,2025-06-26,199,failed
1990,206,187,2025-06-29,199,succeeded
1991,207,188,2025-03-12,799,succeeded
1992,207,188,2025-04-09,799,failed
1993,207,188,2025-04-11,799,succeeded
1994,207,188,2025-05-10,799,succeeded
1995,207,188,2025-06-10,799,succeeded
1996,207,188,2025-07-12,799,succeeded
1997,207,188,2025-08-08,799,succeeded
1998,207,188,2025-09-11,799,succeeded
1999,207,188,2025-10-11,799,succeeded
2000,207,188,2025-11-09,799,succeeded
2001,207,188,2025-12-09,799,succeeded
2002,207,188,2026-01-12,799,succeeded
2003,207,188,2026-02-11,799,succeeded
2004,207,188,2026-03-11,799,succeeded
2005,207,188,2026-04-12,799,succeeded
2006,207,188,2026-05-09,799,succeeded
2007,207,188,2026-06-11,799,succeeded
2008,208,189,2023-12-25,199,succeeded
2009,208,189,2024-01-23,199,succeeded
2010,208,189,2024-02-24,199,succeeded
2011,208,189,2024-03-23,199,failed
2012,208,189,2024-03-25,199,succeeded
2013,208,189,2024-04-21,199,succeeded
2014,208,189,2024-05-23,199,succeeded
2015,208,189,2024-06-24,199,succeeded
2016,208,189,2024-07-23,199,succeeded
2017,208,189,2024-08-21,199,succeeded
2018,208,189,2024-09-24,199,succeeded
2019,208,189,2024-10-22,199,succeeded
2020,208,189,2024-11-22,199,succeeded
2021,208,189,2024-12-23,199,succeeded
2022,208,189,2025-01-21,199,succeeded
2023,208,189,2025-02-25,199,succeeded
2024,208,189,2025-03-25,199,succeeded
2025,208,189,2025-04-21,199,succeeded
2026,208,189,2025-05-22,199,succeeded
2027,208,189,2025-06-21,199,succeeded
2028,209,190,2025-08-26,199,succeeded
2029,209,190,2025-09-26,199,succeeded
2030,209,190,2025-10-26,199,succeeded
2031,209,190,2025-11-25,199,succeeded
2032,209,190,2025-12-25,199,succeeded
2033,209,190,2026-01-24,199,succeeded
2034,209,190,2026-02-23,199,succeeded
2035,209,190,2026-03-24,199,succeeded
2036,209,190,2026-04-23,199,succeeded
2037,210,190,2026-05-02,49,succeeded
2038,210,190,2026-06-02,49,succeeded
2039,211,191,2024-02-15,799,succeeded
2040,211,191,2024-03-18,799,succeeded
2041,211,191,2024-04-15,799,succeeded
2042,211,191,2024-05-17,799,succeeded
2043,211,191,2024-06-18,799,succeeded
2044,211,191,2024-07-19,799,succeeded
2045,211,191,2024-08-18,799,succeeded
2046,211,191,2024-09-15,799,succeeded
2047,211,191,2024-10-19,799,succeeded
2048,211,191,2024-11-19,799,succeeded
2049,211,191,2024-12-18,799,failed
2050,211,191,2024-12-21,799,succeeded
2051,211,191,2025-01-15,799,succeeded
2052,211,191,2025-02-19,799,succeeded
2053,211,191,2025-03-19,799,succeeded
2054,211,191,2025-04-19,799,succeeded
2055,211,191,2025-05-18,799,succeeded
2056,211,191,2025-06-15,799,succeeded
2057,211,191,2025-07-19,799,succeeded
2058,211,191,2025-08-17,799,succeeded
2059,211,191,2025-09-19,799,failed
2060,211,191,2025-09-24,799,succeeded
2061,211,191,2025-10-18,799,succeeded
2062,211,191,2025-11-15,799,succeeded
2063,211,191,2025-12-16,799,succeeded
2064,211,191,2026-01-15,799,succeeded
2065,211,191,2026-02-16,799,succeeded
2066,211,191,2026-03-19,799,succeeded
2067,211,191,2026-04-17,799,succeeded
2068,211,191,2026-05-15,799,succeeded
2069,211,191,2026-06-19,799,succeeded
2070,212,192,2026-03-25,799,succeeded
2071,212,192,2026-04-25,799,succeeded
2072,212,192,2026-05-27,799,succeeded
2073,212,192,2026-06-25,799,succeeded
2074,213,193,2024-05-02,49,succeeded
2075,213,193,2024-05-31,49,succeeded
2076,213,193,2024-07-01,49,succeeded
2077,214,194,2025-08-05,199,succeeded
2078,214,194,2025-09-03,199,succeeded
2079,214,194,2025-10-02,199,succeeded
2080,214,194,2025-11-02,199,succeeded
2081,214,194,2025-12-03,199,succeeded
2082,214,194,2026-01-05,199,succeeded
2083,214,194,2026-02-03,199,succeeded
2084,214,194,2026-03-02,199,succeeded
2085,214,194,2026-04-01,199,succeeded
2086,214,194,2026-05-05,199,succeeded
2087,214,194,2026-06-05,199,succeeded
2088,215,195,2024-07-19,799,succeeded
2089,216,196,2024-10-19,199,succeeded
2090,216,196,2024-11-18,199,succeeded
2091,216,196,2024-12-22,199,succeeded
2092,216,196,2025-01-20,199,succeeded
2093,216,196,2025-02-19,199,succeeded
2094,216,196,2025-03-18,199,succeeded
2095,216,196,2025-04-21,199,succeeded
2096,216,196,2025-05-22,199,succeeded
2097,216,196,2025-06-21,199,succeeded
2098,216,196,2025-07-19,199,succeeded
2099,216,196,2025-08-21,199,succeeded
2100,216,196,2025-09-21,199,succeeded
2101,216,196,2025-10-19,199,succeeded
2102,216,196,2025-11-20,199,succeeded
2103,216,196,2025-12-19,199,succeeded
2104,216,196,2026-01-21,199,succeeded
2105,216,196,2026-02-18,199,succeeded
2106,216,196,2026-03-22,199,succeeded
2107,216,196,2026-04-22,199,succeeded
2108,216,196,2026-05-20,199,succeeded
2109,216,196,2026-06-22,199,succeeded
2110,217,197,2023-09-08,799,succeeded
2111,217,197,2023-10-11,799,failed
2112,217,197,2023-10-17,799,succeeded
2113,217,197,2023-11-09,799,succeeded
2114,217,197,2023-12-08,799,succeeded
2115,217,197,2024-01-10,799,succeeded
2116,217,197,2024-02-10,799,succeeded
2117,217,197,2024-03-07,799,succeeded
2118,217,197,2024-04-11,799,succeeded
2119,217,197,2024-05-08,799,succeeded
2120,217,197,2024-06-08,799,succeeded
2121,217,197,2024-07-09,799,succeeded
2122,217,197,2024-08-10,799,succeeded
2123,217,197,2024-09-09,799,succeeded
2124,217,197,2024-10-11,799,succeeded
2125,217,197,2024-11-08,799,succeeded
2126,217,197,2024-12-07,799,succeeded
2127,217,197,2025-01-10,799,succeeded
2128,217,197,2025-02-10,799,succeeded
2129,217,197,2025-03-10,799,succeeded
2130,217,197,2025-04-10,799,succeeded
2131,217,197,2025-05-11,799,failed
2132,217,197,2025-05-16,799,succeeded
2133,217,197,2025-06-09,799,succeeded
2134,217,197,2025-07-08,799,succeeded
2135,217,197,2025-08-09,799,succeeded
2136,217,197,2025-09-08,799,succeeded
2137,217,197,2025-10-07,799,succeeded
2138,217,197,2025-11-09,799,succeeded
2139,217,197,2025-12-07,799,succeeded
2140,217,197,2026-01-08,799,failed
2141,217,197,2026-01-10,799,succeeded
2142,217,197,2026-02-10,799,succeeded
2143,217,197,2026-03-08,799,succeeded
2144,217,197,2026-04-10,799,succeeded
2145,217,197,2026-05-09,799,succeeded
2146,217,197,2026-06-08,799,succeeded
2147,218,198,2026-04-26,49,succeeded
2148,218,198,2026-05-26,49,succeeded
2149,218,198,2026-06-29,49,succeeded
2150,219,199,2025-03-16,49,succeeded
2151,219,199,2025-04-13,49,succeeded
2152,219,199,2025-05-13,49,succeeded
2153,219,199,2025-06-17,49,succeeded
2154,219,199,2025-07-15,49,succeeded
2155,219,199,2025-08-13,49,succeeded
2156,219,199,2025-09-15,49,succeeded
2157,219,199,2025-10-14,49,succeeded
2158,219,199,2025-11-17,49,succeeded
2159,219,199,2025-12-16,49,succeeded
2160,219,199,2026-01-16,49,succeeded
2161,219,199,2026-02-17,49,succeeded
2162,219,199,2026-03-16,49,succeeded
2163,220,200,2025-06-18,799,succeeded
2164,220,200,2025-07-18,799,succeeded
2165,220,200,2025-08-16,799,succeeded
2166,220,200,2025-09-16,799,succeeded
2167,220,200,2025-10-20,799,succeeded
2168,220,200,2025-11-16,799,succeeded
2169,220,200,2025-12-16,799,succeeded
2170,220,200,2026-01-20,799,succeeded
2171,220,200,2026-02-20,799,succeeded
2172,220,200,2026-03-17,799,succeeded
2173,220,200,2026-04-19,799,succeeded
2174,220,200,2026-05-17,799,succeeded
2175,220,200,2026-06-20,799,succeeded
2176,221,201,2026-03-28,199,succeeded
2177,221,201,2026-04-29,199,succeeded
2178,221,201,2026-05-30,199,succeeded
2179,221,201,2026-07-02,199,succeeded
2180,222,202,2023-08-03,49,succeeded
2181,222,202,2023-09-02,49,succeeded
2182,222,202,2023-10-05,49,succeeded
2183,222,202,2023-11-01,49,succeeded
2184,222,202,2023-12-03,49,succeeded
2185,222,202,2024-01-05,49,succeeded
2186,222,202,2024-02-02,49,succeeded
2187,222,202,2024-03-02,49,succeeded
2188,222,202,2024-04-05,49,succeeded
2189,222,202,2024-05-02,49,succeeded
2190,222,202,2024-06-04,49,succeeded
2191,222,202,2024-07-03,49,succeeded
2192,222,202,2024-08-04,49,succeeded
2193,222,202,2024-09-01,49,succeeded
2194,223,203,2023-07-07,199,succeeded
2195,223,203,2023-08-06,199,succeeded
2196,223,203,2023-09-06,199,succeeded
2197,224,204,2024-06-13,49,succeeded
2198,224,204,2024-07-13,49,succeeded
2199,224,204,2024-08-14,49,succeeded
2200,225,204,2024-09-04,199,succeeded
2201,225,204,2024-10-05,199,succeeded
2202,225,204,2024-11-02,199,succeeded
2203,225,204,2024-12-01,199,succeeded
2204,225,204,2025-01-03,199,succeeded
2205,225,204,2025-02-04,199,succeeded
2206,225,204,2025-03-01,199,succeeded
2207,225,204,2025-04-01,199,succeeded
2208,225,204,2025-05-01,199,succeeded
2209,225,204,2025-06-02,199,succeeded
2210,225,204,2025-07-01,199,succeeded
2211,225,204,2025-08-04,199,succeeded
2212,225,204,2025-09-01,199,succeeded
2213,225,204,2025-10-03,199,succeeded
2214,225,204,2025-11-05,199,succeeded
2215,225,204,2025-12-03,199,succeeded
2216,225,204,2026-01-05,199,succeeded
2217,225,204,2026-02-02,199,succeeded
2218,225,204,2026-03-03,199,succeeded
2219,225,204,2026-04-03,199,succeeded
2220,225,204,2026-05-04,199,succeeded
2221,225,204,2026-06-03,199,succeeded
2222,226,205,2023-10-21,799,failed
2223,226,205,2023-10-24,799,succeeded
2224,227,206,2026-01-20,799,succeeded
2225,227,206,2026-02-18,799,succeeded
2226,227,206,2026-03-20,799,succeeded
2227,227,206,2026-04-18,799,succeeded
2228,227,206,2026-05-20,799,succeeded
2229,227,206,2026-06-19,799,succeeded
2230,228,207,2024-10-22,199,succeeded
2231,228,207,2024-11-22,199,succeeded
2232,228,207,2024-12-24,199,succeeded
2233,228,207,2025-01-26,199,succeeded
2234,228,207,2025-02-23,199,succeeded
2235,228,207,2025-03-24,199,succeeded
2236,228,207,2025-04-24,199,succeeded
2237,228,207,2025-05-26,199,succeeded
2238,228,207,2025-06-22,199,succeeded
2239,228,207,2025-07-23,199,succeeded
2240,228,207,2025-08-24,199,succeeded
2241,228,207,2025-09-22,199,succeeded
2242,228,207,2025-10-25,199,succeeded
2243,228,207,2025-11-24,199,failed
2244,228,207,2025-11-29,199,succeeded
2245,228,207,2025-12-23,199,succeeded
2246,228,207,2026-01-22,199,succeeded
2247,228,207,2026-02-23,199,succeeded
2248,228,207,2026-03-24,199,succeeded
2249,228,207,2026-04-22,199,succeeded
2250,228,207,2026-05-24,199,succeeded
2251,228,207,2026-06-24,199,succeeded
2252,229,208,2023-12-08,199,succeeded
2253,229,208,2024-01-05,199,succeeded
2254,229,208,2024-02-06,199,succeeded
2255,229,208,2024-03-08,199,succeeded
2256,229,208,2024-04-08,199,succeeded
2257,229,208,2024-05-04,199,succeeded
2258,229,208,2024-06-04,199,succeeded
2259,229,208,2024-07-05,199,succeeded
2260,229,208,2024-08-08,199,succeeded
2261,229,208,2024-09-07,199,succeeded
2262,229,208,2024-10-04,199,succeeded
2263,229,208,2024-11-06,199,succeeded
2264,229,208,2024-12-06,199,succeeded
2265,229,208,2025-01-06,199,succeeded
2266,229,208,2025-02-04,199,succeeded
2267,229,208,2025-03-04,199,succeeded
2268,229,208,2025-04-06,199,succeeded
2269,229,208,2025-05-08,199,succeeded
2270,229,208,2025-06-07,199,succeeded
2271,229,208,2025-07-05,199,succeeded
2272,229,208,2025-08-06,199,succeeded
2273,229,208,2025-09-06,199,succeeded
2274,229,208,2025-10-06,199,succeeded
2275,229,208,2025-11-04,199,succeeded
2276,229,208,2025-12-04,199,succeeded
2277,229,208,2026-01-06,199,succeeded
2278,229,208,2026-02-07,199,succeeded
2279,229,208,2026-03-07,199,succeeded
2280,229,208,2026-04-08,199,succeeded
2281,229,208,2026-05-06,199,succeeded
2282,229,208,2026-06-04,199,succeeded
2283,230,209,2025-05-26,49,failed
2284,230,209,2025-06-01,49,succeeded
2285,230,209,2025-06-24,49,succeeded
2286,230,209,2025-07-26,49,succeeded
2287,230,209,2025-08-27,49,succeeded
2288,230,209,2025-09-26,49,succeeded
2289,230,209,2025-10-23,49,succeeded
2290,230,209,2025-11-26,49,succeeded
2291,230,209,2025-12-26,49,succeeded
2292,230,209,2026-01-24,49,succeeded
2293,230,209,2026-02-25,49,succeeded
2294,230,209,2026-03-25,49,succeeded
2295,230,209,2026-04-27,49,succeeded
2296,230,209,2026-05-27,49,succeeded
2297,230,209,2026-06-25,49,failed
2298,230,209,2026-06-30,49,succeeded
2299,231,210,2024-12-13,49,succeeded
2300,231,210,2025-01-10,49,succeeded
2301,231,210,2025-02-14,49,succeeded
2302,232,211,2026-05-22,49,succeeded
2303,232,211,2026-06-22,49,succeeded
2304,233,212,2025-06-29,49,succeeded
2305,233,212,2025-07-31,49,failed
2306,233,212,2025-08-04,49,succeeded
2307,233,212,2025-08-31,49,succeeded
2308,233,212,2025-09-29,49,succeeded
2309,233,212,2025-11-01,49,succeeded
2310,233,212,2025-11-29,49,succeeded
2311,233,212,2026-01-01,49,succeeded
2312,233,212,2026-01-29,49,succeeded
2313,233,212,2026-03-01,49,succeeded
2314,233,212,2026-03-30,49,succeeded
2315,233,212,2026-04-30,49,succeeded
2316,233,212,2026-05-30,49,succeeded
2317,233,212,2026-06-30,49,succeeded
2318,234,213,2026-03-07,49,succeeded
2319,234,213,2026-04-06,49,succeeded
2320,234,213,2026-05-07,49,succeeded
2321,234,213,2026-06-07,49,succeeded
2322,235,214,2025-08-02,199,succeeded
2323,235,214,2025-09-01,199,succeeded
2324,235,214,2025-10-03,199,succeeded
2325,235,214,2025-11-05,199,succeeded
2326,235,214,2025-12-02,199,succeeded
2327,235,214,2026-01-04,199,succeeded
2328,236,215,2026-04-09,49,succeeded
2329,236,215,2026-05-06,49,succeeded
2330,236,215,2026-06-07,49,succeeded
2331,237,216,2025-10-22,799,succeeded
2332,237,216,2025-11-21,799,succeeded
2333,237,216,2025-12-24,799,succeeded
2334,237,216,2026-01-24,799,succeeded
2335,237,216,2026-02-25,799,succeeded
2336,237,216,2026-03-22,799,succeeded
2337,237,216,2026-04-22,799,succeeded
2338,237,216,2026-05-25,799,succeeded
2339,237,216,2026-06-21,799,succeeded
2340,238,217,2024-09-10,799,succeeded
2341,238,217,2024-10-07,799,succeeded
2342,238,217,2024-11-08,799,succeeded
2343,238,217,2024-12-07,799,succeeded
2344,238,217,2025-01-10,799,succeeded
2345,238,217,2025-02-07,799,succeeded
2346,238,217,2025-03-11,799,succeeded
2347,238,217,2025-04-09,799,succeeded
2348,238,217,2025-05-07,799,succeeded
2349,238,217,2025-06-07,799,succeeded
2350,238,217,2025-07-11,799,succeeded
2351,238,217,2025-08-08,799,succeeded
2352,238,217,2025-09-08,799,succeeded
2353,238,217,2025-10-11,799,succeeded
2354,238,217,2025-11-10,799,succeeded
2355,238,217,2025-12-09,799,succeeded
2356,238,217,2026-01-09,799,succeeded
2357,238,217,2026-02-09,799,succeeded
2358,238,217,2026-03-11,799,succeeded
2359,238,217,2026-04-11,799,succeeded
2360,238,217,2026-05-10,799,succeeded
2361,238,217,2026-06-11,799,failed
2362,238,217,2026-06-16,799,succeeded
2363,239,218,2026-02-22,49,succeeded
2364,239,218,2026-03-21,49,succeeded
2365,239,218,2026-04-23,49,succeeded
2366,239,218,2026-05-19,49,succeeded
2367,239,218,2026-06-21,49,succeeded
2368,241,220,2025-05-26,199,succeeded
2369,241,220,2025-06-27,199,succeeded
2370,241,220,2025-07-29,199,succeeded
2371,241,220,2025-08-25,199,succeeded
2372,241,220,2025-09-28,199,succeeded
2373,241,220,2025-10-27,199,succeeded
2374,241,220,2025-11-29,199,succeeded
2375,241,220,2025-12-26,199,succeeded
2376,241,220,2026-01-27,199,succeeded
2377,241,220,2026-03-01,199,succeeded
2378,241,220,2026-03-29,199,succeeded
2379,241,220,2026-04-27,199,succeeded
2380,241,220,2026-05-25,199,succeeded
2381,241,220,2026-06-26,199,succeeded
2382,242,221,2026-06-29,799,succeeded
2383,243,222,2023-12-29,199,succeeded
2384,243,222,2024-01-30,199,succeeded
2385,243,222,2024-02-26,199,succeeded
2386,243,222,2024-03-30,199,succeeded
2387,243,222,2024-04-27,199,succeeded
2388,243,222,2024-05-27,199,succeeded
2389,243,222,2024-06-28,199,succeeded
2390,243,222,2024-07-26,199,succeeded
2391,243,222,2024-08-27,199,succeeded
2392,243,222,2024-09-28,199,succeeded
2393,243,222,2024-10-27,199,succeeded
2394,243,222,2024-11-28,199,succeeded
2395,243,222,2024-12-29,199,succeeded
2396,243,222,2025-01-30,199,succeeded
2397,243,222,2025-02-27,199,succeeded
2398,243,222,2025-03-27,199,succeeded
2399,243,222,2025-04-30,199,succeeded
2400,243,222,2025-05-28,199,succeeded
2401,243,222,2025-06-27,199,succeeded
2402,243,222,2025-07-29,199,succeeded
2403,243,222,2025-08-29,199,succeeded
2404,243,222,2025-09-28,199,succeeded
2405,243,222,2025-10-27,199,succeeded
2406,243,222,2025-11-28,199,succeeded
2407,243,222,2025-12-28,199,succeeded
2408,243,222,2026-01-27,199,succeeded
2409,243,222,2026-02-26,199,succeeded
2410,243,222,2026-03-30,199,succeeded
2411,243,222,2026-04-28,199,succeeded
2412,243,222,2026-05-29,199,succeeded
2413,243,222,2026-06-26,199,succeeded
2414,244,223,2026-06-28,199,succeeded
2415,245,224,2026-06-04,799,succeeded
2416,246,225,2024-08-02,49,succeeded
2417,246,225,2024-09-02,49,succeeded
2418,246,225,2024-10-03,49,succeeded
2419,246,225,2024-11-03,49,succeeded
2420,246,225,2024-12-02,49,succeeded
2421,246,225,2025-01-06,49,succeeded
2422,246,225,2025-02-03,49,succeeded
2423,246,225,2025-03-05,49,succeeded
2424,246,225,2025-04-06,49,succeeded
2425,246,225,2025-05-06,49,succeeded
2426,246,225,2025-06-05,49,succeeded
2427,246,225,2025-07-03,49,succeeded
2428,246,225,2025-08-02,49,succeeded
2429,246,225,2025-09-02,49,failed
2430,246,225,2025-09-08,49,succeeded
2431,246,225,2025-10-04,49,succeeded
2432,246,225,2025-11-02,49,succeeded
2433,246,225,2025-12-03,49,succeeded
2434,246,225,2026-01-03,49,succeeded
2435,246,225,2026-02-04,49,succeeded
2436,246,225,2026-03-03,49,succeeded
2437,246,225,2026-04-06,49,succeeded
2438,246,225,2026-05-04,49,succeeded
2439,246,225,2026-06-05,49,succeeded
2440,247,226,2025-05-11,49,failed
2441,247,226,2025-05-15,49,succeeded
2442,247,226,2025-06-14,49,succeeded
2443,247,226,2025-07-14,49,succeeded
2444,247,226,2025-08-12,49,succeeded
2445,247,226,2025-09-13,49,succeeded
2446,247,226,2025-10-14,49,succeeded
2447,247,226,2025-11-14,49,succeeded
2448,247,226,2025-12-13,49,succeeded
2449,247,226,2026-01-14,49,succeeded
2450,247,226,2026-02-12,49,succeeded
2451,247,226,2026-03-11,49,succeeded
2452,247,226,2026-04-11,49,succeeded
2453,247,226,2026-05-11,49,succeeded
2454,247,226,2026-06-14,49,succeeded
2455,248,227,2026-01-16,49,succeeded
2456,248,227,2026-02-14,49,succeeded
2457,248,227,2026-03-14,49,succeeded
2458,248,227,2026-04-13,49,succeeded
2459,248,227,2026-05-14,49,succeeded
2460,248,227,2026-06-16,49,succeeded
2461,249,228,2026-01-29,799,succeeded
2462,249,228,2026-02-28,799,succeeded
2463,249,228,2026-03-27,799,succeeded
2464,249,228,2026-05-01,799,succeeded
2465,249,228,2026-05-28,799,succeeded
2466,249,228,2026-06-28,799,succeeded
2467,250,229,2025-05-15,199,succeeded
2468,250,229,2025-06-11,199,succeeded
2469,250,229,2025-07-13,199,succeeded
2470,250,229,2025-08-15,199,succeeded
2471,250,229,2025-09-13,199,succeeded
2472,250,229,2025-10-11,199,succeeded
2473,250,229,2025-11-11,199,succeeded
2474,250,229,2025-12-14,199,succeeded
2475,250,229,2026-01-12,199,succeeded
2476,250,229,2026-02-14,199,succeeded
2477,250,229,2026-03-12,199,succeeded
2478,250,229,2026-04-14,199,succeeded
2479,250,229,2026-05-15,199,succeeded
2480,250,229,2026-06-12,199,succeeded
2481,251,230,2025-09-12,199,succeeded
2482,251,230,2025-10-11,199,succeeded
2483,251,230,2025-11-10,199,failed
2484,251,230,2025-11-16,199,succeeded
2485,251,230,2025-12-12,199,failed
2486,251,230,2025-12-15,199,succeeded
2487,251,230,2026-01-12,199,succeeded
2488,251,230,2026-02-09,199,succeeded
2489,251,230,2026-03-09,199,succeeded
2490,251,230,2026-04-10,199,succeeded
2491,251,230,2026-05-12,199,succeeded
2492,251,230,2026-06-09,199,succeeded
2493,252,231,2025-04-26,799,succeeded
2494,252,231,2025-05-26,799,succeeded
2495,252,231,2025-06-26,799,succeeded
2496,252,231,2025-07-30,799,succeeded
2497,252,231,2025-08-29,799,succeeded
2498,252,231,2025-09-29,799,succeeded
2499,252,231,2025-10-28,799,succeeded
2500,252,231,2025-11-26,799,succeeded
2501,252,231,2025-12-28,799,succeeded
2502,252,231,2026-01-30,799,succeeded
2503,252,231,2026-02-26,799,succeeded
2504,252,231,2026-03-28,799,succeeded
2505,252,231,2026-04-27,799,succeeded
2506,252,231,2026-05-26,799,succeeded
2507,252,231,2026-06-26,799,succeeded
2508,253,232,2023-11-20,49,succeeded
2509,253,232,2023-12-19,49,succeeded
2510,254,233,2023-11-19,199,succeeded
2511,254,233,2023-12-20,199,succeeded
2512,254,233,2024-01-20,199,succeeded
2513,254,233,2024-02-19,199,succeeded
2514,255,233,2024-03-01,799,failed
2515,255,233,2024-04-02,799,succeeded
2516,255,233,2024-05-04,799,succeeded
2517,255,233,2024-06-02,799,succeeded
2518,255,233,2024-07-05,799,succeeded
2519,255,233,2024-08-05,799,succeeded
2520,255,233,2024-09-04,799,succeeded
2521,255,233,2024-10-01,799,succeeded
2522,255,233,2024-11-01,799,succeeded
2523,255,233,2024-12-01,799,succeeded
2524,256,234,2024-10-12,49,succeeded
2525,257,235,2024-08-21,199,succeeded
2526,257,235,2024-09-21,199,succeeded
2527,257,235,2024-10-24,199,succeeded
2528,257,235,2024-11-22,199,succeeded
2529,257,235,2024-12-20,199,succeeded
2530,257,235,2025-01-20,199,succeeded
2531,257,235,2025-02-22,199,succeeded
2532,257,235,2025-03-20,199,succeeded
2533,257,235,2025-04-23,199,succeeded
2534,257,235,2025-05-21,199,succeeded
2535,257,235,2025-06-23,199,succeeded
2536,257,235,2025-07-20,199,succeeded
2537,257,235,2025-08-24,199,succeeded
2538,257,235,2025-09-24,199,succeeded
2539,257,235,2025-10-24,199,succeeded
2540,257,235,2025-11-20,199,succeeded
2541,257,235,2025-12-21,199,succeeded
2542,257,235,2026-01-21,199,succeeded
2543,257,235,2026-02-24,199,succeeded
2544,257,235,2026-03-23,199,succeeded
2545,257,235,2026-04-24,199,succeeded
2546,257,235,2026-05-23,199,succeeded
2547,257,235,2026-06-21,199,succeeded
2548,258,236,2024-09-12,199,failed
2549,258,236,2024-09-14,199,succeeded
2550,258,236,2024-10-10,199,succeeded
2551,259,236,2024-11-02,799,succeeded
2552,259,236,2024-12-02,799,succeeded
2553,259,236,2025-01-04,799,succeeded
2554,259,236,2025-02-03,799,succeeded
2555,259,236,2025-03-03,799,succeeded
2556,259,236,2025-04-04,799,succeeded
2557,259,236,2025-05-04,799,succeeded
2558,259,236,2025-06-02,799,succeeded
2559,259,236,2025-07-05,799,succeeded
2560,259,236,2025-08-01,799,succeeded
2561,259,236,2025-09-04,799,succeeded
2562,259,236,2025-10-04,799,succeeded
2563,259,236,2025-11-03,799,succeeded
2564,259,236,2025-12-05,799,succeeded
2565,259,236,2026-01-05,799,succeeded
2566,259,236,2026-02-02,799,succeeded
2567,259,236,2026-03-03,799,succeeded
2568,259,236,2026-04-05,799,succeeded
2569,259,236,2026-05-04,799,succeeded
2570,259,236,2026-06-02,799,succeeded
2571,260,237,2025-06-14,799,succeeded
2572,260,237,2025-07-12,799,succeeded
2573,260,237,2025-08-10,799,succeeded
2574,260,237,2025-09-13,799,succeeded
2575,260,237,2025-10-10,799,succeeded
2576,260,237,2025-11-10,799,succeeded
2577,260,237,2025-12-12,799,succeeded
2578,260,237,2026-01-12,799,succeeded
2579,260,237,2026-02-13,799,succeeded
2580,260,237,2026-03-12,799,succeeded
2581,260,237,2026-04-12,799,succeeded
2582,260,237,2026-05-12,799,succeeded
2583,260,237,2026-06-14,799,succeeded
2584,261,238,2024-08-09,49,succeeded
2585,261,238,2024-09-06,49,succeeded
2586,261,238,2024-10-08,49,succeeded
2587,261,238,2024-11-09,49,succeeded
2588,261,238,2024-12-05,49,succeeded
2589,261,238,2025-01-08,49,succeeded
2590,261,238,2025-02-08,49,succeeded
2591,261,238,2025-03-06,49,succeeded
2592,261,238,2025-04-07,49,succeeded
2593,261,238,2025-05-08,49,succeeded
2594,261,238,2025-06-06,49,succeeded
2595,262,239,2024-08-18,799,succeeded
2596,262,239,2024-09-20,799,succeeded
2597,262,239,2024-10-20,799,succeeded
2598,262,239,2024-11-18,799,succeeded
2599,262,239,2024-12-22,799,succeeded
2600,262,239,2025-01-18,799,succeeded
2601,262,239,2025-02-20,799,succeeded
2602,262,239,2025-03-22,799,succeeded
2603,262,239,2025-04-18,799,succeeded
2604,262,239,2025-05-19,799,succeeded
2605,262,239,2025-06-21,799,succeeded
2606,262,239,2025-07-19,799,succeeded
2607,262,239,2025-08-22,799,succeeded
2608,262,239,2025-09-22,799,succeeded
2609,263,240,2024-08-25,49,succeeded
2610,263,240,2024-09-24,49,succeeded
2611,263,240,2024-10-22,49,succeeded
2612,263,240,2024-11-21,49,succeeded
2613,263,240,2024-12-22,49,succeeded
2614,263,240,2025-01-22,49,succeeded
2615,263,240,2025-02-23,49,succeeded
2616,263,240,2025-03-23,49,succeeded
2617,263,240,2025-04-23,49,succeeded
2618,263,240,2025-05-21,49,succeeded
2619,263,240,2025-06-24,49,succeeded
2620,263,240,2025-07-23,49,succeeded
2621,263,240,2025-08-25,49,succeeded
2622,263,240,2025-09-24,49,succeeded
2623,263,240,2025-10-22,49,succeeded
2624,263,240,2025-11-25,49,succeeded
2625,263,240,2025-12-21,49,succeeded
2626,263,240,2026-01-22,49,succeeded
2627,263,240,2026-02-21,49,succeeded
2628,263,240,2026-03-22,49,succeeded
2629,263,240,2026-04-21,49,succeeded
2630,263,240,2026-05-21,49,succeeded
2631,263,240,2026-06-22,49,succeeded
2632,264,241,2024-06-05,49,succeeded
2633,264,241,2024-07-06,49,succeeded
2634,264,241,2024-08-03,49,succeeded
2635,264,241,2024-09-05,49,succeeded
2636,264,241,2024-10-02,49,succeeded
2637,264,241,2024-11-04,49,succeeded
2638,264,241,2024-12-03,49,succeeded
2639,264,241,2025-01-02,49,succeeded
2640,264,241,2025-02-05,49,succeeded
2641,264,241,2025-03-05,49,succeeded
2642,265,242,2025-12-30,49,succeeded
2643,265,242,2026-01-30,49,failed
2644,265,242,2026-02-04,49,succeeded
2645,265,242,2026-03-04,49,succeeded
2646,265,242,2026-03-30,49,succeeded
2647,265,242,2026-05-02,49,succeeded
2648,265,242,2026-05-31,49,succeeded
2649,265,242,2026-07-01,49,succeeded
2650,266,243,2025-02-16,49,succeeded
2651,266,243,2025-03-13,49,succeeded
2652,266,243,2025-04-16,49,succeeded
2653,266,243,2025-05-13,49,succeeded
2654,266,243,2025-06-14,49,failed
2655,266,243,2025-06-17,49,succeeded
2656,266,243,2025-07-12,49,succeeded
2657,266,243,2025-08-16,49,succeeded
2658,266,243,2025-09-15,49,succeeded
2659,266,243,2025-10-13,49,succeeded
2660,266,243,2025-11-16,49,failed
2661,266,243,2025-11-22,49,succeeded
2662,266,243,2025-12-16,49,succeeded
2663,266,243,2026-01-16,49,succeeded
2664,266,243,2026-02-12,49,succeeded
2665,266,243,2026-03-12,49,succeeded
2666,266,243,2026-04-14,49,failed
2667,266,243,2026-05-15,49,succeeded
2668,266,243,2026-06-13,49,succeeded
2669,267,244,2024-05-31,799,succeeded
2670,267,244,2024-06-28,799,succeeded
2671,267,244,2024-07-30,799,succeeded
2672,267,244,2024-08-27,799,succeeded
2673,267,244,2024-09-28,799,succeeded
2674,267,244,2024-10-28,799,succeeded
2675,267,244,2024-11-27,799,succeeded
2676,267,244,2024-12-29,799,succeeded
2677,267,244,2025-01-28,799,succeeded
2678,267,244,2025-03-03,799,succeeded
2679,267,244,2025-03-29,799,succeeded
2680,267,244,2025-04-28,799,succeeded
2681,267,244,2025-05-27,799,succeeded
2682,267,244,2025-06-29,799,succeeded
2683,267,244,2025-07-27,799,succeeded
2684,267,244,2025-08-30,799,succeeded
2685,267,244,2025-09-29,799,succeeded
2686,267,244,2025-10-29,799,succeeded
2687,267,244,2025-11-27,799,succeeded
2688,267,244,2025-12-28,799,succeeded
2689,267,244,2026-01-31,799,succeeded
2690,267,244,2026-03-01,799,succeeded
2691,267,244,2026-03-31,799,succeeded
2692,267,244,2026-04-30,799,succeeded
2693,267,244,2026-05-30,799,succeeded
2694,267,244,2026-06-29,799,succeeded
2695,268,245,2024-06-01,49,succeeded
2696,268,245,2024-07-01,49,succeeded
2697,268,245,2024-08-04,49,succeeded
2698,268,245,2024-09-02,49,succeeded
2699,268,245,2024-10-05,49,succeeded
2700,268,245,2024-11-05,49,succeeded
2701,269,246,2025-12-23,199,failed
2702,270,247,2025-12-11,799,succeeded
2703,270,247,2026-01-07,799,succeeded
2704,270,247,2026-02-11,799,succeeded
2705,270,247,2026-03-11,799,succeeded
2706,270,247,2026-04-09,799,succeeded
2707,270,247,2026-05-07,799,succeeded
2708,270,247,2026-06-11,799,succeeded
2709,271,248,2024-09-24,49,succeeded
2710,271,248,2024-10-24,49,succeeded
2711,271,248,2024-11-21,49,succeeded
2712,271,248,2024-12-23,49,succeeded
2713,272,249,2026-05-20,49,succeeded
2714,272,249,2026-06-21,49,succeeded
2715,273,250,2026-02-09,49,failed
2716,273,250,2026-02-14,49,succeeded
2717,273,250,2026-03-09,49,succeeded
2718,273,250,2026-04-05,49,succeeded
2719,273,250,2026-05-09,49,failed
2720,273,250,2026-06-06,49,failed
2721,274,251,2026-04-01,49,succeeded
2722,274,251,2026-05-03,49,succeeded
2723,274,251,2026-06-01,49,succeeded
2724,275,252,2024-11-08,199,succeeded
2725,275,252,2024-12-07,199,succeeded
2726,275,252,2025-01-05,199,succeeded
2727,275,252,2025-02-08,199,succeeded
2728,275,252,2025-03-05,199,succeeded
2729,275,252,2025-04-04,199,succeeded
2730,276,253,2025-04-20,49,succeeded
2731,276,253,2025-05-22,49,succeeded
2732,276,253,2025-06-23,49,succeeded
2733,276,253,2025-07-22,49,succeeded
2734,276,253,2025-08-21,49,succeeded
2735,276,253,2025-09-23,49,succeeded
2736,276,253,2025-10-19,49,succeeded
2737,276,253,2025-11-19,49,succeeded
2738,276,253,2025-12-20,49,succeeded
2739,277,254,2026-01-28,799,succeeded
2740,277,254,2026-02-26,799,succeeded
2741,277,254,2026-03-26,799,succeeded
2742,277,254,2026-04-28,799,succeeded
2743,277,254,2026-05-26,799,succeeded
2744,277,254,2026-06-26,799,succeeded
2745,278,255,2024-03-23,799,succeeded
2746,278,255,2024-04-24,799,succeeded
2747,278,255,2024-05-25,799,succeeded
2748,278,255,2024-06-23,799,succeeded
2749,278,255,2024-07-25,799,succeeded
2750,278,255,2024-08-24,799,succeeded
2751,278,255,2024-09-21,799,succeeded
2752,278,255,2024-10-23,799,succeeded
2753,278,255,2024-11-25,799,succeeded
2754,278,255,2024-12-24,799,succeeded
2755,278,255,2025-01-24,799,succeeded
2756,278,255,2025-02-25,799,succeeded
2757,278,255,2025-03-22,799,succeeded
2758,278,255,2025-04-25,799,succeeded
2759,278,255,2025-05-21,799,succeeded
2760,278,255,2025-06-25,799,succeeded
2761,278,255,2025-07-23,799,succeeded
2762,278,255,2025-08-24,799,succeeded
2763,278,255,2025-09-25,799,succeeded
2764,278,255,2025-10-24,799,succeeded
2765,278,255,2025-11-23,799,succeeded
2766,278,255,2025-12-22,799,succeeded
2767,278,255,2026-01-22,799,succeeded
2768,278,255,2026-02-22,799,failed
2769,278,255,2026-02-27,799,succeeded
2770,278,255,2026-03-24,799,succeeded
2771,278,255,2026-04-25,799,succeeded
2772,278,255,2026-05-24,799,succeeded
2773,278,255,2026-06-21,799,succeeded
2774,279,256,2024-10-16,49,succeeded
2775,279,256,2024-11-15,49,succeeded
2776,279,256,2024-12-17,49,succeeded
2777,279,256,2025-01-16,49,succeeded
2778,279,256,2025-02-16,49,failed
2779,279,256,2025-02-21,49,succeeded
2780,279,256,2025-03-14,49,succeeded
2781,279,256,2025-04-18,49,succeeded
2782,280,257,2025-10-06,799,succeeded
2783,280,257,2025-11-07,799,succeeded
2784,280,257,2025-12-04,799,succeeded
2785,280,257,2026-01-04,799,succeeded
2786,280,257,2026-02-03,799,succeeded
2787,280,257,2026-03-07,799,succeeded
2788,280,257,2026-04-07,799,succeeded
2789,280,257,2026-05-06,799,succeeded
2790,280,257,2026-06-05,799,succeeded
2791,281,258,2025-01-22,49,failed
2792,281,258,2025-01-25,49,succeeded
2793,281,258,2025-02-24,49,succeeded
2794,281,258,2025-03-23,49,succeeded
2795,281,258,2025-04-23,49,succeeded
2796,282,259,2025-09-21,49,succeeded
2797,282,259,2025-10-19,49,succeeded
2798,282,259,2025-11-19,49,succeeded
2799,282,259,2025-12-17,49,succeeded
2800,282,259,2026-01-19,49,succeeded
2801,282,259,2026-02-21,49,succeeded
2802,282,259,2026-03-18,49,succeeded
2803,282,259,2026-04-19,49,succeeded
2804,283,260,2024-03-23,49,succeeded
2805,283,260,2024-04-24,49,succeeded
2806,283,260,2024-05-23,49,failed
2807,283,260,2024-05-26,49,succeeded
2808,283,260,2024-06-26,49,succeeded
2809,284,261,2025-06-25,799,succeeded
2810,284,261,2025-07-27,799,succeeded
2811,284,261,2025-08-27,799,succeeded
2812,284,261,2025-09-24,799,succeeded
2813,284,261,2025-10-25,799,succeeded
2814,284,261,2025-11-25,799,succeeded
2815,284,261,2025-12-26,799,succeeded
2816,284,261,2026-01-27,799,succeeded
2817,284,261,2026-02-28,799,succeeded
2818,284,261,2026-03-26,799,succeeded
2819,284,261,2026-04-24,799,succeeded
2820,284,261,2026-05-26,799,succeeded
2821,284,261,2026-06-24,799,succeeded
2822,285,262,2025-05-13,799,succeeded
2823,285,262,2025-06-11,799,succeeded
2824,285,262,2025-07-12,799,succeeded
2825,285,262,2025-08-12,799,succeeded
2826,285,262,2025-09-11,799,succeeded
2827,285,262,2025-10-11,799,succeeded
2828,285,262,2025-11-14,799,succeeded
2829,285,262,2025-12-11,799,failed
2830,285,262,2026-01-15,799,succeeded
2831,285,262,2026-02-15,799,succeeded
2832,285,262,2026-03-12,799,succeeded
2833,285,262,2026-04-12,799,succeeded
2834,285,262,2026-05-15,799,succeeded
2835,285,262,2026-06-14,799,succeeded
2836,286,263,2025-12-14,199,succeeded
2837,286,263,2026-01-18,199,succeeded
2838,286,263,2026-02-14,199,succeeded
2839,286,263,2026-03-17,199,succeeded
2840,286,263,2026-04-15,199,succeeded
2841,286,263,2026-05-17,199,succeeded
2842,286,263,2026-06-14,199,succeeded
2843,287,264,2024-06-17,199,succeeded
2844,287,264,2024-07-20,199,succeeded
2845,287,264,2024-08-16,199,succeeded
2846,287,264,2024-09-16,199,succeeded
2847,287,264,2024-10-19,199,succeeded
2848,287,264,2024-11-18,199,succeeded
2849,287,264,2024-12-20,199,succeeded
2850,287,264,2025-01-18,199,failed
2851,287,264,2025-01-20,199,succeeded
2852,287,264,2025-02-16,199,succeeded
2853,287,264,2025-03-18,199,succeeded
2854,287,264,2025-04-19,199,succeeded
2855,287,264,2025-05-20,199,succeeded
2856,287,264,2025-06-19,199,succeeded
2857,287,264,2025-07-19,199,succeeded
2858,287,264,2025-08-17,199,succeeded
2859,287,264,2025-09-18,199,succeeded
2860,287,264,2025-10-18,199,failed
2861,287,264,2025-10-22,199,succeeded
2862,287,264,2025-11-18,199,succeeded
2863,287,264,2025-12-20,199,succeeded
2864,287,264,2026-01-20,199,succeeded
2865,287,264,2026-02-18,199,succeeded
2866,287,264,2026-03-19,199,succeeded
2867,287,264,2026-04-16,199,succeeded
2868,287,264,2026-05-19,199,succeeded
2869,287,264,2026-06-19,199,succeeded
2870,288,265,2025-09-28,49,succeeded
2871,288,265,2025-10-24,49,succeeded
2872,288,265,2025-11-24,49,succeeded
2873,289,265,2025-12-02,199,succeeded
2874,289,265,2026-01-03,199,succeeded
2875,289,265,2026-02-04,199,succeeded
2876,289,265,2026-03-04,199,succeeded
2877,289,265,2026-04-03,199,succeeded
2878,289,265,2026-05-01,199,succeeded
2879,289,265,2026-06-01,199,succeeded
2880,290,266,2024-10-22,199,succeeded
2881,290,266,2024-11-22,199,succeeded
2882,290,266,2024-12-19,199,succeeded
2883,290,266,2025-01-21,199,succeeded
2884,290,266,2025-02-19,199,succeeded
2885,290,266,2025-03-19,199,succeeded
2886,290,266,2025-04-20,199,succeeded
2887,290,266,2025-05-18,199,succeeded
2888,290,266,2025-06-20,199,succeeded
2889,290,266,2025-07-21,199,failed
2890,290,266,2025-07-27,199,succeeded
2891,290,266,2025-08-22,199,succeeded
2892,290,266,2025-09-20,199,succeeded
2893,290,266,2025-10-20,199,succeeded
2894,290,266,2025-11-22,199,succeeded
2895,290,266,2025-12-19,199,succeeded
2896,290,266,2026-01-22,199,succeeded
2897,290,266,2026-02-22,199,succeeded
2898,290,266,2026-03-19,199,failed
2899,290,266,2026-03-25,199,succeeded
2900,290,266,2026-04-20,199,succeeded
2901,290,266,2026-05-18,199,succeeded
2902,290,266,2026-06-22,199,succeeded
2903,291,267,2025-03-23,199,succeeded
2904,291,267,2025-04-26,199,succeeded
2905,291,267,2025-05-26,199,succeeded
2906,291,267,2025-06-24,199,succeeded
2907,293,269,2025-09-06,199,succeeded
2908,293,269,2025-10-06,199,succeeded
2909,293,269,2025-11-08,199,succeeded
2910,293,269,2025-12-05,199,succeeded
2911,293,269,2026-01-07,199,succeeded
2912,293,269,2026-02-09,199,succeeded
2913,293,269,2026-03-06,199,succeeded
2914,293,269,2026-04-07,199,succeeded
2915,293,269,2026-05-08,199,succeeded
2916,293,269,2026-06-09,199,succeeded
2917,294,270,2025-07-19,49,succeeded
2918,294,270,2025-08-18,49,succeeded
2919,294,270,2025-09-20,49,succeeded
2920,294,270,2025-10-20,49,succeeded
2921,294,270,2025-11-20,49,succeeded
2922,294,270,2025-12-18,49,succeeded
2923,294,270,2026-01-21,49,succeeded
2924,294,270,2026-02-20,49,succeeded
2925,294,270,2026-03-20,49,succeeded
2926,294,270,2026-04-20,49,succeeded
2927,294,270,2026-05-21,49,succeeded
2928,294,270,2026-06-18,49,succeeded
2929,295,271,2024-05-16,799,succeeded
2930,295,271,2024-06-14,799,succeeded
2931,295,271,2024-07-17,799,succeeded
2932,295,271,2024-08-15,799,succeeded
2933,295,271,2024-09-18,799,succeeded
2934,295,271,2024-10-17,799,succeeded
2935,295,271,2024-11-17,799,succeeded
2936,295,271,2024-12-16,799,succeeded
2937,295,271,2025-01-16,799,succeeded
2938,295,271,2025-02-17,799,succeeded
2939,295,271,2025-03-17,799,succeeded
2940,295,271,2025-04-14,799,succeeded
2941,295,271,2025-05-17,799,succeeded
2942,295,271,2025-06-17,799,succeeded
2943,295,271,2025-07-17,799,succeeded
2944,295,271,2025-08-17,799,succeeded
2945,295,271,2025-09-18,799,succeeded
2946,295,271,2025-10-17,799,succeeded
2947,295,271,2025-11-18,799,failed
2948,295,271,2025-11-24,799,succeeded
2949,295,271,2025-12-17,799,succeeded
2950,295,271,2026-01-15,799,succeeded
2951,295,271,2026-02-15,799,succeeded
2952,295,271,2026-03-16,799,succeeded
2953,295,271,2026-04-15,799,succeeded
2954,295,271,2026-05-14,799,succeeded
2955,295,271,2026-06-16,799,succeeded
2956,296,272,2026-04-24,199,failed
2957,296,272,2026-04-26,199,succeeded
2958,296,272,2026-05-22,199,succeeded
2959,296,272,2026-06-26,199,succeeded
2960,297,273,2024-07-26,199,succeeded
2961,297,273,2024-08-23,199,succeeded
2962,297,273,2024-09-23,199,succeeded
2963,297,273,2024-10-24,199,succeeded
2964,297,273,2024-11-26,199,succeeded
2965,297,273,2024-12-23,199,succeeded
2966,297,273,2025-01-23,199,succeeded
2967,297,273,2025-02-25,199,succeeded
2968,297,273,2025-03-25,199,succeeded
2969,297,273,2025-04-26,199,succeeded
2970,297,273,2025-05-24,199,succeeded
2971,297,273,2025-06-24,199,succeeded
2972,297,273,2025-07-24,199,succeeded
2973,297,273,2025-08-23,199,succeeded
2974,297,273,2025-09-23,199,succeeded
2975,297,273,2025-10-24,199,succeeded
2976,298,274,2025-01-12,199,succeeded
2977,298,274,2025-02-14,199,succeeded
2978,298,274,2025-03-12,199,succeeded
2979,298,274,2025-04-14,199,succeeded
2980,298,274,2025-05-14,199,succeeded
2981,298,274,2025-06-14,199,succeeded
2982,298,274,2025-07-12,199,succeeded
2983,298,274,2025-08-13,199,succeeded
2984,298,274,2025-09-14,199,succeeded
2985,298,274,2025-10-11,199,succeeded
2986,298,274,2025-11-14,199,succeeded
2987,298,274,2025-12-14,199,succeeded
2988,298,274,2026-01-13,199,succeeded
2989,298,274,2026-02-15,199,succeeded
2990,298,274,2026-03-13,199,succeeded
2991,298,274,2026-04-15,199,failed
2992,298,274,2026-04-19,199,succeeded
2993,298,274,2026-05-13,199,succeeded
2994,298,274,2026-06-12,199,succeeded
2995,299,275,2024-11-15,49,succeeded
2996,299,275,2024-12-13,49,succeeded
2997,299,275,2025-01-17,49,succeeded
2998,299,275,2025-02-15,49,succeeded
2999,299,275,2025-03-15,49,succeeded
3000,299,275,2025-04-15,49,succeeded
3001,299,275,2025-05-16,49,succeeded
3002,299,275,2025-06-13,49,succeeded
3003,299,275,2025-07-13,49,succeeded
3004,299,275,2025-08-16,49,succeeded
3005,299,275,2025-09-15,49,succeeded
3006,299,275,2025-10-17,49,succeeded
3007,299,275,2025-11-16,49,succeeded
3008,299,275,2025-12-14,49,succeeded
3009,299,275,2026-01-16,49,succeeded
3010,299,275,2026-02-13,49,succeeded
3011,299,275,2026-03-14,49,succeeded
3012,299,275,2026-04-16,49,succeeded
3013,299,275,2026-05-13,49,succeeded
3014,299,275,2026-06-15,49,succeeded
3015,300,276,2025-07-28,799,succeeded
3016,300,276,2025-08-26,799,succeeded
3017,300,276,2025-09-25,799,succeeded
3018,300,276,2025-10-25,799,succeeded
3019,300,276,2025-11-25,799,succeeded
3020,300,276,2025-12-25,799,succeeded
3021,300,276,2026-01-24,799,succeeded
3022,300,276,2026-02-24,799,succeeded
3023,300,276,2026-03-25,799,succeeded
3024,300,276,2026-04-26,799,succeeded
3025,300,276,2026-05-25,799,succeeded
3026,300,276,2026-06-28,799,succeeded
3027,301,277,2025-05-14,49,succeeded
3028,301,277,2025-06-12,49,succeeded
3029,301,277,2025-07-15,49,succeeded
3030,301,277,2025-08-12,49,succeeded
3031,301,277,2025-09-13,49,succeeded
3032,301,277,2025-10-16,49,succeeded
3033,301,277,2025-11-14,49,succeeded
3034,301,277,2025-12-16,49,succeeded
3035,301,277,2026-01-12,49,succeeded
3036,301,277,2026-02-13,49,succeeded
3037,301,277,2026-03-16,49,succeeded
3038,301,277,2026-04-12,49,succeeded
3039,301,277,2026-05-14,49,succeeded
3040,301,277,2026-06-13,49,succeeded
3041,302,278,2023-12-07,799,succeeded
3042,302,278,2024-01-04,799,succeeded
3043,302,278,2024-02-06,799,succeeded
3044,302,278,2024-03-04,799,succeeded
3045,302,278,2024-04-04,799,succeeded
3046,302,278,2024-05-06,799,succeeded
3047,302,278,2024-06-03,799,succeeded
3048,302,278,2024-07-03,799,succeeded
3049,302,278,2024-08-06,799,succeeded
3050,302,278,2024-09-06,799,succeeded
3051,302,278,2024-10-06,799,succeeded
3052,302,278,2024-11-03,799,succeeded
3053,302,278,2024-12-06,799,succeeded
3054,302,278,2025-01-04,799,succeeded
3055,302,278,2025-02-04,799,succeeded
3056,302,278,2025-03-05,799,succeeded
3057,302,278,2025-04-04,799,succeeded
3058,302,278,2025-05-06,799,succeeded
3059,302,278,2025-06-04,799,succeeded
3060,302,278,2025-07-05,799,succeeded
3061,302,278,2025-08-06,799,succeeded
3062,302,278,2025-09-03,799,succeeded
3063,302,278,2025-10-06,799,succeeded
3064,302,278,2025-11-06,799,succeeded
3065,302,278,2025-12-06,799,succeeded
3066,302,278,2026-01-07,799,succeeded
3067,302,278,2026-02-06,799,succeeded
3068,302,278,2026-03-03,799,succeeded
3069,302,278,2026-04-06,799,succeeded
3070,302,278,2026-05-06,799,succeeded
3071,302,278,2026-06-06,799,succeeded
3072,303,279,2025-08-26,49,succeeded
3073,303,279,2025-09-24,49,succeeded
3074,303,279,2025-10-23,49,succeeded
3075,303,279,2025-11-25,49,succeeded
3076,303,279,2025-12-22,49,succeeded
3077,303,279,2026-01-22,49,succeeded
3078,303,279,2026-02-24,49,succeeded
3079,303,279,2026-03-25,49,succeeded
3080,303,279,2026-04-24,49,succeeded
3081,303,279,2026-05-26,49,succeeded
3082,303,279,2026-06-23,49,succeeded
3083,304,280,2023-09-15,49,succeeded
3084,304,280,2023-10-15,49,succeeded
3085,304,280,2023-11-15,49,succeeded
3086,304,280,2023-12-16,49,succeeded
3087,304,280,2024-01-15,49,succeeded
3088,304,280,2024-02-17,49,succeeded
3089,304,280,2024-03-15,49,succeeded
3090,304,280,2024-04-18,49,succeeded
3091,304,280,2024-05-19,49,succeeded
3092,304,280,2024-06-18,49,succeeded
3093,304,280,2024-07-16,49,succeeded
3094,304,280,2024-08-19,49,succeeded
3095,304,280,2024-09-18,49,succeeded
3096,304,280,2024-10-16,49,succeeded
3097,304,280,2024-11-16,49,succeeded
3098,305,281,2025-01-18,49,succeeded
3099,305,281,2025-02-14,49,succeeded
3100,306,282,2024-02-25,199,succeeded
3101,306,282,2024-03-22,199,succeeded
3102,306,282,2024-04-26,199,succeeded
3103,306,282,2024-05-24,199,succeeded
3104,306,282,2024-06-25,199,succeeded
3105,306,282,2024-07-24,199,succeeded
3106,306,282,2024-08-23,199,succeeded
3107,306,282,2024-09-25,199,succeeded
3108,306,282,2024-10-23,199,succeeded
3109,306,282,2024-11-23,199,succeeded
3110,306,282,2024-12-25,199,succeeded
3111,306,282,2025-01-25,199,succeeded
3112,306,282,2025-02-24,199,succeeded
3113,306,282,2025-03-26,199,succeeded
3114,306,282,2025-04-25,199,succeeded
3115,306,282,2025-05-24,199,succeeded
3116,306,282,2025-06-25,199,succeeded
3117,306,282,2025-07-22,199,succeeded
3118,306,282,2025-08-24,199,succeeded
3119,306,282,2025-09-26,199,succeeded
3120,306,282,2025-10-26,199,succeeded
3121,306,282,2025-11-26,199,succeeded
3122,306,282,2025-12-24,199,succeeded
3123,306,282,2026-01-25,199,succeeded
3124,306,282,2026-02-22,199,succeeded
3125,306,282,2026-03-26,199,succeeded
3126,306,282,2026-04-24,199,succeeded
3127,306,282,2026-05-26,199,succeeded
3128,307,282,2026-06-02,49,succeeded
3129,308,283,2025-09-02,199,succeeded
3130,308,283,2025-10-01,199,succeeded
3131,308,283,2025-11-01,199,succeeded
3132,308,283,2025-12-03,199,succeeded
3133,308,283,2026-01-05,199,succeeded
3134,308,283,2026-02-04,199,succeeded
3135,308,283,2026-03-02,199,succeeded
3136,308,283,2026-04-05,199,succeeded
3137,308,283,2026-05-04,199,succeeded
3138,308,283,2026-06-01,199,succeeded
3139,309,284,2024-06-12,199,succeeded
3140,309,284,2024-07-12,199,succeeded
3141,309,284,2024-08-10,199,succeeded
3142,309,284,2024-09-12,199,succeeded
3143,309,284,2024-10-10,199,succeeded
3144,309,284,2024-11-09,199,succeeded
3145,309,284,2024-12-11,199,succeeded
3146,309,284,2025-01-13,199,succeeded
3147,309,284,2025-02-12,199,succeeded
3148,309,284,2025-03-09,199,succeeded
3149,309,284,2025-04-10,199,succeeded
3150,309,284,2025-05-12,199,succeeded
3151,309,284,2025-06-12,199,succeeded
3152,309,284,2025-07-11,199,succeeded
3153,309,284,2025-08-10,199,succeeded
3154,309,284,2025-09-12,199,succeeded
3155,309,284,2025-10-13,199,succeeded
3156,309,284,2025-11-11,199,succeeded
3157,310,284,2025-12-05,49,succeeded
3158,310,284,2026-01-05,49,succeeded
3159,310,284,2026-02-02,49,succeeded
3160,310,284,2026-03-02,49,succeeded
3161,310,284,2026-04-04,49,failed
3162,310,284,2026-04-09,49,succeeded
3163,310,284,2026-05-05,49,succeeded
3164,310,284,2026-06-01,49,succeeded
3165,311,285,2025-07-10,49,succeeded
3166,312,286,2024-06-27,49,succeeded
3167,312,286,2024-07-29,49,succeeded
3168,312,286,2024-08-27,49,succeeded
3169,312,286,2024-09-28,49,succeeded
3170,312,286,2024-10-30,49,succeeded
3171,312,286,2024-11-30,49,succeeded
3172,312,286,2024-12-29,49,succeeded
3173,312,286,2025-01-30,49,succeeded
3174,312,286,2025-03-03,49,succeeded
3175,312,286,2025-03-31,49,succeeded
3176,312,286,2025-04-27,49,succeeded
3177,312,286,2025-05-31,49,succeeded
3178,312,286,2025-06-29,49,succeeded
3179,312,286,2025-07-27,49,succeeded
3180,312,286,2025-08-28,49,succeeded
3181,312,286,2025-09-30,49,succeeded
3182,312,286,2025-10-29,49,succeeded
3183,312,286,2025-11-28,49,succeeded
3184,312,286,2025-12-31,49,succeeded
3185,313,287,2024-09-02,49,succeeded
3186,313,287,2024-10-02,49,succeeded
3187,313,287,2024-11-06,49,failed
3188,313,287,2024-11-10,49,succeeded
3189,313,287,2024-12-06,49,succeeded
3190,313,287,2025-01-04,49,succeeded
3191,313,287,2025-02-03,49,succeeded
3192,313,287,2025-03-06,49,succeeded
3193,313,287,2025-04-03,49,succeeded
3194,313,287,2025-05-03,49,succeeded
3195,313,287,2025-06-05,49,succeeded
3196,313,287,2025-07-04,49,succeeded
3197,313,287,2025-08-02,49,succeeded
3198,313,287,2025-09-05,49,succeeded
3199,313,287,2025-10-03,49,succeeded
3200,313,287,2025-11-04,49,succeeded
3201,313,287,2025-12-04,49,succeeded
3202,313,287,2026-01-02,49,succeeded
3203,313,287,2026-02-04,49,succeeded
3204,313,287,2026-03-06,49,succeeded
3205,313,287,2026-04-05,49,succeeded
3206,313,287,2026-05-06,49,succeeded
3207,313,287,2026-06-04,49,succeeded
3208,314,288,2026-01-23,49,succeeded
3209,314,288,2026-02-21,49,succeeded
3210,314,288,2026-03-22,49,failed
3211,314,288,2026-04-22,49,succeeded
3212,314,288,2026-05-21,49,succeeded
3213,314,288,2026-06-20,49,succeeded
3214,315,289,2024-09-08,199,succeeded
3215,315,289,2024-10-08,199,succeeded
3216,315,289,2024-11-04,199,succeeded
3217,315,289,2024-12-07,199,succeeded
3218,315,289,2025-01-04,199,succeeded
3219,315,289,2025-02-08,199,succeeded
3220,315,289,2025-03-05,199,succeeded
3221,315,289,2025-04-05,199,succeeded
3222,315,289,2025-05-05,199,succeeded
3223,315,289,2025-06-05,199,succeeded
3224,315,289,2025-07-08,199,succeeded
3225,315,289,2025-08-07,199,succeeded
3226,315,289,2025-09-08,199,succeeded
3227,315,289,2025-10-05,199,succeeded
3228,315,289,2025-11-05,199,succeeded
3229,315,289,2025-12-08,199,succeeded
3230,315,289,2026-01-05,199,succeeded
3231,315,289,2026-02-07,199,succeeded
3232,315,289,2026-03-06,199,succeeded
3233,315,289,2026-04-08,199,succeeded
3234,315,289,2026-05-05,199,succeeded
3235,315,289,2026-06-04,199,succeeded
3236,316,290,2026-01-19,199,succeeded
3237,316,290,2026-02-16,199,succeeded
3238,316,290,2026-03-17,199,succeeded
3239,316,290,2026-04-18,199,succeeded
3240,316,290,2026-05-16,199,succeeded
3241,316,290,2026-06-18,199,succeeded
3242,317,291,2024-10-05,49,succeeded
3243,317,291,2024-11-08,49,succeeded
3244,317,291,2024-12-04,49,succeeded
3245,317,291,2025-01-08,49,succeeded
3246,317,291,2025-02-08,49,succeeded
3247,318,292,2026-03-31,199,succeeded
3248,318,292,2026-05-02,199,succeeded
3249,318,292,2026-05-31,199,succeeded
3250,319,293,2026-05-07,49,succeeded
3251,319,293,2026-06-07,49,succeeded
3252,320,294,2024-11-13,199,succeeded
3253,320,294,2024-12-16,199,succeeded
3254,320,294,2025-01-14,199,succeeded
3255,320,294,2025-02-14,199,succeeded
3256,320,294,2025-03-15,199,succeeded
3257,320,294,2025-04-14,199,succeeded
3258,320,294,2025-05-15,199,succeeded
3259,320,294,2025-06-13,199,succeeded
3260,320,294,2025-07-14,199,succeeded
3261,320,294,2025-08-16,199,succeeded
3262,320,294,2025-09-14,199,succeeded
3263,320,294,2025-10-12,199,succeeded
3264,320,294,2025-11-14,199,succeeded
3265,320,294,2025-12-15,199,succeeded
3266,320,294,2026-01-12,199,succeeded
3267,320,294,2026-02-14,199,succeeded
3268,320,294,2026-03-12,199,succeeded
3269,320,294,2026-04-12,199,succeeded
3270,320,294,2026-05-13,199,succeeded
3271,320,294,2026-06-14,199,succeeded
3272,322,296,2024-03-26,199,succeeded
3273,322,296,2024-04-29,199,succeeded
3274,322,296,2024-05-28,199,succeeded
3275,322,296,2024-06-25,199,succeeded
3276,322,296,2024-07-27,199,succeeded
3277,322,296,2024-08-27,199,succeeded
3278,322,296,2024-09-27,199,succeeded
3279,322,296,2024-10-29,199,succeeded
3280,322,296,2024-11-27,199,succeeded
3281,322,296,2024-12-26,199,succeeded
3282,322,296,2025-01-28,199,succeeded
3283,322,296,2025-02-26,199,failed
3284,322,296,2025-03-04,199,succeeded
3285,322,296,2025-03-29,199,succeeded
3286,322,296,2025-04-29,199,succeeded
3287,322,296,2025-05-26,199,succeeded
3288,322,296,2025-06-25,199,succeeded
3289,322,296,2025-07-27,199,succeeded
3290,322,296,2025-08-29,199,succeeded
3291,322,296,2025-09-27,199,succeeded
3292,322,296,2025-10-27,199,succeeded
3293,322,296,2025-11-29,199,succeeded
3294,322,296,2025-12-25,199,succeeded
3295,322,296,2026-01-27,199,succeeded
3296,322,296,2026-02-28,199,succeeded
3297,322,296,2026-03-29,199,succeeded
3298,322,296,2026-04-28,199,succeeded
3299,322,296,2026-05-29,199,succeeded
3300,323,296,2026-06-04,49,succeeded
3301,324,297,2025-07-18,799,succeeded
3302,324,297,2025-08-18,799,succeeded
3303,324,297,2025-09-18,799,succeeded
3304,324,297,2025-10-16,799,succeeded
3305,324,297,2025-11-17,799,succeeded
3306,324,297,2025-12-16,799,succeeded
3307,324,297,2026-01-18,799,succeeded
3308,324,297,2026-02-17,799,succeeded
3309,324,297,2026-03-17,799,succeeded
3310,324,297,2026-04-20,799,succeeded
3311,324,297,2026-05-16,799,succeeded
3312,324,297,2026-06-18,799,succeeded
3313,325,298,2025-04-21,199,succeeded
3314,325,298,2025-05-22,199,succeeded
3315,325,298,2025-06-22,199,succeeded
3316,325,298,2025-07-21,199,succeeded
3317,325,298,2025-08-22,199,succeeded
3318,325,298,2025-09-23,199,succeeded
3319,325,298,2025-10-22,199,succeeded
3320,325,298,2025-11-19,199,succeeded
3321,325,298,2025-12-21,199,succeeded
3322,325,298,2026-01-23,199,succeeded
3323,325,298,2026-02-19,199,succeeded
3324,325,298,2026-03-20,199,succeeded
3325,325,298,2026-04-20,199,succeeded
3326,325,298,2026-05-22,199,succeeded
3327,325,298,2026-06-22,199,succeeded
3328,326,299,2026-01-15,49,succeeded
3329,326,299,2026-02-12,49,succeeded
3330,326,299,2026-03-13,49,succeeded
3331,326,299,2026-04-11,49,succeeded
3332,326,299,2026-05-14,49,succeeded
3333,326,299,2026-06-13,49,succeeded
3334,327,300,2024-08-26,49,succeeded
3335,327,300,2024-09-29,49,succeeded
3336,327,300,2024-10-29,49,succeeded
3337,328,301,2025-01-19,199,failed
3338,328,301,2025-01-24,199,succeeded
3339,328,301,2025-02-19,199,succeeded
3340,328,301,2025-03-15,199,succeeded
3341,328,301,2025-04-15,199,succeeded
3342,328,301,2025-05-15,199,succeeded
3343,328,301,2025-06-19,199,succeeded
3344,328,301,2025-07-17,199,failed
3345,328,301,2025-07-22,199,succeeded
3346,328,301,2025-08-19,199,succeeded
3347,328,301,2025-09-17,199,succeeded
3348,328,301,2025-10-18,199,succeeded
3349,328,301,2025-11-17,199,succeeded
3350,328,301,2025-12-17,199,succeeded
3351,328,301,2026-01-19,199,succeeded
3352,328,301,2026-02-18,199,succeeded
3353,328,301,2026-03-16,199,succeeded
3354,328,301,2026-04-18,199,succeeded
3355,328,301,2026-05-17,199,succeeded
3356,328,301,2026-06-15,199,succeeded
3357,329,302,2024-12-25,799,succeeded
3358,329,302,2025-01-23,799,succeeded
3359,329,302,2025-02-24,799,succeeded
3360,329,302,2025-03-23,799,succeeded
3361,329,302,2025-04-25,799,succeeded
3362,329,302,2025-05-25,799,succeeded
3363,329,302,2025-06-21,799,succeeded
3364,329,302,2025-07-24,799,succeeded
3365,329,302,2025-08-21,799,succeeded
3366,329,302,2025-09-25,799,succeeded
3367,329,302,2025-10-22,799,succeeded
3368,329,302,2025-11-24,799,succeeded
3369,329,302,2025-12-23,799,succeeded
3370,329,302,2026-01-23,799,succeeded
3371,329,302,2026-02-25,799,succeeded
3372,329,302,2026-03-23,799,succeeded
3373,329,302,2026-04-24,799,succeeded
3374,329,302,2026-05-24,799,succeeded
3375,329,302,2026-06-25,799,succeeded
3376,330,303,2025-06-13,199,succeeded
3377,330,303,2025-07-13,199,succeeded
3378,330,303,2025-08-16,199,succeeded
3379,330,303,2025-09-17,199,succeeded
3380,330,303,2025-10-14,199,succeeded
3381,330,303,2025-11-13,199,succeeded
3382,330,303,2025-12-16,199,succeeded
3383,330,303,2026-01-14,199,succeeded
3384,330,303,2026-02-15,199,succeeded
3385,330,303,2026-03-16,199,succeeded
3386,330,303,2026-04-13,199,succeeded
3387,330,303,2026-05-15,199,succeeded
3388,330,303,2026-06-16,199,succeeded
3389,331,304,2025-06-15,799,succeeded
3390,331,304,2025-07-15,799,succeeded
3391,331,304,2025-08-16,799,succeeded
3392,331,304,2025-09-19,799,succeeded
3393,331,304,2025-10-18,799,succeeded
3394,331,304,2025-11-17,799,succeeded
3395,331,304,2025-12-16,799,succeeded
3396,331,304,2026-01-16,799,succeeded
3397,331,304,2026-02-19,799,succeeded
3398,331,304,2026-03-19,799,succeeded
3399,331,304,2026-04-15,799,succeeded
3400,331,304,2026-05-16,799,succeeded
3401,331,304,2026-06-18,799,succeeded
3402,332,305,2024-06-19,49,succeeded
3403,332,305,2024-07-17,49,succeeded
3404,332,305,2024-08-19,49,succeeded
3405,332,305,2024-09-17,49,succeeded
3406,332,305,2024-10-17,49,succeeded
3407,332,305,2024-11-19,49,succeeded
3408,332,305,2024-12-17,49,succeeded
3409,332,305,2025-01-17,49,succeeded
3410,332,305,2025-02-17,49,succeeded
3411,332,305,2025-03-18,49,succeeded
3412,332,305,2025-04-18,49,succeeded
3413,332,305,2025-05-17,49,succeeded
3414,332,305,2025-06-20,49,succeeded
3415,333,306,2025-12-30,49,succeeded
3416,333,306,2026-01-28,49,succeeded
3417,333,306,2026-03-01,49,failed
3418,333,306,2026-03-06,49,succeeded
3419,333,306,2026-03-29,49,succeeded
3420,334,307,2024-12-04,199,succeeded
3421,334,307,2025-01-05,199,succeeded
3422,334,307,2025-02-03,199,succeeded
3423,334,307,2025-03-04,199,succeeded
3424,335,307,2025-04-01,799,succeeded
3425,335,307,2025-05-02,799,succeeded
3426,335,307,2025-06-02,799,succeeded
3427,335,307,2025-07-04,799,succeeded
3428,335,307,2025-08-02,799,succeeded
3429,335,307,2025-09-01,799,succeeded
3430,335,307,2025-10-03,799,succeeded
3431,335,307,2025-11-03,799,succeeded
3432,335,307,2025-12-03,799,succeeded
3433,335,307,2026-01-02,799,succeeded
3434,335,307,2026-02-01,799,succeeded
3435,335,307,2026-03-05,799,succeeded
3436,335,307,2026-04-04,799,succeeded
3437,335,307,2026-05-05,799,succeeded
3438,335,307,2026-06-03,799,succeeded
3439,336,308,2025-04-21,49,succeeded
3440,336,308,2025-05-20,49,succeeded
3441,336,308,2025-06-24,49,succeeded
3442,336,308,2025-07-24,49,succeeded
3443,336,308,2025-08-20,49,succeeded
3444,336,308,2025-09-22,49,succeeded
3445,336,308,2025-10-21,49,succeeded
3446,336,308,2025-11-20,49,succeeded
3447,336,308,2025-12-22,49,succeeded
3448,336,308,2026-01-22,49,succeeded
3449,337,308,2026-02-04,199,succeeded
3450,337,308,2026-03-05,199,succeeded
3451,337,308,2026-04-03,199,succeeded
3452,337,308,2026-05-05,199,succeeded
3453,339,310,2026-06-11,49,succeeded
3454,340,311,2024-07-11,199,succeeded
3455,340,311,2024-08-09,199,succeeded
3456,340,311,2024-09-12,199,succeeded
3457,340,311,2024-10-09,199,succeeded
3458,340,311,2024-11-13,199,succeeded
3459,340,311,2024-12-11,199,succeeded
3460,341,312,2025-06-09,799,failed
3461,341,312,2025-07-07,799,succeeded
3462,341,312,2025-08-07,799,succeeded
3463,341,312,2025-09-05,799,succeeded
3464,341,312,2025-10-05,799,succeeded
3465,341,312,2025-11-08,799,succeeded
3466,341,312,2025-12-08,799,succeeded
3467,341,312,2026-01-08,799,succeeded
3468,341,312,2026-02-09,799,succeeded
3469,341,312,2026-03-06,799,succeeded
3470,341,312,2026-04-05,799,succeeded
3471,341,312,2026-05-09,799,succeeded
3472,341,312,2026-06-07,799,succeeded
3473,342,313,2025-11-12,199,succeeded
3474,342,313,2025-12-10,199,succeeded
3475,342,313,2026-01-14,199,succeeded
3476,342,313,2026-02-14,199,succeeded
3477,342,313,2026-03-12,199,succeeded
3478,342,313,2026-04-13,199,succeeded
3479,342,313,2026-05-11,199,succeeded
3480,342,313,2026-06-11,199,succeeded
3481,343,314,2025-05-25,199,succeeded
3482,343,314,2025-06-24,199,succeeded
3483,344,315,2025-07-14,199,succeeded
3484,344,315,2025-08-15,199,failed
3485,344,315,2025-08-20,199,succeeded
3486,344,315,2025-09-14,199,succeeded
3487,344,315,2025-10-12,199,succeeded
3488,344,315,2025-11-13,199,succeeded
3489,344,315,2025-12-12,199,succeeded
3490,344,315,2026-01-11,199,succeeded
3491,344,315,2026-02-14,199,succeeded
3492,344,315,2026-03-15,199,succeeded
3493,344,315,2026-04-13,199,failed
3494,344,315,2026-05-15,199,succeeded
3495,344,315,2026-06-13,199,succeeded
3496,345,316,2026-06-23,799,succeeded
3497,346,317,2026-03-12,49,succeeded
3498,346,317,2026-04-15,49,succeeded
3499,347,318,2025-05-26,799,succeeded
3500,347,318,2025-06-26,799,succeeded
3501,347,318,2025-07-29,799,succeeded
3502,347,318,2025-08-26,799,failed
3503,347,318,2025-08-30,799,succeeded
3504,347,318,2025-09-28,799,succeeded
3505,347,318,2025-10-29,799,succeeded
3506,347,318,2025-11-29,799,succeeded
3507,347,318,2025-12-26,799,succeeded
3508,347,318,2026-01-29,799,succeeded
3509,347,318,2026-02-27,799,succeeded
3510,347,318,2026-03-26,799,succeeded
3511,347,318,2026-04-25,799,succeeded
3512,347,318,2026-05-25,799,succeeded
3513,347,318,2026-06-27,799,succeeded
3514,348,319,2025-01-11,199,succeeded
3515,348,319,2025-02-13,199,succeeded
3516,348,319,2025-03-12,199,succeeded
3517,348,319,2025-04-13,199,succeeded
3518,348,319,2025-05-10,199,succeeded
3519,348,319,2025-06-10,199,succeeded
3520,348,319,2025-07-13,199,succeeded
3521,348,319,2025-08-14,199,succeeded
3522,348,319,2025-09-14,199,succeeded
3523,348,319,2025-10-14,199,succeeded
3524,348,319,2025-11-14,199,succeeded
3525,348,319,2025-12-14,199,succeeded
3526,348,319,2026-01-13,199,succeeded
3527,348,319,2026-02-12,199,succeeded
3528,348,319,2026-03-13,199,succeeded
3529,348,319,2026-04-11,199,succeeded
3530,348,319,2026-05-13,199,succeeded
3531,348,319,2026-06-11,199,succeeded
3532,349,320,2025-01-28,799,succeeded
3533,349,320,2025-02-24,799,succeeded
3534,349,320,2025-03-25,799,succeeded
3535,349,320,2025-04-27,799,succeeded
3536,349,320,2025-05-26,799,succeeded
3537,349,320,2025-06-26,799,succeeded
3538,349,320,2025-07-27,799,succeeded
3539,349,320,2025-08-27,799,succeeded
3540,349,320,2025-09-27,799,succeeded
3541,349,320,2025-10-28,799,succeeded
3542,349,320,2025-11-26,799,succeeded
3543,349,320,2025-12-25,799,succeeded
3544,349,320,2026-01-25,799,succeeded
3545,349,320,2026-02-24,799,succeeded
3546,349,320,2026-03-26,799,succeeded
3547,349,320,2026-04-28,799,succeeded
3548,349,320,2026-05-27,799,succeeded
3549,349,320,2026-06-24,799,succeeded
3550,350,321,2025-05-24,49,succeeded
3551,350,321,2025-06-23,49,succeeded
3552,350,321,2025-07-24,49,succeeded
3553,350,321,2025-08-24,49,succeeded
3554,350,321,2025-09-21,49,succeeded
3555,350,321,2025-10-20,49,succeeded
3556,350,321,2025-11-20,49,succeeded
3557,350,321,2025-12-20,49,succeeded
3558,350,321,2026-01-22,49,failed
3559,350,321,2026-01-24,49,succeeded
3560,350,321,2026-02-22,49,succeeded
3561,350,321,2026-03-21,49,succeeded
3562,350,321,2026-04-20,49,succeeded
3563,350,321,2026-05-23,49,succeeded
3564,350,321,2026-06-22,49,succeeded
3565,351,322,2024-12-24,199,succeeded
3566,351,322,2025-01-27,199,succeeded
3567,351,322,2025-02-27,199,succeeded
3568,351,322,2025-03-23,199,succeeded
3569,351,322,2025-04-25,199,succeeded
3570,351,322,2025-05-24,199,succeeded
3571,351,322,2025-06-26,199,succeeded
3572,351,322,2025-07-27,199,succeeded
3573,351,322,2025-08-23,199,succeeded
3574,351,322,2025-09-24,199,succeeded
3575,351,322,2025-10-26,199,succeeded
3576,351,322,2025-11-23,199,succeeded
3577,351,322,2025-12-27,199,succeeded
3578,351,322,2026-01-24,199,succeeded
3579,351,322,2026-02-27,199,succeeded
3580,351,322,2026-03-27,199,succeeded
3581,351,322,2026-04-24,199,succeeded
3582,351,322,2026-05-24,199,succeeded
3583,351,322,2026-06-26,199,succeeded
3584,352,323,2025-08-05,49,succeeded
3585,352,323,2025-09-04,49,succeeded
3586,352,323,2025-10-06,49,succeeded
3587,352,323,2025-11-03,49,succeeded
3588,352,323,2025-12-02,49,succeeded
3589,352,323,2026-01-02,49,succeeded
3590,352,323,2026-02-06,49,failed
3591,352,323,2026-02-12,49,succeeded
3592,352,323,2026-03-03,49,succeeded
3593,352,323,2026-04-05,49,succeeded
3594,352,323,2026-05-03,49,succeeded
3595,352,323,2026-06-02,49,succeeded
3596,353,324,2024-10-21,49,succeeded
3597,353,324,2024-11-20,49,succeeded
3598,353,324,2024-12-21,49,succeeded
3599,353,324,2025-01-24,49,succeeded
3600,353,324,2025-02-20,49,succeeded
3601,353,324,2025-03-20,49,succeeded
3602,353,324,2025-04-23,49,succeeded
3603,353,324,2025-05-24,49,succeeded
3604,353,324,2025-06-24,49,succeeded
3605,353,324,2025-07-21,49,succeeded
3606,353,324,2025-08-24,49,succeeded
3607,353,324,2025-09-21,49,succeeded
3608,353,324,2025-10-21,49,succeeded
3609,353,324,2025-11-22,49,succeeded
3610,353,324,2025-12-24,49,succeeded
3611,353,324,2026-01-24,49,succeeded
3612,353,324,2026-02-22,49,succeeded
3613,353,324,2026-03-21,49,succeeded
3614,353,324,2026-04-22,49,succeeded
3615,353,324,2026-05-22,49,succeeded
3616,353,324,2026-06-22,49,failed
3617,353,324,2026-06-24,49,succeeded
3618,354,325,2026-05-10,49,succeeded
3619,354,325,2026-06-11,49,succeeded
3620,356,327,2023-11-25,199,succeeded
3621,356,327,2023-12-27,199,succeeded
3622,356,327,2024-01-26,199,succeeded
3623,356,327,2024-02-28,199,succeeded
3624,356,327,2024-03-27,199,succeeded
3625,356,327,2024-04-25,199,succeeded
3626,356,327,2024-05-28,199,succeeded
3627,357,327,2024-06-01,799,succeeded
3628,357,327,2024-07-03,799,succeeded
3629,357,327,2024-08-04,799,succeeded
3630,357,327,2024-09-02,799,succeeded
3631,357,327,2024-10-05,799,succeeded
3632,357,327,2024-11-01,799,succeeded
3633,357,327,2024-12-04,799,succeeded
3634,357,327,2025-01-04,799,succeeded
3635,357,327,2025-02-02,799,failed
3636,357,327,2025-02-06,799,succeeded
3637,357,327,2025-03-05,799,succeeded
3638,357,327,2025-04-02,799,succeeded
3639,357,327,2025-05-05,799,succeeded
3640,357,327,2025-06-05,799,succeeded
3641,357,327,2025-07-01,799,succeeded
3642,357,327,2025-08-03,799,succeeded
3643,357,327,2025-09-03,799,succeeded
3644,357,327,2025-10-02,799,succeeded
3645,357,327,2025-11-03,799,succeeded
3646,357,327,2025-12-02,799,succeeded
3647,357,327,2026-01-03,799,succeeded
3648,357,327,2026-02-05,799,succeeded
3649,357,327,2026-03-03,799,succeeded
3650,357,327,2026-04-03,799,succeeded
3651,357,327,2026-05-02,799,succeeded
3652,357,327,2026-06-04,799,succeeded
3653,358,328,2024-07-31,199,succeeded
3654,358,328,2024-08-29,199,succeeded
3655,358,328,2024-09-27,199,succeeded
3656,358,328,2024-10-28,199,succeeded
3657,358,328,2024-11-29,199,succeeded
3658,358,328,2024-12-28,199,succeeded
3659,358,328,2025-01-28,199,succeeded
3660,358,328,2025-02-27,199,succeeded
3661,358,328,2025-03-31,199,succeeded
3662,358,328,2025-04-30,199,succeeded
3663,358,328,2025-05-30,199,succeeded
3664,358,328,2025-06-28,199,succeeded
3665,358,328,2025-07-31,199,succeeded
3666,358,328,2025-08-27,199,succeeded
3667,358,328,2025-10-01,199,succeeded
3668,358,328,2025-10-28,199,succeeded
3669,358,328,2025-11-28,199,succeeded
3670,358,328,2025-12-30,199,succeeded
3671,358,328,2026-01-31,199,succeeded
3672,358,328,2026-03-03,199,succeeded
3673,358,328,2026-03-31,199,succeeded
3674,358,328,2026-04-29,199,succeeded
3675,358,328,2026-05-29,199,succeeded
3676,358,328,2026-06-30,199,succeeded
3677,359,329,2025-05-24,799,succeeded
3678,359,329,2025-06-22,799,succeeded
3679,359,329,2025-07-25,799,succeeded
3680,359,329,2025-08-24,799,succeeded
3681,359,329,2025-09-25,799,succeeded
3682,359,329,2025-10-25,799,succeeded
3683,359,329,2025-11-21,799,succeeded
3684,359,329,2025-12-22,799,succeeded
3685,359,329,2026-01-21,799,succeeded
3686,359,329,2026-02-22,799,succeeded
3687,359,329,2026-03-21,799,succeeded
3688,359,329,2026-04-23,799,succeeded
3689,359,329,2026-05-24,799,succeeded
3690,359,329,2026-06-21,799,succeeded
3691,360,330,2025-10-30,799,succeeded
3692,360,330,2025-12-02,799,succeeded
3693,360,330,2026-01-01,799,succeeded
3694,360,330,2026-01-28,799,succeeded
3695,360,330,2026-03-02,799,succeeded
3696,360,330,2026-03-29,799,succeeded
3697,360,330,2026-05-01,799,succeeded
3698,360,330,2026-05-31,799,succeeded
3699,360,330,2026-06-30,799,succeeded
3700,361,331,2026-04-11,49,succeeded
3701,361,331,2026-05-12,49,succeeded
3702,361,331,2026-06-09,49,succeeded
3703,362,332,2024-08-09,799,succeeded
3704,362,332,2024-09-12,799,succeeded
3705,362,332,2024-10-09,799,succeeded
3706,362,332,2024-11-09,799,succeeded
3707,362,332,2024-12-10,799,succeeded
3708,362,332,2025-01-11,799,succeeded
3709,362,332,2025-02-10,799,succeeded
3710,362,332,2025-03-12,799,succeeded
3711,362,332,2025-04-09,799,succeeded
3712,362,332,2025-05-10,799,succeeded
3713,363,333,2025-09-02,799,succeeded
3714,363,333,2025-10-02,799,succeeded
3715,363,333,2025-11-02,799,succeeded
3716,363,333,2025-12-04,799,succeeded
3717,363,333,2026-01-03,799,succeeded
3718,363,333,2026-02-04,799,succeeded
3719,363,333,2026-03-02,799,succeeded
3720,363,333,2026-04-03,799,succeeded
3721,363,333,2026-05-02,799,succeeded
3722,363,333,2026-06-05,799,failed
3723,363,333,2026-06-09,799,succeeded
3724,364,334,2026-05-14,49,succeeded
3725,364,334,2026-06-15,49,succeeded
3726,365,335,2025-07-25,49,succeeded
3727,367,337,2026-02-23,49,succeeded
3728,367,337,2026-03-22,49,succeeded
3729,367,337,2026-04-23,49,succeeded
3730,367,337,2026-05-20,49,succeeded
3731,368,337,2026-06-02,199,succeeded
3732,369,338,2025-05-08,49,succeeded
3733,369,338,2025-06-05,49,succeeded
3734,369,338,2025-07-06,49,succeeded
3735,369,338,2025-08-09,49,succeeded
3736,370,339,2025-11-25,199,succeeded
3737,370,339,2025-12-26,199,succeeded
3738,370,339,2026-01-26,199,succeeded
3739,370,339,2026-02-27,199,succeeded
3740,370,339,2026-03-29,199,succeeded
3741,370,339,2026-04-29,199,succeeded
3742,370,339,2026-05-25,199,succeeded
3743,370,339,2026-06-26,199,succeeded
3744,371,340,2024-06-22,199,succeeded
3745,371,340,2024-07-21,199,succeeded
3746,371,340,2024-08-25,199,succeeded
3747,371,340,2024-09-23,199,succeeded
3748,371,340,2024-10-21,199,succeeded
3749,371,340,2024-11-24,199,succeeded
3750,371,340,2024-12-23,199,succeeded
3751,371,340,2025-01-25,199,succeeded
3752,371,340,2025-02-24,199,succeeded
3753,371,340,2025-03-23,199,succeeded
3754,371,340,2025-04-23,199,succeeded
3755,371,340,2025-05-25,199,succeeded
3756,371,340,2025-06-23,199,succeeded
3757,371,340,2025-07-22,199,failed
3758,371,340,2025-07-25,199,succeeded
3759,371,340,2025-08-25,199,succeeded
3760,371,340,2025-09-24,199,succeeded
3761,371,340,2025-10-22,199,succeeded
3762,371,340,2025-11-21,199,succeeded
3763,371,340,2025-12-23,199,succeeded
3764,371,340,2026-01-25,199,succeeded
3765,371,340,2026-02-23,199,succeeded
3766,371,340,2026-03-21,199,succeeded
3767,371,340,2026-04-24,199,failed
3768,371,340,2026-05-24,199,succeeded
3769,371,340,2026-06-23,199,succeeded
3770,372,341,2024-06-22,49,succeeded
3771,372,341,2024-07-23,49,succeeded
3772,372,341,2024-08-23,49,succeeded
3773,372,341,2024-09-24,49,succeeded
3774,372,341,2024-10-20,49,succeeded
3775,372,341,2024-11-22,49,succeeded
3776,372,341,2024-12-22,49,succeeded
3777,372,341,2025-01-22,49,succeeded
3778,372,341,2025-02-22,49,succeeded
3779,372,341,2025-03-22,49,succeeded
3780,372,341,2025-04-21,49,succeeded
3781,372,341,2025-05-23,49,succeeded
3782,372,341,2025-06-23,49,succeeded
3783,372,341,2025-07-22,49,succeeded
3784,372,341,2025-08-20,49,succeeded
3785,372,341,2025-09-24,49,succeeded
3786,372,341,2025-10-23,49,succeeded
3787,372,341,2025-11-22,49,succeeded
3788,372,341,2025-12-21,49,succeeded
3789,372,341,2026-01-20,49,succeeded
3790,372,341,2026-02-23,49,succeeded
3791,372,341,2026-03-20,49,succeeded
3792,372,341,2026-04-23,49,succeeded
3793,372,341,2026-05-21,49,succeeded
3794,372,341,2026-06-20,49,succeeded
3795,373,342,2026-04-05,199,succeeded
3796,373,342,2026-05-07,199,succeeded
3797,373,342,2026-06-06,199,succeeded
3798,374,343,2024-08-16,49,succeeded
3799,374,343,2024-09-15,49,succeeded
3800,374,343,2024-10-14,49,succeeded
3801,374,343,2024-11-18,49,succeeded
3802,374,343,2024-12-15,49,succeeded
3803,374,343,2025-01-15,49,succeeded
3804,374,343,2025-02-15,49,succeeded
3805,374,343,2025-03-17,49,succeeded
3806,374,343,2025-04-14,49,succeeded
3807,375,344,2025-03-07,799,succeeded
3808,375,344,2025-04-07,799,succeeded
3809,375,344,2025-05-05,799,succeeded
3810,375,344,2025-06-04,799,succeeded
3811,375,344,2025-07-03,799,succeeded
3812,375,344,2025-08-07,799,succeeded
3813,375,344,2025-09-06,799,succeeded
3814,375,344,2025-10-05,799,succeeded
3815,375,344,2025-11-05,799,failed
3816,375,344,2025-11-09,799,succeeded
3817,375,344,2025-12-05,799,succeeded
3818,375,344,2026-01-04,799,succeeded
3819,375,344,2026-02-06,799,succeeded
3820,375,344,2026-03-05,799,succeeded
3821,375,344,2026-04-06,799,succeeded
3822,375,344,2026-05-07,799,failed
3823,375,344,2026-06-07,799,succeeded
3824,376,345,2026-03-18,49,succeeded
3825,376,345,2026-04-22,49,succeeded
3826,376,345,2026-05-21,49,succeeded
3827,376,345,2026-06-19,49,succeeded
3828,377,346,2024-12-16,49,succeeded
3829,378,347,2026-05-12,199,succeeded
3830,378,347,2026-06-08,199,succeeded
3831,379,348,2025-06-29,199,succeeded
3832,379,348,2025-07-25,199,succeeded
3833,379,348,2025-08-29,199,succeeded
3834,379,348,2025-09-27,199,succeeded
3835,379,348,2025-10-28,199,succeeded
3836,379,348,2025-11-27,199,succeeded
3837,380,349,2023-08-24,199,succeeded
3838,380,349,2023-09-22,199,succeeded
3839,380,349,2023-10-21,199,succeeded
3840,380,349,2023-11-21,199,succeeded
3841,380,349,2023-12-21,199,succeeded
3842,380,349,2024-01-24,199,succeeded
3843,380,349,2024-02-25,199,succeeded
3844,380,349,2024-03-22,199,succeeded
3845,380,349,2024-04-24,199,succeeded
3846,380,349,2024-05-23,199,succeeded
3847,380,349,2024-06-25,199,succeeded
3848,380,349,2024-07-25,199,succeeded
3849,380,349,2024-08-24,199,failed
3850,380,349,2024-08-26,199,succeeded
3851,380,349,2024-09-21,199,succeeded
3852,380,349,2024-10-23,199,succeeded
3853,381,350,2026-04-16,49,failed
3854,381,350,2026-05-16,49,succeeded
3855,381,350,2026-06-17,49,succeeded
3856,382,351,2026-04-17,49,succeeded
3857,382,351,2026-05-19,49,succeeded
3858,382,351,2026-06-16,49,succeeded
3859,383,352,2024-02-15,799,succeeded
3860,383,352,2024-03-14,799,succeeded
3861,383,352,2024-04-14,799,succeeded
3862,383,352,2024-05-12,799,succeeded
3863,383,352,2024-06-15,799,succeeded
3864,383,352,2024-07-14,799,succeeded
3865,383,352,2024-08-11,799,succeeded
3866,383,352,2024-09-12,799,succeeded
3867,383,352,2024-10-15,799,succeeded
3868,383,352,2024-11-14,799,succeeded
3869,383,352,2024-12-13,799,succeeded
3870,383,352,2025-01-14,799,succeeded
3871,383,352,2025-02-15,799,succeeded
3872,383,352,2025-03-11,799,succeeded
3873,383,352,2025-04-15,799,succeeded
3874,383,352,2025-05-14,799,succeeded
3875,383,352,2025-06-13,799,succeeded
3876,383,352,2025-07-13,799,succeeded
3877,383,352,2025-08-11,799,succeeded
3878,383,352,2025-09-12,799,succeeded
3879,383,352,2025-10-12,799,succeeded
3880,383,352,2025-11-13,799,succeeded
3881,383,352,2025-12-13,799,succeeded
3882,383,352,2026-01-14,799,succeeded
3883,383,352,2026-02-12,799,succeeded
3884,383,352,2026-03-13,799,succeeded
3885,383,352,2026-04-13,799,succeeded
3886,383,352,2026-05-12,799,succeeded
3887,383,352,2026-06-15,799,succeeded
3888,384,353,2025-10-17,199,succeeded
3889,385,354,2026-01-30,199,succeeded
3890,385,354,2026-03-03,199,succeeded
3891,385,354,2026-03-30,199,succeeded
3892,385,354,2026-04-28,199,succeeded
3893,385,354,2026-05-30,199,succeeded
3894,385,354,2026-06-29,199,succeeded
3895,387,356,2024-09-14,799,succeeded
3896,387,356,2024-10-15,799,failed
3897,387,356,2024-10-17,799,succeeded
3898,387,356,2024-11-13,799,succeeded
3899,387,356,2024-12-11,799,succeeded
3900,387,356,2025-01-13,799,succeeded
3901,387,356,2025-02-14,799,succeeded
3902,387,356,2025-03-12,799,succeeded
3903,387,356,2025-04-12,799,succeeded
3904,387,356,2025-05-12,799,succeeded
3905,387,356,2025-06-12,799,succeeded
3906,387,356,2025-07-13,799,failed
3907,387,356,2025-08-13,799,succeeded
3908,387,356,2025-09-14,799,succeeded
3909,387,356,2025-10-14,799,succeeded
3910,387,356,2025-11-11,799,succeeded
3911,387,356,2025-12-11,799,succeeded
3912,387,356,2026-01-13,799,succeeded
3913,387,356,2026-02-14,799,succeeded
3914,387,356,2026-03-11,799,succeeded
3915,387,356,2026-04-12,799,succeeded
3916,387,356,2026-05-13,799,succeeded
3917,387,356,2026-06-12,799,succeeded
3918,388,357,2025-08-21,49,succeeded
3919,388,357,2025-09-21,49,succeeded
3920,389,357,2025-10-02,199,succeeded
3921,389,357,2025-11-01,199,succeeded
3922,389,357,2025-12-02,199,succeeded
3923,389,357,2026-01-01,199,succeeded
3924,389,357,2026-02-01,199,succeeded
3925,389,357,2026-03-01,199,succeeded
3926,389,357,2026-04-05,199,succeeded
3927,389,357,2026-05-01,199,succeeded
3928,389,357,2026-06-02,199,succeeded
3929,390,358,2026-04-24,799,succeeded
3930,390,358,2026-05-21,799,succeeded
3931,390,358,2026-06-21,799,succeeded
3932,391,359,2025-01-04,49,succeeded
3933,391,359,2025-02-03,49,succeeded
3934,391,359,2025-03-05,49,succeeded
3935,391,359,2025-04-06,49,succeeded
3936,392,360,2025-03-18,49,succeeded
3937,392,360,2025-04-16,49,succeeded
3938,392,360,2025-05-16,49,succeeded
3939,392,360,2025-06-18,49,succeeded
3940,392,360,2025-07-16,49,succeeded
3941,392,360,2025-08-17,49,succeeded
3942,392,360,2025-09-18,49,succeeded
3943,392,360,2025-10-14,49,succeeded
3944,392,360,2025-11-16,49,succeeded
3945,392,360,2025-12-18,49,succeeded
3946,392,360,2026-01-17,49,succeeded
3947,392,360,2026-02-17,49,succeeded
3948,392,360,2026-03-18,49,succeeded
3949,393,360,2026-04-04,199,succeeded
3950,393,360,2026-05-05,199,succeeded
3951,393,360,2026-06-03,199,succeeded
3952,394,361,2026-04-28,199,succeeded
3953,394,361,2026-05-28,199,succeeded
3954,394,361,2026-06-30,199,succeeded
3955,395,362,2026-05-29,199,succeeded
3956,395,362,2026-06-30,199,succeeded
3957,396,363,2026-04-18,799,succeeded
3958,396,363,2026-05-19,799,succeeded
3959,396,363,2026-06-17,799,succeeded
3960,397,364,2026-05-28,799,succeeded
3961,397,364,2026-06-29,799,succeeded
3962,398,365,2024-01-10,199,succeeded
3963,398,365,2024-02-11,199,succeeded
3964,398,365,2024-03-10,199,succeeded
3965,398,365,2024-04-11,199,succeeded
3966,398,365,2024-05-11,199,succeeded
3967,398,365,2024-06-10,199,succeeded
3968,398,365,2024-07-08,199,succeeded
3969,398,365,2024-08-11,199,succeeded
3970,398,365,2024-09-09,199,succeeded
3971,398,365,2024-10-12,199,failed
3972,398,365,2024-10-16,199,succeeded
3973,398,365,2024-11-10,199,succeeded
3974,398,365,2024-12-11,199,succeeded
3975,399,365,2025-01-01,49,succeeded
3976,399,365,2025-02-05,49,succeeded
3977,399,365,2025-03-04,49,succeeded
3978,399,365,2025-04-03,49,succeeded
3979,399,365,2025-05-02,49,succeeded
3980,399,365,2025-06-01,49,succeeded
3981,399,365,2025-07-02,49,succeeded
3982,399,365,2025-08-03,49,succeeded
3983,399,365,2025-09-03,49,succeeded
3984,399,365,2025-10-01,49,failed
3985,399,365,2025-10-04,49,succeeded
3986,399,365,2025-11-03,49,succeeded
3987,399,365,2025-12-01,49,succeeded
3988,399,365,2026-01-02,49,succeeded
3989,399,365,2026-02-02,49,succeeded
3990,399,365,2026-03-01,49,succeeded
3991,399,365,2026-04-02,49,succeeded
3992,399,365,2026-05-04,49,succeeded
3993,399,365,2026-06-04,49,succeeded
3994,400,366,2026-02-03,49,succeeded
3995,400,366,2026-03-04,49,succeeded
3996,400,366,2026-04-05,49,succeeded
3997,400,366,2026-05-02,49,succeeded
3998,400,366,2026-06-02,49,succeeded
3999,401,367,2026-06-17,799,succeeded
4000,402,368,2025-02-14,199,succeeded
4001,402,368,2025-03-14,199,succeeded
4002,402,368,2025-04-11,199,succeeded
4003,402,368,2025-05-12,199,failed
4004,402,368,2025-05-14,199,succeeded
4005,402,368,2025-06-15,199,succeeded
4006,402,368,2025-07-14,199,succeeded
4007,402,368,2025-08-11,199,succeeded
4008,402,368,2025-09-13,199,succeeded
4009,402,368,2025-10-15,199,succeeded
4010,402,368,2025-11-14,199,succeeded
4011,402,368,2025-12-13,199,succeeded
4012,402,368,2026-01-15,199,succeeded
4013,402,368,2026-02-11,199,succeeded
4014,402,368,2026-03-11,199,succeeded
4015,402,368,2026-04-15,199,succeeded
4016,402,368,2026-05-14,199,succeeded
4017,402,368,2026-06-11,199,succeeded
4018,403,369,2024-11-08,49,succeeded
4019,403,369,2024-12-09,49,failed
4020,403,369,2024-12-14,49,succeeded
4021,403,369,2025-01-07,49,succeeded
4022,403,369,2025-02-07,49,succeeded
4023,403,369,2025-03-06,49,succeeded
4024,403,369,2025-04-09,49,succeeded
4025,403,369,2025-05-09,49,succeeded
4026,403,369,2025-06-08,49,succeeded
4027,403,369,2025-07-09,49,succeeded
4028,404,370,2025-09-26,199,succeeded
4029,404,370,2025-10-29,199,failed
4030,404,370,2025-11-25,199,succeeded
4031,404,370,2025-12-29,199,failed
4032,404,370,2026-01-03,199,succeeded
4033,405,371,2026-01-26,799,succeeded
4034,405,371,2026-02-27,799,succeeded
4035,405,371,2026-03-24,799,succeeded
4036,405,371,2026-04-23,799,succeeded
4037,405,371,2026-05-24,799,succeeded
4038,405,371,2026-06-25,799,succeeded
4039,406,372,2025-05-04,49,succeeded
4040,406,372,2025-06-05,49,succeeded
4041,406,372,2025-07-06,49,succeeded
4042,406,372,2025-08-04,49,failed
4043,406,372,2025-08-10,49,succeeded
4044,407,373,2024-04-28,49,succeeded
4045,407,373,2024-05-26,49,succeeded
4046,407,373,2024-06-26,49,succeeded
4047,407,373,2024-07-28,49,succeeded
4048,407,373,2024-08-26,49,succeeded
4049,407,373,2024-09-26,49,succeeded
4050,407,373,2024-10-30,49,succeeded
4051,407,373,2024-11-28,49,succeeded
4052,407,373,2024-12-28,49,succeeded
4053,407,373,2025-01-27,49,succeeded
4054,407,373,2025-03-01,49,succeeded
4055,407,373,2025-03-27,49,succeeded
4056,407,373,2025-04-29,49,succeeded
4057,407,373,2025-05-27,49,succeeded
4058,408,374,2026-03-27,49,succeeded
4059,408,374,2026-04-24,49,succeeded
4060,408,374,2026-05-23,49,succeeded
4061,408,374,2026-06-26,49,succeeded
4062,409,375,2025-03-09,799,succeeded
4063,409,375,2025-04-09,799,succeeded
4064,409,375,2025-05-06,799,succeeded
4065,409,375,2025-06-08,799,succeeded
4066,409,375,2025-07-07,799,succeeded
4067,409,375,2025-08-06,799,succeeded
4068,409,375,2025-09-07,799,succeeded
4069,409,375,2025-10-10,799,succeeded
4070,409,375,2025-11-08,799,succeeded
4071,409,375,2025-12-09,799,succeeded
4072,409,375,2026-01-10,799,succeeded
4073,409,375,2026-02-07,799,succeeded
4074,409,375,2026-03-09,799,succeeded
4075,409,375,2026-04-07,799,succeeded
4076,409,375,2026-05-08,799,succeeded
4077,409,375,2026-06-08,799,succeeded
4078,410,376,2024-05-15,199,succeeded
4079,410,376,2024-06-14,199,succeeded
4080,410,376,2024-07-14,199,succeeded
4081,410,376,2024-08-15,199,succeeded
4082,410,376,2024-09-16,199,succeeded
4083,410,376,2024-10-15,199,succeeded
4084,410,376,2024-11-12,199,succeeded
4085,410,376,2024-12-12,199,succeeded
4086,410,376,2025-01-14,199,succeeded
4087,410,376,2025-02-13,199,succeeded
4088,410,376,2025-03-12,199,succeeded
4089,410,376,2025-04-12,199,succeeded
4090,410,376,2025-05-13,199,succeeded
4091,410,376,2025-06-12,199,succeeded
4092,410,376,2025-07-15,199,failed
4093,410,376,2025-07-19,199,succeeded
4094,410,376,2025-08-16,199,succeeded
4095,410,376,2025-09-14,199,succeeded
4096,411,377,2025-05-10,199,succeeded
4097,411,377,2025-06-10,199,succeeded
4098,411,377,2025-07-10,199,succeeded
4099,411,377,2025-08-12,199,succeeded
4100,411,377,2025-09-08,199,succeeded
4101,411,377,2025-10-11,199,succeeded
4102,411,377,2025-11-12,199,succeeded
4103,412,377,2025-12-02,799,succeeded
4104,412,377,2026-01-04,799,succeeded
4105,412,377,2026-02-02,799,succeeded
4106,412,377,2026-03-02,799,succeeded
4107,412,377,2026-04-03,799,succeeded
4108,412,377,2026-05-04,799,succeeded
4109,412,377,2026-06-03,799,succeeded
4110,413,378,2026-01-17,799,succeeded
4111,413,378,2026-02-17,799,succeeded
4112,413,378,2026-03-18,799,succeeded
4113,413,378,2026-04-18,799,succeeded
4114,413,378,2026-05-19,799,succeeded
4115,413,378,2026-06-18,799,succeeded
4116,414,379,2024-06-06,199,succeeded
4117,414,379,2024-07-05,199,succeeded
4118,414,379,2024-08-06,199,succeeded
4119,414,379,2024-09-06,199,succeeded
4120,414,379,2024-10-05,199,succeeded
4121,414,379,2024-11-07,199,succeeded
4122,414,379,2024-12-04,199,succeeded
4123,414,379,2025-01-06,199,succeeded
4124,414,379,2025-02-07,199,succeeded
4125,414,379,2025-03-07,199,succeeded
4126,414,379,2025-04-07,199,succeeded
4127,414,379,2025-05-03,199,succeeded
4128,414,379,2025-06-04,199,succeeded
4129,414,379,2025-07-06,199,succeeded
4130,414,379,2025-08-04,199,succeeded
4131,414,379,2025-09-03,199,succeeded
4132,414,379,2025-10-05,199,succeeded
4133,414,379,2025-11-05,199,succeeded
4134,414,379,2025-12-03,199,succeeded
4135,414,379,2026-01-06,199,succeeded
4136,414,379,2026-02-05,199,succeeded
4137,414,379,2026-03-04,199,failed
4138,414,379,2026-04-03,199,succeeded
4139,414,379,2026-05-05,199,succeeded
4140,414,379,2026-06-06,199,succeeded
4141,415,380,2024-11-18,199,succeeded
4142,415,380,2024-12-16,199,succeeded
4143,415,380,2025-01-17,199,succeeded
4144,415,380,2025-02-15,199,succeeded
4145,415,380,2025-03-15,199,succeeded
4146,415,380,2025-04-14,199,failed
4147,415,380,2025-04-20,199,succeeded
4148,415,380,2025-05-14,199,succeeded
4149,415,380,2025-06-15,199,succeeded
4150,415,380,2025-07-18,199,succeeded
4151,415,380,2025-08-17,199,succeeded
4152,415,380,2025-09-18,199,succeeded
4153,415,380,2025-10-18,199,succeeded
4154,415,380,2025-11-15,199,succeeded
4155,415,380,2025-12-15,199,succeeded
4156,415,380,2026-01-15,199,succeeded
4157,415,380,2026-02-18,199,failed
4158,415,380,2026-02-22,199,succeeded
4159,416,381,2025-08-21,49,succeeded
4160,416,381,2025-09-25,49,succeeded
4161,416,381,2025-10-22,49,succeeded
4162,416,381,2025-11-23,49,succeeded
4163,416,381,2025-12-21,49,succeeded
4164,416,381,2026-01-22,49,succeeded
4165,416,381,2026-02-23,49,succeeded
4166,416,381,2026-03-25,49,succeeded
4167,416,381,2026-04-24,49,succeeded
4168,416,381,2026-05-21,49,succeeded
4169,416,381,2026-06-25,49,succeeded
4170,417,382,2024-05-30,199,succeeded
4171,417,382,2024-06-28,199,succeeded
4172,417,382,2024-07-28,199,succeeded
4173,417,382,2024-08-29,199,succeeded
4174,417,382,2024-09-27,199,succeeded
4175,417,382,2024-10-27,199,succeeded
4176,417,382,2024-11-27,199,succeeded
4177,417,382,2024-12-27,199,succeeded
4178,417,382,2025-01-28,199,succeeded
4179,417,382,2025-02-28,199,succeeded
4180,417,382,2025-03-28,199,succeeded
4181,417,382,2025-04-28,199,succeeded
4182,417,382,2025-05-30,199,succeeded
4183,417,382,2025-06-28,199,succeeded
4184,417,382,2025-07-27,199,succeeded
4185,417,382,2025-08-30,199,succeeded
4186,417,382,2025-09-27,199,succeeded
4187,417,382,2025-10-30,199,succeeded
4188,417,382,2025-11-28,199,succeeded
4189,417,382,2025-12-30,199,succeeded
4190,418,383,2025-07-18,49,succeeded
4191,418,383,2025-08-15,49,succeeded
4192,418,383,2025-09-15,49,succeeded
4193,418,383,2025-10-17,49,succeeded
4194,418,383,2025-11-18,49,succeeded
4195,418,383,2025-12-14,49,succeeded
4196,418,383,2026-01-15,49,succeeded
4197,418,383,2026-02-14,49,succeeded
4198,418,383,2026-03-14,49,succeeded
4199,418,383,2026-04-18,49,succeeded
4200,418,383,2026-05-15,49,succeeded
4201,419,384,2025-06-08,199,succeeded
4202,419,384,2025-07-05,199,succeeded
4203,419,384,2025-08-08,199,succeeded
4204,419,384,2025-09-06,199,failed
4205,419,384,2025-09-12,199,succeeded
4206,419,384,2025-10-08,199,succeeded
4207,419,384,2025-11-09,199,succeeded
4208,419,384,2025-12-07,199,succeeded
4209,419,384,2026-01-08,199,succeeded
4210,419,384,2026-02-06,199,succeeded
4211,419,384,2026-03-05,199,succeeded
4212,419,384,2026-04-07,199,succeeded
4213,419,384,2026-05-06,199,succeeded
4214,419,384,2026-06-07,199,succeeded
4215,420,385,2025-12-12,799,succeeded
4216,420,385,2026-01-14,799,succeeded
4217,420,385,2026-02-15,799,succeeded
4218,420,385,2026-03-15,799,succeeded
4219,420,385,2026-04-13,799,succeeded
4220,420,385,2026-05-13,799,succeeded
4221,420,385,2026-06-15,799,succeeded
4222,421,386,2024-09-12,49,succeeded
4223,421,386,2024-10-09,49,succeeded
4224,421,386,2024-11-12,49,succeeded
4225,421,386,2024-12-13,49,succeeded
4226,421,386,2025-01-10,49,succeeded
4227,421,386,2025-02-12,49,succeeded
4228,421,386,2025-03-10,49,succeeded
4229,421,386,2025-04-11,49,succeeded
4230,421,386,2025-05-10,49,succeeded
4231,421,386,2025-06-09,49,succeeded
4232,421,386,2025-07-10,49,succeeded
4233,421,386,2025-08-12,49,succeeded
4234,421,386,2025-09-13,49,succeeded
4235,421,386,2025-10-12,49,succeeded
4236,421,386,2025-11-11,49,succeeded
4237,421,386,2025-12-11,49,succeeded
4238,421,386,2026-01-11,49,succeeded
4239,421,386,2026-02-10,49,succeeded
4240,421,386,2026-03-13,49,failed
4241,421,386,2026-04-12,49,succeeded
4242,421,386,2026-05-12,49,succeeded
4243,421,386,2026-06-13,49,succeeded
4244,422,387,2025-02-14,49,succeeded
4245,422,387,2025-03-10,49,succeeded
4246,422,387,2025-04-12,49,succeeded
4247,422,387,2025-05-12,49,succeeded
4248,422,387,2025-06-13,49,succeeded
4249,422,387,2025-07-13,49,succeeded
4250,422,387,2025-08-12,49,succeeded
4251,422,387,2025-09-11,49,succeeded
4252,422,387,2025-10-11,49,succeeded
4253,422,387,2025-11-14,49,succeeded
4254,422,387,2025-12-11,49,succeeded
4255,422,387,2026-01-12,49,succeeded
4256,422,387,2026-02-12,49,succeeded
4257,422,387,2026-03-11,49,succeeded
4258,422,387,2026-04-11,49,succeeded
4259,422,387,2026-05-13,49,succeeded
4260,422,387,2026-06-14,49,succeeded
4261,423,388,2025-06-19,199,succeeded
4262,423,388,2025-07-23,199,succeeded
4263,423,388,2025-08-22,199,succeeded
4264,423,388,2025-09-20,199,succeeded
4265,423,388,2025-10-21,199,succeeded
4266,423,388,2025-11-20,199,succeeded
4267,423,388,2025-12-21,199,succeeded
4268,423,388,2026-01-19,199,succeeded
4269,423,388,2026-02-21,199,succeeded
4270,423,388,2026-03-20,199,succeeded
4271,423,388,2026-04-22,199,succeeded
4272,423,388,2026-05-23,199,succeeded
4273,423,388,2026-06-19,199,failed
4274,423,388,2026-06-23,199,succeeded
4275,424,389,2025-10-14,799,succeeded
4276,424,389,2025-11-14,799,succeeded
4277,424,389,2025-12-13,799,succeeded
4278,424,389,2026-01-11,799,succeeded
4279,424,389,2026-02-14,799,succeeded
4280,424,389,2026-03-13,799,succeeded
4281,424,389,2026-04-11,799,succeeded
4282,424,389,2026-05-12,799,succeeded
4283,424,389,2026-06-14,799,succeeded
4284,425,390,2026-01-04,49,succeeded
4285,425,390,2026-02-06,49,succeeded
4286,425,390,2026-03-07,49,succeeded
4287,425,390,2026-04-06,49,succeeded
4288,425,390,2026-05-03,49,succeeded
4289,425,390,2026-06-04,49,succeeded
4290,426,391,2025-10-11,199,succeeded
4291,426,391,2025-11-09,199,succeeded
4292,426,391,2025-12-09,199,succeeded
4293,426,391,2026-01-10,199,succeeded
4294,426,391,2026-02-08,199,succeeded
4295,426,391,2026-03-07,199,failed
4296,426,391,2026-03-09,199,succeeded
4297,426,391,2026-04-10,199,succeeded
4298,426,391,2026-05-07,199,succeeded
4299,427,392,2024-09-25,199,succeeded
4300,427,392,2024-10-25,199,succeeded
4301,427,392,2024-11-21,199,succeeded
4302,427,392,2024-12-23,199,succeeded
4303,427,392,2025-01-22,199,succeeded
4304,427,392,2025-02-22,199,succeeded
4305,427,392,2025-03-24,199,succeeded
4306,427,392,2025-04-25,199,succeeded
4307,427,392,2025-05-22,199,succeeded
4308,427,392,2025-06-25,199,succeeded
4309,427,392,2025-07-24,199,succeeded
4310,427,392,2025-08-21,199,succeeded
4311,427,392,2025-09-25,199,failed
4312,427,392,2025-09-27,199,succeeded
4313,427,392,2025-10-25,199,succeeded
4314,427,392,2025-11-25,199,succeeded
4315,427,392,2025-12-21,199,succeeded
4316,427,392,2026-01-21,199,succeeded
4317,427,392,2026-02-25,199,succeeded
4318,427,392,2026-03-22,199,succeeded
4319,428,393,2024-12-27,199,succeeded
4320,428,393,2025-01-30,199,succeeded
4321,428,393,2025-02-26,199,succeeded
4322,428,393,2025-03-28,199,succeeded
4323,428,393,2025-04-30,199,succeeded
4324,428,393,2025-05-28,199,succeeded
4325,428,393,2025-06-29,199,succeeded
4326,428,393,2025-07-28,199,succeeded
4327,428,393,2025-08-30,199,succeeded
4328,428,393,2025-09-28,199,succeeded
4329,428,393,2025-10-26,199,succeeded
4330,429,393,2025-11-02,49,succeeded
4331,429,393,2025-12-02,49,succeeded
4332,429,393,2026-01-04,49,succeeded
4333,429,393,2026-02-05,49,succeeded
4334,429,393,2026-03-03,49,succeeded
4335,429,393,2026-04-01,49,succeeded
4336,429,393,2026-05-04,49,succeeded
4337,429,393,2026-06-05,49,succeeded
4338,430,394,2025-11-06,49,succeeded
4339,430,394,2025-12-04,49,succeeded
4340,430,394,2026-01-05,49,succeeded
4341,431,395,2025-02-24,49,succeeded
4342,431,395,2025-03-22,49,succeeded
4343,431,395,2025-04-23,49,succeeded
4344,431,395,2025-05-24,49,succeeded
4345,431,395,2025-06-22,49,succeeded
4346,432,396,2025-05-16,199,succeeded
4347,432,396,2025-06-12,199,succeeded
4348,432,396,2025-07-15,199,succeeded
4349,432,396,2025-08-16,199,succeeded
4350,432,396,2025-09-13,199,succeeded
4351,432,396,2025-10-16,199,succeeded
4352,432,396,2025-11-12,199,succeeded
4353,432,396,2025-12-15,199,succeeded
4354,432,396,2026-01-12,199,succeeded
4355,432,396,2026-02-16,199,succeeded
4356,432,396,2026-03-16,199,succeeded
4357,432,396,2026-04-16,199,succeeded
4358,432,396,2026-05-15,199,succeeded
4359,433,397,2024-03-07,49,succeeded
4360,433,397,2024-04-05,49,succeeded
4361,433,397,2024-05-05,49,succeeded
4362,433,397,2024-06-05,49,succeeded
4363,433,397,2024-07-07,49,succeeded
4364,433,397,2024-08-07,49,succeeded
4365,433,397,2024-09-05,49,succeeded
4366,433,397,2024-10-04,49,succeeded
4367,433,397,2024-11-07,49,succeeded
4368,433,397,2024-12-06,49,succeeded
4369,433,397,2025-01-08,49,succeeded
4370,433,397,2025-02-04,49,succeeded
4371,433,397,2025-03-07,49,succeeded
4372,433,397,2025-04-05,49,succeeded
4373,433,397,2025-05-08,49,succeeded
4374,433,397,2025-06-08,49,succeeded
4375,433,397,2025-07-07,49,succeeded
4376,433,397,2025-08-08,49,succeeded
4377,433,397,2025-09-05,49,succeeded
4378,433,397,2025-10-05,49,succeeded
4379,433,397,2025-11-07,49,succeeded
4380,433,397,2025-12-08,49,succeeded
4381,433,397,2026-01-06,49,succeeded
4382,433,397,2026-02-04,49,succeeded
4383,433,397,2026-03-05,49,succeeded
4384,433,397,2026-04-07,49,succeeded
4385,433,397,2026-05-08,49,succeeded
4386,433,397,2026-06-04,49,succeeded
4387,434,398,2025-09-08,49,succeeded
4388,434,398,2025-10-05,49,failed
4389,434,398,2025-10-11,49,succeeded
4390,434,398,2025-11-09,49,succeeded
4391,434,398,2025-12-07,49,succeeded
4392,434,398,2026-01-07,49,succeeded
4393,434,398,2026-02-09,49,succeeded
4394,434,398,2026-03-09,49,succeeded
4395,434,398,2026-04-08,49,succeeded
4396,434,398,2026-05-07,49,failed
4397,434,398,2026-05-10,49,succeeded
4398,434,398,2026-06-06,49,succeeded
4399,435,399,2024-09-18,49,succeeded
4400,435,399,2024-10-14,49,succeeded
4401,435,399,2024-11-15,49,succeeded
4402,435,399,2024-12-17,49,succeeded
4403,435,399,2025-01-14,49,succeeded
4404,435,399,2025-02-16,49,succeeded
4405,435,399,2025-03-14,49,succeeded
4406,435,399,2025-04-17,49,succeeded
4407,435,399,2025-05-18,49,succeeded
4408,435,399,2025-06-17,49,succeeded
4409,435,399,2025-07-18,49,succeeded
4410,435,399,2025-08-18,49,succeeded
4411,435,399,2025-09-18,49,succeeded
4412,435,399,2025-10-17,49,succeeded
4413,435,399,2025-11-16,49,succeeded
4414,435,399,2025-12-16,49,succeeded
4415,435,399,2026-01-16,49,succeeded
4416,435,399,2026-02-16,49,succeeded
4417,435,399,2026-03-15,49,succeeded
4418,435,399,2026-04-16,49,succeeded
4419,435,399,2026-05-16,49,succeeded
4420,435,399,2026-06-14,49,succeeded
4421,436,400,2025-11-23,49,succeeded
4422,436,400,2025-12-22,49,failed
4423,436,400,2025-12-26,49,succeeded
4424,436,400,2026-01-19,49,succeeded
4425,436,400,2026-02-21,49,succeeded
4426,436,400,2026-03-23,49,succeeded
4427,436,400,2026-04-23,49,succeeded
4428,436,400,2026-05-23,49,succeeded
4429,436,400,2026-06-21,49,succeeded
4430,437,401,2025-05-15,49,succeeded
4431,437,401,2025-06-15,49,succeeded
4432,437,401,2025-07-17,49,succeeded
4433,437,401,2025-08-17,49,succeeded
4434,437,401,2025-09-17,49,succeeded
4435,437,401,2025-10-18,49,failed
4436,437,401,2025-10-23,49,succeeded
4437,437,401,2025-11-19,49,succeeded
4438,437,401,2025-12-17,49,failed
4439,437,401,2025-12-19,49,succeeded
4440,437,401,2026-01-19,49,succeeded
4441,437,401,2026-02-19,49,succeeded
4442,437,401,2026-03-19,49,succeeded
4443,437,401,2026-04-18,49,succeeded
4444,437,401,2026-05-15,49,succeeded
4445,437,401,2026-06-19,49,succeeded
4446,438,402,2026-05-20,49,succeeded
4447,438,402,2026-06-19,49,succeeded
4448,439,403,2025-08-06,199,succeeded
4449,439,403,2025-09-02,199,succeeded
4450,439,403,2025-10-04,199,succeeded
4451,439,403,2025-11-04,199,succeeded
4452,440,404,2025-07-18,199,succeeded
4453,440,404,2025-08-18,199,succeeded
4454,440,404,2025-09-17,199,succeeded
4455,440,404,2025-10-16,199,succeeded
4456,440,404,2025-11-18,199,succeeded
4457,440,404,2025-12-19,199,succeeded
4458,440,404,2026-01-18,199,succeeded
4459,440,404,2026-02-17,199,succeeded
4460,440,404,2026-03-17,199,succeeded
4461,440,404,2026-04-19,199,succeeded
4462,440,404,2026-05-19,199,succeeded
4463,440,404,2026-06-18,199,succeeded
4464,441,405,2025-05-11,49,succeeded
4465,441,405,2025-06-12,49,succeeded
4466,441,405,2025-07-11,49,succeeded
4467,441,405,2025-08-10,49,succeeded
4468,441,405,2025-09-09,49,succeeded
4469,441,405,2025-10-10,49,succeeded
4470,441,405,2025-11-11,49,succeeded
4471,441,405,2025-12-12,49,succeeded
4472,441,405,2026-01-13,49,succeeded
4473,441,405,2026-02-12,49,succeeded
4474,441,405,2026-03-09,49,succeeded
4475,442,406,2025-11-05,49,succeeded
4476,442,406,2025-12-06,49,succeeded
4477,442,406,2026-01-04,49,succeeded
4478,442,406,2026-02-04,49,succeeded
4479,442,406,2026-03-02,49,succeeded
4480,442,406,2026-04-05,49,succeeded
4481,442,406,2026-05-04,49,succeeded
4482,442,406,2026-06-03,49,succeeded
4483,443,407,2026-05-17,199,succeeded
4484,443,407,2026-06-15,199,succeeded
4485,444,408,2026-04-26,49,succeeded
4486,444,408,2026-05-24,49,succeeded
4487,444,408,2026-06-22,49,succeeded
4488,445,409,2024-11-26,799,succeeded
4489,445,409,2024-12-30,799,succeeded
4490,445,409,2025-01-28,799,succeeded
4491,445,409,2025-03-02,799,succeeded
4492,445,409,2025-03-27,799,succeeded
4493,445,409,2025-04-29,799,succeeded
4494,445,409,2025-05-27,799,succeeded
4495,445,409,2025-06-28,799,succeeded
4496,445,409,2025-07-29,799,succeeded
4497,445,409,2025-08-27,799,succeeded
4498,445,409,2025-09-29,799,succeeded
4499,445,409,2025-10-29,799,succeeded
4500,445,409,2025-11-28,799,succeeded
4501,445,409,2025-12-26,799,succeeded
4502,445,409,2026-01-30,799,succeeded
4503,445,409,2026-02-26,799,succeeded
4504,445,409,2026-03-27,799,succeeded
4505,445,409,2026-04-27,799,succeeded
4506,445,409,2026-05-27,799,succeeded
4507,446,410,2024-10-09,49,succeeded
4508,446,410,2024-11-08,49,succeeded
4509,446,410,2024-12-10,49,succeeded
4510,446,410,2025-01-08,49,succeeded
4511,446,410,2025-02-10,49,succeeded
4512,446,410,2025-03-11,49,succeeded
4513,446,410,2025-04-11,49,succeeded
4514,446,410,2025-05-08,49,succeeded
4515,446,410,2025-06-08,49,failed
4516,446,410,2025-07-09,49,succeeded
4517,446,410,2025-08-11,49,succeeded
4518,446,410,2025-09-11,49,succeeded
4519,446,410,2025-10-08,49,succeeded
4520,446,410,2025-11-09,49,succeeded
4521,446,410,2025-12-09,49,succeeded
4522,446,410,2026-01-11,49,succeeded
4523,446,410,2026-02-07,49,succeeded
4524,446,410,2026-03-09,49,succeeded
4525,446,410,2026-04-10,49,succeeded
4526,446,410,2026-05-07,49,succeeded
4527,446,410,2026-06-09,49,succeeded
4528,447,411,2026-04-06,49,succeeded
4529,447,411,2026-05-06,49,succeeded
4530,447,411,2026-06-05,49,succeeded
4531,448,412,2026-06-23,799,succeeded
4532,449,413,2026-02-07,799,succeeded
4533,449,413,2026-03-06,799,succeeded
4534,449,413,2026-04-06,799,succeeded
4535,449,413,2026-05-10,799,succeeded
4536,449,413,2026-06-06,799,succeeded
4537,450,414,2025-04-14,199,succeeded
4538,450,414,2025-05-14,199,succeeded
4539,450,414,2025-06-13,199,succeeded
4540,450,414,2025-07-11,199,succeeded
4541,450,414,2025-08-15,199,succeeded
4542,450,414,2025-09-13,199,succeeded
4543,450,414,2025-10-14,199,succeeded
4544,451,415,2026-05-10,49,succeeded
4545,451,415,2026-06-13,49,succeeded
4546,452,416,2026-06-18,49,succeeded
4547,453,417,2025-09-25,49,succeeded
4548,453,417,2025-10-23,49,succeeded
4549,453,417,2025-11-25,49,succeeded
4550,453,417,2025-12-25,49,succeeded
4551,453,417,2026-01-22,49,succeeded
4552,453,417,2026-02-22,49,succeeded
4553,453,417,2026-03-21,49,succeeded
4554,453,417,2026-04-24,49,succeeded
4555,453,417,2026-05-23,49,succeeded
4556,453,417,2026-06-23,49,succeeded
4557,454,418,2024-07-25,799,succeeded
4558,454,418,2024-08-29,799,succeeded
4559,454,418,2024-09-28,799,succeeded
4560,454,418,2024-10-27,799,succeeded
4561,454,418,2024-11-26,799,succeeded
4562,454,418,2024-12-25,799,succeeded
4563,454,418,2025-01-25,799,succeeded
4564,454,418,2025-02-27,799,succeeded
4565,454,418,2025-03-27,799,succeeded
4566,454,418,2025-04-26,799,succeeded
4567,454,418,2025-05-29,799,succeeded
4568,454,418,2025-06-25,799,succeeded
4569,454,418,2025-07-28,799,succeeded
4570,454,418,2025-08-29,799,succeeded
4571,454,418,2025-09-25,799,succeeded
4572,454,418,2025-10-28,799,succeeded
4573,454,418,2025-11-26,799,succeeded
4574,454,418,2025-12-29,799,succeeded
4575,454,418,2026-01-27,799,failed
4576,454,418,2026-01-31,799,succeeded
4577,454,418,2026-02-28,799,succeeded
4578,455,419,2024-06-06,49,succeeded
4579,455,419,2024-07-06,49,succeeded
4580,455,419,2024-08-09,49,succeeded
4581,455,419,2024-09-06,49,succeeded
4582,455,419,2024-10-08,49,succeeded
4583,455,419,2024-11-09,49,succeeded
4584,455,419,2024-12-10,49,succeeded
4585,455,419,2025-01-09,49,succeeded
4586,455,419,2025-02-10,49,succeeded
4587,455,419,2025-03-10,49,succeeded
4588,455,419,2025-04-07,49,succeeded
4589,455,419,2025-05-10,49,succeeded
4590,455,419,2025-06-08,49,succeeded
4591,455,419,2025-07-08,49,succeeded
4592,455,419,2025-08-10,49,succeeded
4593,455,419,2025-09-07,49,failed
4594,455,419,2025-09-11,49,succeeded
4595,455,419,2025-10-10,49,succeeded
4596,455,419,2025-11-09,49,succeeded
4597,455,419,2025-12-07,49,succeeded
4598,455,419,2026-01-07,49,succeeded
4599,455,419,2026-02-10,49,succeeded
4600,455,419,2026-03-09,49,succeeded
4601,455,419,2026-04-09,49,succeeded
4602,455,419,2026-05-07,49,succeeded
4603,455,419,2026-06-06,49,succeeded
4604,456,420,2026-03-05,799,succeeded
4605,456,420,2026-04-08,799,succeeded
4606,456,420,2026-05-09,799,succeeded
4607,456,420,2026-06-06,799,succeeded
4608,457,421,2024-12-04,199,succeeded
4609,457,421,2025-01-06,199,succeeded
4610,457,421,2025-02-07,199,succeeded
4611,457,421,2025-03-06,199,succeeded
4612,457,421,2025-04-08,199,succeeded
4613,457,421,2025-05-06,199,succeeded
4614,457,421,2025-06-08,199,succeeded
4615,457,421,2025-07-05,199,succeeded
4616,457,421,2025-08-04,199,succeeded
4617,457,421,2025-09-05,199,succeeded
4618,457,421,2025-10-05,199,succeeded
4619,457,421,2025-11-07,199,succeeded
4620,457,421,2025-12-05,199,succeeded
4621,457,421,2026-01-08,199,succeeded
4622,457,421,2026-02-07,199,succeeded
4623,457,421,2026-03-08,199,succeeded
4624,457,421,2026-04-08,199,succeeded
4625,457,421,2026-05-06,199,succeeded
4626,457,421,2026-06-04,199,succeeded
4627,458,422,2024-12-25,49,succeeded
4628,458,422,2025-01-26,49,succeeded
4629,458,422,2025-02-24,49,failed
4630,458,422,2025-02-26,49,succeeded
4631,458,422,2025-03-26,49,succeeded
4632,458,422,2025-04-24,49,succeeded
4633,458,422,2025-05-26,49,succeeded
4634,458,422,2025-06-25,49,succeeded
4635,458,422,2025-07-25,49,succeeded
4636,458,422,2025-08-25,49,succeeded
4637,459,423,2025-10-28,799,succeeded
4638,459,423,2025-11-28,799,succeeded
4639,459,423,2025-12-28,799,failed
4640,459,423,2026-01-31,799,succeeded
4641,459,423,2026-03-03,799,succeeded
4642,459,423,2026-03-29,799,succeeded
4643,459,423,2026-05-02,799,succeeded
4644,459,423,2026-05-28,799,succeeded
4645,459,423,2026-06-30,799,succeeded
4646,460,424,2026-01-11,199,succeeded
4647,460,424,2026-02-10,199,succeeded
4648,460,424,2026-03-08,199,succeeded
4649,460,424,2026-04-08,199,succeeded
4650,460,424,2026-05-08,199,succeeded
4651,460,424,2026-06-07,199,succeeded
4652,461,425,2024-12-15,199,succeeded
4653,461,425,2025-01-12,199,succeeded
4654,461,425,2025-02-14,199,succeeded
4655,461,425,2025-03-14,199,succeeded
4656,461,425,2025-04-15,199,succeeded
4657,461,425,2025-05-15,199,succeeded
4658,461,425,2025-06-14,199,succeeded
4659,461,425,2025-07-14,199,succeeded
4660,461,425,2025-08-11,199,succeeded
4661,461,425,2025-09-13,199,succeeded
4662,461,425,2025-10-13,199,succeeded
4663,462,425,2025-11-03,799,succeeded
4664,462,425,2025-12-02,799,succeeded
4665,462,425,2026-01-03,799,succeeded
4666,462,425,2026-02-02,799,succeeded
4667,462,425,2026-03-01,799,succeeded
4668,462,425,2026-04-02,799,succeeded
4669,462,425,2026-05-03,799,succeeded
4670,462,425,2026-06-03,799,succeeded
4671,463,426,2024-05-14,199,succeeded
4672,464,427,2024-01-26,199,succeeded
4673,464,427,2024-02-26,199,succeeded
4674,464,427,2024-03-27,199,succeeded
4675,464,427,2024-04-25,199,succeeded
4676,464,427,2024-05-25,199,succeeded
4677,464,427,2024-06-26,199,succeeded
4678,464,427,2024-07-25,199,succeeded
4679,464,427,2024-08-26,199,succeeded
4680,464,427,2024-09-27,199,succeeded
4681,464,427,2024-10-24,199,failed
4682,464,427,2024-11-27,199,succeeded
4683,464,427,2024-12-24,199,succeeded
4684,464,427,2025-01-27,199,succeeded
4685,464,427,2025-02-27,199,succeeded
4686,464,427,2025-03-25,199,succeeded
4687,464,427,2025-04-25,199,succeeded
4688,464,427,2025-05-27,199,succeeded
4689,464,427,2025-06-23,199,succeeded
4690,464,427,2025-07-27,199,succeeded
4691,464,427,2025-08-24,199,succeeded
4692,464,427,2025-09-27,199,succeeded
4693,464,427,2025-10-24,199,succeeded
4694,464,427,2025-11-23,199,succeeded
4695,464,427,2025-12-25,199,succeeded
4696,464,427,2026-01-23,199,failed
4697,464,427,2026-01-29,199,succeeded
4698,464,427,2026-02-26,199,succeeded
4699,464,427,2026-03-25,199,succeeded
4700,464,427,2026-04-26,199,succeeded
4701,464,427,2026-05-26,199,succeeded
4702,464,427,2026-06-24,199,succeeded
4703,465,428,2024-08-22,199,succeeded
4704,465,428,2024-09-18,199,succeeded
4705,465,428,2024-10-18,199,succeeded
4706,465,428,2024-11-18,199,failed
4707,465,428,2024-11-24,199,succeeded
4708,465,428,2024-12-22,199,succeeded
4709,465,428,2025-01-21,199,succeeded
4710,466,429,2024-09-14,799,succeeded
4711,466,429,2024-10-12,799,succeeded
4712,466,429,2024-11-12,799,succeeded
4713,466,429,2024-12-11,799,succeeded
4714,466,429,2025-01-14,799,succeeded
4715,466,429,2025-02-14,799,succeeded
4716,466,429,2025-03-11,799,succeeded
4717,466,429,2025-04-14,799,succeeded
4718,466,429,2025-05-12,799,succeeded
4719,466,429,2025-06-14,799,succeeded
4720,466,429,2025-07-13,799,succeeded
4721,466,429,2025-08-13,799,succeeded
4722,466,429,2025-09-14,799,succeeded
4723,466,429,2025-10-13,799,succeeded
4724,466,429,2025-11-14,799,succeeded
4725,466,429,2025-12-13,799,succeeded
4726,466,429,2026-01-11,799,succeeded
4727,467,430,2023-12-13,49,succeeded
4728,467,430,2024-01-13,49,succeeded
4729,467,430,2024-02-14,49,succeeded
4730,467,430,2024-03-14,49,succeeded
4731,467,430,2024-04-13,49,succeeded
4732,467,430,2024-05-16,49,succeeded
4733,467,430,2024-06-13,49,succeeded
4734,467,430,2024-07-14,49,succeeded
4735,467,430,2024-08-13,49,succeeded
4736,467,430,2024-09-14,49,succeeded
4737,467,430,2024-10-16,49,succeeded
4738,467,430,2024-11-12,49,succeeded
4739,467,430,2024-12-12,49,succeeded
4740,467,430,2025-01-15,49,succeeded
4741,467,430,2025-02-13,49,succeeded
4742,467,430,2025-03-15,49,succeeded
4743,467,430,2025-04-15,49,succeeded
4744,467,430,2025-05-16,49,succeeded
4745,467,430,2025-06-13,49,succeeded
4746,467,430,2025-07-14,49,succeeded
4747,467,430,2025-08-13,49,succeeded
4748,467,430,2025-09-14,49,succeeded
4749,467,430,2025-10-16,49,succeeded
4750,467,430,2025-11-15,49,succeeded
4751,467,430,2025-12-12,49,succeeded
4752,467,430,2026-01-12,49,succeeded
4753,467,430,2026-02-15,49,succeeded
4754,468,431,2026-06-05,199,succeeded
4755,469,432,2025-05-01,799,succeeded
4756,469,432,2025-05-29,799,succeeded
4757,469,432,2025-06-28,799,succeeded
4758,469,432,2025-07-28,799,succeeded
4759,469,432,2025-08-28,799,succeeded
4760,469,432,2025-10-01,799,succeeded
4761,469,432,2025-10-31,799,succeeded
4762,469,432,2025-11-29,799,succeeded
4763,469,432,2025-12-27,799,succeeded
4764,469,432,2026-01-28,799,succeeded
4765,469,432,2026-02-27,799,succeeded
4766,469,432,2026-03-28,799,succeeded
4767,469,432,2026-04-27,799,succeeded
4768,469,432,2026-05-30,799,succeeded
4769,469,432,2026-06-27,799,succeeded
4770,470,433,2024-10-10,199,succeeded
4771,470,433,2024-11-14,199,succeeded
4772,470,433,2024-12-10,199,failed
4773,470,433,2024-12-15,199,succeeded
4774,470,433,2025-01-13,199,succeeded
4775,470,433,2025-02-10,199,succeeded
4776,470,433,2025-03-10,199,failed
4777,470,433,2025-03-13,199,succeeded
4778,470,433,2025-04-14,199,succeeded
4779,470,433,2025-05-10,199,succeeded
4780,470,433,2025-06-13,199,succeeded
4781,470,433,2025-07-10,199,succeeded
4782,470,433,2025-08-14,199,succeeded
4783,470,433,2025-09-11,199,succeeded
4784,470,433,2025-10-14,199,succeeded
4785,470,433,2025-11-14,199,succeeded
4786,470,433,2025-12-11,199,succeeded
4787,470,433,2026-01-11,199,succeeded
4788,470,433,2026-02-12,199,succeeded
4789,470,433,2026-03-13,199,succeeded
4790,471,434,2025-06-11,799,succeeded
4791,471,434,2025-07-09,799,succeeded
4792,471,434,2025-08-11,799,succeeded
4793,471,434,2025-09-11,799,succeeded
4794,471,434,2025-10-10,799,succeeded
4795,471,434,2025-11-10,799,succeeded
4796,471,434,2025-12-13,799,succeeded
4797,471,434,2026-01-13,799,succeeded
4798,471,434,2026-02-10,799,succeeded
4799,471,434,2026-03-11,799,succeeded
4800,471,434,2026-04-09,799,failed
4801,471,434,2026-05-12,799,succeeded
4802,471,434,2026-06-12,799,succeeded
4803,472,435,2023-07-20,199,succeeded
4804,472,435,2023-08-18,199,succeeded
4805,472,435,2023-09-18,199,succeeded
4806,472,435,2023-10-22,199,failed
4807,472,435,2023-10-26,199,succeeded
4808,473,436,2025-04-10,199,succeeded
4809,473,436,2025-05-08,199,succeeded
4810,473,436,2025-06-12,199,succeeded
4811,473,436,2025-07-11,199,failed
4812,473,436,2025-07-17,199,succeeded
4813,473,436,2025-08-10,199,succeeded
4814,473,436,2025-09-10,199,succeeded
4815,473,436,2025-10-08,199,succeeded
4816,473,436,2025-11-08,199,succeeded
4817,473,436,2025-12-09,199,succeeded
4818,473,436,2026-01-09,199,succeeded
4819,473,436,2026-02-11,199,succeeded
4820,473,436,2026-03-09,199,succeeded
4821,473,436,2026-04-08,199,succeeded
4822,473,436,2026-05-11,199,succeeded
4823,473,436,2026-06-08,199,succeeded
4824,474,437,2024-04-11,49,succeeded
4825,474,437,2024-05-10,49,succeeded
4826,474,437,2024-06-11,49,succeeded
4827,474,437,2024-07-08,49,succeeded
4828,474,437,2024-08-10,49,succeeded
4829,474,437,2024-09-11,49,succeeded
4830,474,437,2024-10-12,49,succeeded
4831,474,437,2024-11-09,49,succeeded
4832,474,437,2024-12-11,49,succeeded
4833,474,437,2025-01-10,49,succeeded
4834,474,437,2025-02-08,49,succeeded
4835,474,437,2025-03-10,49,succeeded
4836,474,437,2025-04-11,49,succeeded
4837,474,437,2025-05-11,49,succeeded
4838,474,437,2025-06-10,49,succeeded
4839,474,437,2025-07-11,49,succeeded
4840,474,437,2025-08-08,49,succeeded
4841,474,437,2025-09-10,49,succeeded
4842,474,437,2025-10-08,49,succeeded
4843,474,437,2025-11-10,49,succeeded
4844,474,437,2025-12-12,49,succeeded
4845,474,437,2026-01-08,49,succeeded
4846,474,437,2026-02-09,49,succeeded
4847,474,437,2026-03-12,49,failed
4848,474,437,2026-04-09,49,succeeded
4849,474,437,2026-05-12,49,succeeded
4850,474,437,2026-06-10,49,succeeded
4851,475,438,2025-05-22,199,succeeded
4852,475,438,2025-06-24,199,succeeded
4853,475,438,2025-07-25,199,failed
4854,475,438,2025-08-24,199,succeeded
4855,475,438,2025-09-24,199,succeeded
4856,475,438,2025-10-22,199,succeeded
4857,476,439,2026-02-18,199,succeeded
4858,476,439,2026-03-14,199,succeeded
4859,476,439,2026-04-15,199,succeeded
4860,476,439,2026-05-15,199,succeeded
4861,476,439,2026-06-16,199,succeeded
4862,477,440,2025-06-10,199,succeeded
4863,477,440,2025-07-10,199,succeeded
4864,477,440,2025-08-07,199,succeeded
4865,477,440,2025-09-11,199,succeeded
4866,477,440,2025-10-09,199,succeeded
4867,477,440,2025-11-08,199,succeeded
4868,477,440,2025-12-11,199,succeeded
4869,477,440,2026-01-09,199,succeeded
4870,477,440,2026-02-11,199,succeeded
4871,477,440,2026-03-09,199,succeeded
4872,477,440,2026-04-09,199,succeeded
4873,477,440,2026-05-08,199,succeeded
4874,477,440,2026-06-10,199,succeeded
4875,478,441,2023-10-28,49,succeeded
4876,478,441,2023-11-26,49,succeeded
4877,478,441,2023-12-28,49,succeeded
4878,478,441,2024-01-29,49,succeeded
4879,478,441,2024-02-27,49,succeeded
4880,478,441,2024-03-28,49,succeeded
4881,478,441,2024-04-26,49,succeeded
4882,478,441,2024-05-27,49,succeeded
4883,478,441,2024-06-29,49,succeeded
4884,478,441,2024-07-26,49,succeeded
4885,478,441,2024-08-26,49,succeeded
4886,478,441,2024-09-28,49,succeeded
4887,478,441,2024-10-28,49,succeeded
4888,478,441,2024-11-25,49,succeeded
4889,478,441,2024-12-26,49,succeeded
4890,478,441,2025-01-25,49,succeeded
4891,478,441,2025-02-27,49,succeeded
4892,478,441,2025-03-25,49,succeeded
4893,478,441,2025-04-28,49,succeeded
4894,478,441,2025-05-29,49,succeeded
4895,478,441,2025-06-29,49,succeeded
4896,478,441,2025-07-28,49,succeeded
4897,478,441,2025-08-27,49,succeeded
4898,478,441,2025-09-29,49,succeeded
4899,478,441,2025-10-29,49,succeeded
4900,478,441,2025-11-25,49,succeeded
4901,478,441,2025-12-25,49,succeeded
4902,478,441,2026-01-27,49,succeeded
4903,478,441,2026-02-27,49,succeeded
4904,478,441,2026-03-26,49,succeeded
4905,478,441,2026-04-26,49,succeeded
4906,478,441,2026-05-28,49,succeeded
4907,478,441,2026-06-26,49,succeeded
4908,479,442,2025-07-28,799,succeeded
4909,479,442,2025-08-29,799,succeeded
4910,479,442,2025-10-02,799,succeeded
4911,479,442,2025-10-29,799,succeeded
4912,479,442,2025-11-29,799,succeeded
4913,479,442,2025-12-29,799,succeeded
4914,479,442,2026-01-28,799,succeeded
4915,479,442,2026-03-04,799,succeeded
4916,479,442,2026-03-31,799,succeeded
4917,479,442,2026-05-02,799,succeeded
4918,479,442,2026-05-28,799,succeeded
4919,479,442,2026-06-29,799,succeeded
4920,480,443,2024-12-10,199,succeeded
4921,480,443,2025-01-07,199,succeeded
4922,480,443,2025-02-06,199,succeeded
4923,480,443,2025-03-07,199,succeeded
4924,480,443,2025-04-08,199,succeeded
4925,480,443,2025-05-10,199,succeeded
4926,480,443,2025-06-07,199,succeeded
4927,480,443,2025-07-06,199,succeeded
4928,480,443,2025-08-06,199,succeeded
4929,480,443,2025-09-10,199,succeeded
4930,480,443,2025-10-09,199,succeeded
4931,480,443,2025-11-09,199,succeeded
4932,480,443,2025-12-06,199,succeeded
4933,480,443,2026-01-07,199,succeeded
4934,480,443,2026-02-06,199,succeeded
4935,480,443,2026-03-09,199,succeeded
4936,480,443,2026-04-08,199,succeeded
4937,480,443,2026-05-07,199,succeeded
4938,480,443,2026-06-08,199,succeeded
4939,481,444,2026-03-16,199,succeeded
4940,481,444,2026-04-20,199,succeeded
4941,481,444,2026-05-19,199,succeeded
4942,481,444,2026-06-18,199,succeeded
4943,483,446,2025-11-13,49,succeeded
4944,483,446,2025-12-14,49,succeeded
4945,483,446,2026-01-11,49,succeeded
4946,483,446,2026-02-13,49,succeeded
4947,483,446,2026-03-10,49,succeeded
4948,483,446,2026-04-12,49,failed
4949,483,446,2026-04-15,49,succeeded
4950,483,446,2026-05-13,49,succeeded
4951,483,446,2026-06-14,49,succeeded
4952,484,447,2025-12-31,199,succeeded
4953,484,447,2026-01-30,199,succeeded
4954,484,447,2026-02-28,199,failed
4955,484,447,2026-03-06,199,succeeded
4956,484,447,2026-03-30,199,succeeded
4957,484,447,2026-04-28,199,succeeded
4958,484,447,2026-06-01,199,succeeded
4959,484,447,2026-06-29,199,succeeded
4960,485,448,2024-04-07,199,succeeded
4961,485,448,2024-05-07,199,succeeded
4962,485,448,2024-06-10,199,succeeded
4963,485,448,2024-07-10,199,succeeded
4964,485,448,2024-08-10,199,succeeded
4965,485,448,2024-09-08,199,succeeded
4966,485,448,2024-10-07,199,succeeded
4967,485,448,2024-11-06,199,succeeded
4968,485,448,2024-12-08,199,succeeded
4969,485,448,2025-01-08,199,succeeded
4970,485,448,2025-02-09,199,succeeded
4971,485,448,2025-03-06,199,succeeded
4972,485,448,2025-04-07,199,succeeded
4973,485,448,2025-05-09,199,succeeded
4974,485,448,2025-06-09,199,succeeded
4975,485,448,2025-07-06,199,succeeded
4976,485,448,2025-08-07,199,succeeded
4977,485,448,2025-09-07,199,succeeded
4978,485,448,2025-10-10,199,succeeded
4979,485,448,2025-11-09,199,succeeded
4980,485,448,2025-12-06,199,succeeded
4981,485,448,2026-01-08,199,succeeded
4982,485,448,2026-02-09,199,succeeded
4983,485,448,2026-03-09,199,succeeded
4984,485,448,2026-04-07,199,succeeded
4985,485,448,2026-05-07,199,succeeded
4986,485,448,2026-06-06,199,succeeded
4987,486,449,2025-02-26,199,succeeded
4988,486,449,2025-03-26,199,succeeded
4989,486,449,2025-04-27,199,succeeded
4990,486,449,2025-05-24,199,succeeded
4991,486,449,2025-06-27,199,succeeded
4992,486,449,2025-07-25,199,succeeded
4993,486,449,2025-08-26,199,succeeded
4994,486,449,2025-09-25,199,succeeded
4995,486,449,2025-10-24,199,succeeded
4996,486,449,2025-11-24,199,succeeded
4997,486,449,2025-12-26,199,succeeded
4998,486,449,2026-01-27,199,failed
4999,486,449,2026-01-31,199,succeeded
5000,486,449,2026-02-24,199,succeeded
5001,486,449,2026-03-28,199,succeeded
5002,486,449,2026-04-24,199,succeeded
5003,486,449,2026-05-26,199,succeeded
5004,486,449,2026-06-24,199,succeeded
5005,487,450,2024-07-06,199,succeeded
5006,487,450,2024-08-08,199,succeeded
5007,487,450,2024-09-06,199,succeeded
5008,487,450,2024-10-07,199,succeeded
5009,487,450,2024-11-10,199,succeeded
5010,487,450,2024-12-06,199,succeeded
5011,487,450,2025-01-10,199,succeeded
5012,487,450,2025-02-08,199,succeeded
5013,487,450,2025-03-06,199,succeeded
5014,487,450,2025-04-07,199,succeeded
5015,487,450,2025-05-10,199,succeeded
5016,487,450,2025-06-10,199,succeeded
5017,487,450,2025-07-06,199,succeeded
5018,487,450,2025-08-08,199,succeeded
5019,487,450,2025-09-06,199,succeeded
5020,487,450,2025-10-08,199,succeeded
5021,487,450,2025-11-06,199,failed
5022,487,450,2025-11-10,199,succeeded
5023,487,450,2025-12-10,199,succeeded
5024,487,450,2026-01-10,199,succeeded
5025,487,450,2026-02-09,199,succeeded
5026,487,450,2026-03-09,199,succeeded
5027,487,450,2026-04-09,199,succeeded
5028,487,450,2026-05-09,199,succeeded
5029,487,450,2026-06-10,199,succeeded
5030,488,451,2025-09-18,49,succeeded
5031,488,451,2025-10-17,49,succeeded
5032,489,452,2024-05-16,49,succeeded
5033,489,452,2024-06-19,49,succeeded
5034,489,452,2024-07-18,49,succeeded
5035,489,452,2024-08-16,49,succeeded
5036,489,452,2024-09-16,49,succeeded
5037,489,452,2024-10-19,49,succeeded
5038,489,452,2024-11-16,49,succeeded
5039,489,452,2024-12-19,49,succeeded
5040,489,452,2025-01-17,49,succeeded
5041,489,452,2025-02-16,49,succeeded
5042,489,452,2025-03-17,49,succeeded
5043,489,452,2025-04-18,49,succeeded
5044,489,452,2025-05-20,49,succeeded
5045,489,452,2025-06-18,49,succeeded
5046,489,452,2025-07-16,49,succeeded
5047,489,452,2025-08-17,49,succeeded
5048,489,452,2025-09-19,49,succeeded
5049,489,452,2025-10-16,49,succeeded
5050,489,452,2025-11-16,49,succeeded
5051,489,452,2025-12-16,49,succeeded
5052,489,452,2026-01-19,49,succeeded
5053,489,452,2026-02-18,49,succeeded
5054,489,452,2026-03-17,49,succeeded
5055,489,452,2026-04-17,49,succeeded
5056,489,452,2026-05-18,49,succeeded
5057,489,452,2026-06-18,49,succeeded
5058,490,453,2023-07-15,199,succeeded
5059,490,453,2023-08-19,199,succeeded
5060,490,453,2023-09-19,199,succeeded
5061,490,453,2023-10-17,199,succeeded
5062,490,453,2023-11-15,199,succeeded
5063,490,453,2023-12-17,199,succeeded
5064,490,453,2024-01-16,199,succeeded
5065,490,453,2024-02-15,199,succeeded
5066,490,453,2024-03-15,199,succeeded
5067,490,453,2024-04-16,199,succeeded
5068,490,453,2024-05-16,199,succeeded
5069,490,453,2024-06-17,199,succeeded
5070,490,453,2024-07-17,199,succeeded
5071,490,453,2024-08-15,199,succeeded
5072,490,453,2024-09-15,199,succeeded
5073,490,453,2024-10-18,199,failed
5074,490,453,2024-10-21,199,succeeded
5075,490,453,2024-11-17,199,succeeded
5076,490,453,2024-12-19,199,succeeded
5077,490,453,2025-01-17,199,succeeded
5078,491,453,2025-02-02,799,succeeded
5079,491,453,2025-03-04,799,succeeded
5080,491,453,2025-04-01,799,succeeded
5081,491,453,2025-05-02,799,failed
5082,491,453,2025-05-05,799,succeeded
5083,491,453,2025-06-02,799,succeeded
5084,491,453,2025-07-01,799,succeeded
5085,491,453,2025-08-05,799,succeeded
5086,491,453,2025-09-05,799,succeeded
5087,491,453,2025-10-01,799,succeeded
5088,491,453,2025-11-01,799,succeeded
5089,491,453,2025-12-03,799,succeeded
5090,491,453,2026-01-01,799,succeeded
5091,491,453,2026-02-01,799,succeeded
5092,491,453,2026-03-04,799,succeeded
5093,491,453,2026-04-04,799,succeeded
5094,491,453,2026-05-01,799,succeeded
5095,491,453,2026-06-05,799,succeeded
5096,492,454,2025-02-20,49,succeeded
5097,492,454,2025-03-23,49,succeeded
5098,492,454,2025-04-23,49,succeeded
5099,492,454,2025-05-21,49,succeeded
5100,492,454,2025-06-21,49,succeeded
5101,492,454,2025-07-23,49,succeeded
5102,492,454,2025-08-20,49,succeeded
5103,492,454,2025-09-21,49,succeeded
5104,492,454,2025-10-19,49,succeeded
5105,494,456,2025-09-25,199,succeeded
5106,494,456,2025-10-25,199,succeeded
5107,494,456,2025-11-27,199,succeeded
5108,494,456,2025-12-24,199,succeeded
5109,494,456,2026-01-25,199,succeeded
5110,494,456,2026-02-25,199,succeeded
5111,494,456,2026-03-25,199,succeeded
5112,494,456,2026-04-27,199,succeeded
5113,494,456,2026-05-25,199,succeeded
5114,494,456,2026-06-27,199,succeeded
5115,495,457,2024-06-12,199,succeeded
5116,495,457,2024-07-13,199,succeeded
5117,495,457,2024-08-14,199,succeeded
5118,495,457,2024-09-15,199,succeeded
5119,495,457,2024-10-13,199,succeeded
5120,495,457,2024-11-16,199,succeeded
5121,495,457,2024-12-16,199,succeeded
5122,495,457,2025-01-12,199,failed
5123,495,457,2025-01-17,199,succeeded
5124,495,457,2025-02-13,199,succeeded
5125,495,457,2025-03-12,199,succeeded
5126,495,457,2025-04-16,199,failed
5127,495,457,2025-04-18,199,succeeded
5128,495,457,2025-05-15,199,succeeded
5129,495,457,2025-06-15,199,succeeded
5130,495,457,2025-07-14,199,succeeded
5131,495,457,2025-08-15,199,succeeded
5132,495,457,2025-09-16,199,succeeded
5133,495,457,2025-10-15,199,succeeded
5134,495,457,2025-11-16,199,succeeded
5135,495,457,2025-12-12,199,succeeded
5136,495,457,2026-01-14,199,succeeded
5137,495,457,2026-02-15,199,succeeded
5138,495,457,2026-03-16,199,succeeded
5139,495,457,2026-04-15,199,failed
5140,495,457,2026-04-20,199,succeeded
5141,495,457,2026-05-12,199,succeeded
5142,495,457,2026-06-15,199,succeeded
5143,496,458,2026-04-18,49,succeeded
5144,496,458,2026-05-18,49,succeeded
5145,496,458,2026-06-16,49,succeeded
5146,497,459,2024-07-17,199,succeeded
5147,497,459,2024-08-16,199,succeeded
5148,497,459,2024-09-20,199,succeeded
5149,497,459,2024-10-19,199,succeeded
5150,497,459,2024-11-19,199,succeeded
5151,497,459,2024-12-20,199,succeeded
5152,497,459,2025-01-19,199,succeeded
5153,497,459,2025-02-18,199,succeeded
5154,497,459,2025-03-16,199,succeeded
5155,497,459,2025-04-19,199,succeeded
5156,498,459,2025-05-03,49,succeeded
5157,498,459,2025-06-05,49,succeeded
5158,498,459,2025-07-01,49,succeeded
5159,498,459,2025-08-03,49,succeeded
5160,498,459,2025-09-02,49,succeeded
5161,498,459,2025-10-03,49,failed
5162,498,459,2025-10-05,49,succeeded
5163,498,459,2025-11-03,49,succeeded
5164,498,459,2025-12-01,49,succeeded
5165,498,459,2026-01-04,49,succeeded
5166,498,459,2026-02-02,49,succeeded
5167,498,459,2026-03-02,49,succeeded
5168,498,459,2026-04-05,49,succeeded
5169,498,459,2026-05-02,49,succeeded
5170,498,459,2026-06-01,49,succeeded
5171,499,460,2024-08-11,199,succeeded
5172,499,460,2024-09-09,199,succeeded
5173,499,460,2024-10-08,199,succeeded
5174,499,460,2024-11-12,199,succeeded
5175,499,460,2024-12-08,199,succeeded
5176,500,460,2025-01-03,799,succeeded
5177,500,460,2025-02-04,799,succeeded
5178,500,460,2025-03-04,799,succeeded
5179,500,460,2025-04-02,799,succeeded
5180,500,460,2025-05-02,799,succeeded
5181,500,460,2025-06-02,799,succeeded
5182,500,460,2025-07-01,799,succeeded
5183,500,460,2025-08-03,799,succeeded
5184,500,460,2025-09-01,799,succeeded
5185,500,460,2025-10-01,799,succeeded
5186,500,460,2025-11-01,799,succeeded
5187,500,460,2025-12-03,799,succeeded
5188,500,460,2026-01-02,799,succeeded
5189,500,460,2026-02-05,799,succeeded
5190,500,460,2026-03-03,799,succeeded
5191,500,460,2026-04-02,799,succeeded
5192,500,460,2026-05-05,799,succeeded
5193,500,460,2026-06-04,799,succeeded
5194,501,461,2023-08-15,199,succeeded
5195,501,461,2023-09-18,199,succeeded
5196,501,461,2023-10-19,199,succeeded
5197,501,461,2023-11-15,199,succeeded
5198,501,461,2023-12-15,199,succeeded
5199,501,461,2024-01-18,199,succeeded
5200,501,461,2024-02-15,199,succeeded
5201,501,461,2024-03-17,199,succeeded
5202,501,461,2024-04-19,199,succeeded
5203,501,461,2024-05-19,199,succeeded
5204,501,461,2024-06-18,199,succeeded
5205,501,461,2024-07-16,199,succeeded
5206,501,461,2024-08-19,199,succeeded
5207,501,461,2024-09-15,199,succeeded
5208,501,461,2024-10-18,199,succeeded
5209,501,461,2024-11-18,199,succeeded
5210,501,461,2024-12-19,199,succeeded
5211,501,461,2025-01-15,199,succeeded
5212,501,461,2025-02-16,199,succeeded
5213,501,461,2025-03-15,199,succeeded
5214,501,461,2025-04-15,199,succeeded
5215,501,461,2025-05-15,199,succeeded
5216,501,461,2025-06-18,199,succeeded
5217,501,461,2025-07-15,199,succeeded
5218,501,461,2025-08-16,199,succeeded
5219,501,461,2025-09-17,199,succeeded
5220,501,461,2025-10-15,199,succeeded
5221,501,461,2025-11-15,199,succeeded
5222,501,461,2025-12-15,199,succeeded
5223,501,461,2026-01-15,199,succeeded
5224,501,461,2026-02-19,199,succeeded
5225,501,461,2026-03-15,199,succeeded
5226,501,461,2026-04-17,199,succeeded
5227,501,461,2026-05-18,199,succeeded
5228,501,461,2026-06-16,199,succeeded
5229,502,462,2025-07-05,799,succeeded
5230,502,462,2025-08-05,799,succeeded
5231,502,462,2025-09-02,799,failed
5232,502,462,2025-10-03,799,succeeded
5233,502,462,2025-11-04,799,succeeded
5234,502,462,2025-12-03,799,succeeded
5235,502,462,2026-01-06,799,succeeded
5236,502,462,2026-02-02,799,succeeded
5237,502,462,2026-03-03,799,succeeded
5238,502,462,2026-04-04,799,failed
5239,502,462,2026-04-10,799,succeeded
5240,502,462,2026-05-02,799,succeeded
5241,502,462,2026-06-03,799,failed
5242,502,462,2026-06-08,799,succeeded
5243,503,463,2024-06-07,49,succeeded
5244,503,463,2024-07-06,49,succeeded
5245,503,463,2024-08-05,49,succeeded
5246,503,463,2024-09-05,49,succeeded
5247,503,463,2024-10-08,49,succeeded
5248,503,463,2024-11-09,49,succeeded
5249,503,463,2024-12-05,49,succeeded
5250,503,463,2025-01-08,49,succeeded
5251,503,463,2025-02-09,49,succeeded
5252,503,463,2025-03-07,49,succeeded
5253,503,463,2025-04-06,49,succeeded
5254,503,463,2025-05-08,49,succeeded
5255,503,463,2025-06-05,49,succeeded
5256,503,463,2025-07-08,49,succeeded
5257,503,463,2025-08-09,49,succeeded
5258,503,463,2025-09-08,49,succeeded
5259,503,463,2025-10-09,49,succeeded
5260,503,463,2025-11-05,49,succeeded
5261,503,463,2025-12-08,49,succeeded
5262,503,463,2026-01-07,49,succeeded
5263,503,463,2026-02-09,49,succeeded
5264,503,463,2026-03-07,49,succeeded
5265,503,463,2026-04-05,49,succeeded
5266,503,463,2026-05-05,49,succeeded
5267,503,463,2026-06-07,49,succeeded
5268,504,464,2025-06-10,49,succeeded
5269,504,464,2025-07-11,49,succeeded
5270,504,464,2025-08-10,49,succeeded
5271,504,464,2025-09-11,49,succeeded
5272,504,464,2025-10-10,49,succeeded
5273,504,464,2025-11-07,49,succeeded
5274,504,464,2025-12-09,49,succeeded
5275,504,464,2026-01-07,49,succeeded
5276,504,464,2026-02-08,49,succeeded
5277,504,464,2026-03-07,49,succeeded
5278,504,464,2026-04-08,49,succeeded
5279,504,464,2026-05-07,49,succeeded
5280,504,464,2026-06-08,49,succeeded
5281,505,465,2025-12-30,199,succeeded
5282,505,465,2026-01-30,199,succeeded
5283,505,465,2026-02-27,199,succeeded
5284,505,465,2026-03-28,199,succeeded
5285,505,465,2026-04-30,199,succeeded
5286,505,465,2026-05-28,199,succeeded
5287,505,465,2026-06-29,199,succeeded
5288,506,466,2025-11-04,49,succeeded
5289,506,466,2025-12-03,49,succeeded
5290,506,466,2026-01-02,49,succeeded
5291,506,466,2026-02-02,49,succeeded
5292,506,466,2026-03-03,49,succeeded
5293,506,466,2026-04-04,49,succeeded
5294,508,468,2026-01-03,49,succeeded
5295,508,468,2026-02-06,49,succeeded
5296,508,468,2026-03-06,49,succeeded
5297,508,468,2026-04-02,49,succeeded
5298,509,469,2026-06-05,799,succeeded
5299,510,470,2024-08-27,49,succeeded
5300,510,470,2024-09-26,49,succeeded
5301,510,470,2024-10-26,49,succeeded
5302,510,470,2024-11-29,49,succeeded
5303,510,470,2024-12-29,49,succeeded
5304,510,470,2025-01-29,49,succeeded
5305,510,470,2025-02-25,49,succeeded
5306,510,470,2025-03-29,49,succeeded
5307,510,470,2025-04-25,49,succeeded
5308,510,470,2025-05-25,49,succeeded
5309,510,470,2025-06-29,49,succeeded
5310,510,470,2025-07-27,49,succeeded
5311,510,470,2025-08-27,49,succeeded
5312,510,470,2025-09-28,49,succeeded
5313,510,470,2025-10-25,49,succeeded
5314,510,470,2025-11-25,49,succeeded
5315,510,470,2025-12-28,49,succeeded
5316,510,470,2026-01-28,49,succeeded
5317,511,471,2025-09-12,799,succeeded
5318,511,471,2025-10-15,799,succeeded
5319,511,471,2025-11-13,799,succeeded
5320,511,471,2025-12-14,799,failed
5321,511,471,2025-12-18,799,succeeded
5322,511,471,2026-01-15,799,succeeded
5323,511,471,2026-02-13,799,succeeded
5324,511,471,2026-03-16,799,succeeded
5325,511,471,2026-04-16,799,succeeded
5326,511,471,2026-05-12,799,succeeded
5327,511,471,2026-06-14,799,succeeded
5328,512,472,2024-10-14,199,succeeded
5329,512,472,2024-11-13,199,succeeded
5330,512,472,2024-12-15,199,succeeded
5331,512,472,2025-01-16,199,succeeded
5332,512,472,2025-02-17,199,succeeded
5333,512,472,2025-03-14,199,succeeded
5334,512,472,2025-04-13,199,succeeded
5335,512,472,2025-05-13,199,succeeded
5336,512,472,2025-06-16,199,succeeded
5337,512,472,2025-07-15,199,succeeded
5338,512,472,2025-08-17,199,succeeded
5339,512,472,2025-09-14,199,succeeded
5340,512,472,2025-10-17,199,succeeded
5341,512,472,2025-11-17,199,succeeded
5342,512,472,2025-12-17,199,succeeded
5343,512,472,2026-01-17,199,succeeded
5344,512,472,2026-02-17,199,succeeded
5345,512,472,2026-03-15,199,failed
5346,512,472,2026-04-14,199,succeeded
5347,512,472,2026-05-16,199,succeeded
5348,513,473,2025-02-24,799,succeeded
5349,513,473,2025-03-25,799,succeeded
5350,513,473,2025-04-25,799,succeeded
5351,513,473,2025-05-24,799,failed
5352,513,473,2025-05-27,799,succeeded
5353,513,473,2025-06-25,799,succeeded
5354,513,473,2025-07-24,799,succeeded
5355,513,473,2025-08-22,799,succeeded
5356,513,473,2025-09-22,799,succeeded
5357,513,473,2025-10-25,799,succeeded
5358,513,473,2025-11-21,799,succeeded
5359,513,473,2025-12-25,799,succeeded
5360,513,473,2026-01-22,799,succeeded
5361,513,473,2026-02-22,799,succeeded
5362,513,473,2026-03-21,799,succeeded
5363,513,473,2026-04-23,799,succeeded
5364,513,473,2026-05-24,799,failed
5365,513,473,2026-05-27,799,succeeded
5366,513,473,2026-06-24,799,succeeded
5367,514,474,2025-01-20,199,succeeded
5368,514,474,2025-02-21,199,succeeded
5369,514,474,2025-03-17,199,succeeded
5370,514,474,2025-04-19,199,succeeded
5371,514,474,2025-05-19,199,succeeded
5372,514,474,2025-06-18,199,succeeded
5373,514,474,2025-07-20,199,succeeded
5374,514,474,2025-08-20,199,succeeded
5375,514,474,2025-09-21,199,succeeded
5376,514,474,2025-10-17,199,succeeded
5377,514,474,2025-11-19,199,succeeded
5378,514,474,2025-12-21,199,succeeded
5379,514,474,2026-01-19,199,succeeded
5380,514,474,2026-02-19,199,succeeded
5381,514,474,2026-03-17,199,succeeded
5382,514,474,2026-04-17,199,succeeded
5383,514,474,2026-05-18,199,succeeded
5384,514,474,2026-06-18,199,succeeded
5385,515,475,2026-02-01,799,succeeded
5386,515,475,2026-03-04,799,succeeded
5387,515,475,2026-04-05,799,succeeded
5388,515,475,2026-05-02,799,succeeded
5389,515,475,2026-06-03,799,succeeded
5390,516,476,2025-06-19,199,succeeded
5391,516,476,2025-07-20,199,succeeded
5392,518,478,2026-04-27,199,succeeded
5393,518,478,2026-05-26,199,succeeded
5394,518,478,2026-06-28,199,succeeded
5395,519,479,2025-10-08,199,succeeded
5396,519,479,2025-11-12,199,succeeded
5397,519,479,2025-12-09,199,succeeded
5398,519,479,2026-01-08,199,succeeded
5399,519,479,2026-02-08,199,succeeded
5400,519,479,2026-03-12,199,succeeded
5401,519,479,2026-04-11,199,succeeded
5402,520,479,2026-05-02,49,succeeded
5403,520,479,2026-06-04,49,succeeded
5404,521,480,2024-02-26,49,succeeded
5405,521,480,2024-03-24,49,succeeded
5406,521,480,2024-04-22,49,succeeded
5407,521,480,2024-05-25,49,succeeded
5408,521,480,2024-06-24,49,succeeded
5409,521,480,2024-07-26,49,succeeded
5410,521,480,2024-08-26,49,succeeded
5411,521,480,2024-09-23,49,succeeded
5412,521,480,2024-10-22,49,succeeded
5413,521,480,2024-11-22,49,succeeded
5414,521,480,2024-12-23,49,succeeded
5415,521,480,2025-01-22,49,succeeded
5416,521,480,2025-02-22,49,succeeded
5417,521,480,2025-03-25,49,succeeded
5418,521,480,2025-04-24,49,succeeded
5419,522,481,2026-04-15,199,succeeded
5420,522,481,2026-05-17,199,succeeded
5421,522,481,2026-06-18,199,succeeded
5422,523,482,2025-12-06,799,succeeded
5423,523,482,2026-01-05,799,succeeded
5424,523,482,2026-02-08,799,succeeded
5425,523,482,2026-03-06,799,succeeded
5426,523,482,2026-04-07,799,succeeded
5427,523,482,2026-05-06,799,succeeded
5428,523,482,2026-06-08,799,succeeded
5429,524,483,2026-06-21,199,succeeded
5430,525,484,2025-01-11,199,succeeded
5431,525,484,2025-02-08,199,succeeded
5432,525,484,2025-03-10,199,succeeded
5433,525,484,2025-04-09,199,succeeded
5434,525,484,2025-05-09,199,succeeded
5435,525,484,2025-06-11,199,succeeded
5436,525,484,2025-07-11,199,failed
5437,525,484,2025-07-15,199,succeeded
5438,525,484,2025-08-10,199,succeeded
5439,525,484,2025-09-10,199,succeeded
5440,525,484,2025-10-08,199,succeeded
5441,525,484,2025-11-08,199,succeeded
5442,525,484,2025-12-10,199,succeeded
5443,525,484,2026-01-10,199,succeeded
5444,525,484,2026-02-12,199,succeeded
5445,525,484,2026-03-10,199,succeeded
5446,525,484,2026-04-10,199,succeeded
5447,526,485,2026-03-18,199,succeeded
5448,526,485,2026-04-16,199,succeeded
5449,526,485,2026-05-17,199,succeeded
5450,526,485,2026-06-16,199,succeeded
5451,527,486,2025-12-10,799,succeeded
5452,527,486,2026-01-09,799,succeeded
5453,527,486,2026-02-06,799,succeeded
5454,527,486,2026-03-06,799,succeeded
5455,527,486,2026-04-08,799,succeeded
5456,527,486,2026-05-06,799,succeeded
5457,527,486,2026-06-07,799,succeeded
5458,528,487,2026-03-24,49,succeeded
5459,528,487,2026-04-23,49,succeeded
5460,528,487,2026-05-24,49,succeeded
5461,528,487,2026-06-21,49,succeeded
5462,529,488,2025-12-15,49,succeeded
5463,529,488,2026-01-18,49,succeeded
5464,529,488,2026-02-17,49,succeeded
5465,529,488,2026-03-17,49,succeeded
5466,529,488,2026-04-17,49,succeeded
5467,529,488,2026-05-14,49,succeeded
5468,529,488,2026-06-16,49,succeeded
5469,530,489,2024-03-12,799,succeeded
5470,530,489,2024-04-11,799,succeeded
5471,530,489,2024-05-12,799,succeeded
5472,530,489,2024-06-09,799,failed
5473,530,489,2024-06-11,799,succeeded
5474,530,489,2024-07-11,799,succeeded
5475,530,489,2024-08-11,799,succeeded
5476,530,489,2024-09-09,799,succeeded
5477,530,489,2024-10-12,799,failed
5478,530,489,2024-11-10,799,succeeded
5479,530,489,2024-12-08,799,succeeded
5480,530,489,2025-01-12,799,succeeded
5481,530,489,2025-02-09,799,succeeded
5482,530,489,2025-03-10,799,succeeded
5483,530,489,2025-04-11,799,succeeded
5484,530,489,2025-05-12,799,succeeded
5485,530,489,2025-06-09,799,succeeded
5486,530,489,2025-07-09,799,succeeded
5487,530,489,2025-08-11,799,succeeded
5488,530,489,2025-09-12,799,failed
5489,530,489,2025-09-17,799,succeeded
5490,530,489,2025-10-11,799,succeeded
5491,530,489,2025-11-10,799,succeeded
5492,530,489,2025-12-11,799,succeeded
5493,530,489,2026-01-08,799,succeeded
5494,530,489,2026-02-09,799,succeeded
5495,530,489,2026-03-11,799,succeeded
5496,530,489,2026-04-12,799,succeeded
5497,530,489,2026-05-08,799,succeeded
5498,530,489,2026-06-08,799,succeeded
5499,531,490,2023-12-19,799,succeeded
5500,531,490,2024-01-16,799,succeeded
5501,531,490,2024-02-17,799,succeeded
5502,531,490,2024-03-18,799,succeeded
5503,531,490,2024-04-16,799,succeeded
5504,531,490,2024-05-17,799,succeeded
5505,531,490,2024-06-17,799,succeeded
5506,531,490,2024-07-15,799,succeeded
5507,531,490,2024-08-17,799,succeeded
5508,531,490,2024-09-19,799,succeeded
5509,531,490,2024-10-19,799,succeeded
5510,531,490,2024-11-16,799,succeeded
5511,531,490,2024-12-16,799,succeeded
5512,531,490,2025-01-18,799,succeeded
5513,531,490,2025-02-15,799,succeeded
5514,531,490,2025-03-15,799,succeeded
5515,531,490,2025-04-19,799,succeeded
5516,531,490,2025-05-15,799,succeeded
5517,531,490,2025-06-17,799,succeeded
5518,531,490,2025-07-18,799,succeeded
5519,531,490,2025-08-18,799,succeeded
5520,531,490,2025-09-17,799,succeeded
5521,531,490,2025-10-16,799,succeeded
5522,531,490,2025-11-16,799,succeeded
5523,531,490,2025-12-17,799,succeeded
5524,531,490,2026-01-19,799,succeeded
5525,531,490,2026-02-15,799,succeeded
5526,531,490,2026-03-16,799,succeeded
5527,531,490,2026-04-19,799,succeeded
5528,531,490,2026-05-16,799,succeeded
5529,531,490,2026-06-17,799,succeeded
5530,532,491,2023-07-19,199,succeeded
5531,532,491,2023-08-18,199,succeeded
5532,532,491,2023-09-21,199,succeeded
5533,532,491,2023-10-17,199,succeeded
5534,532,491,2023-11-19,199,succeeded
5535,532,491,2023-12-20,199,succeeded
5536,532,491,2024-01-20,199,succeeded
5537,532,491,2024-02-18,199,succeeded
5538,532,491,2024-03-18,199,failed
5539,532,491,2024-03-22,199,succeeded
5540,532,491,2024-04-21,199,succeeded
5541,532,491,2024-05-20,199,succeeded
5542,532,491,2024-06-21,199,succeeded
5543,532,491,2024-07-21,199,failed
5544,532,491,2024-08-21,199,succeeded
5545,532,491,2024-09-20,199,succeeded
5546,532,491,2024-10-17,199,succeeded
5547,532,491,2024-11-18,199,succeeded
5548,532,491,2024-12-17,199,succeeded
5549,532,491,2025-01-17,199,succeeded
5550,532,491,2025-02-17,199,succeeded
5551,532,491,2025-03-18,199,succeeded
5552,532,491,2025-04-20,199,succeeded
5553,532,491,2025-05-19,199,succeeded
5554,532,491,2025-06-18,199,succeeded
5555,532,491,2025-07-18,199,succeeded
5556,532,491,2025-08-19,199,succeeded
5557,532,491,2025-09-19,199,succeeded
5558,532,491,2025-10-21,199,succeeded
5559,532,491,2025-11-21,199,succeeded
5560,532,491,2025-12-18,199,succeeded
5561,532,491,2026-01-21,199,succeeded
5562,532,491,2026-02-20,199,succeeded
5563,532,491,2026-03-20,199,succeeded
5564,532,491,2026-04-21,199,succeeded
5565,532,491,2026-05-20,199,succeeded
5566,532,491,2026-06-17,199,succeeded
5567,533,492,2023-11-07,199,succeeded
5568,533,492,2023-12-03,199,succeeded
5569,533,492,2024-01-07,199,succeeded
5570,533,492,2024-02-07,199,succeeded
5571,533,492,2024-03-04,199,succeeded
5572,533,492,2024-04-04,199,succeeded
5573,533,492,2024-05-04,199,succeeded
5574,533,492,2024-06-03,199,succeeded
5575,533,492,2024-07-05,199,succeeded
5576,533,492,2024-08-04,199,succeeded
5577,533,492,2024-09-05,199,succeeded
5578,533,492,2024-10-06,199,succeeded
5579,533,492,2024-11-03,199,succeeded
5580,533,492,2024-12-07,199,succeeded
5581,533,492,2025-01-07,199,succeeded
5582,533,492,2025-02-07,199,succeeded
5583,533,492,2025-03-06,199,succeeded
5584,533,492,2025-04-04,199,succeeded
5585,533,492,2025-05-03,199,succeeded
5586,533,492,2025-06-06,199,succeeded
5587,533,492,2025-07-07,199,succeeded
5588,533,492,2025-08-05,199,succeeded
5589,533,492,2025-09-03,199,succeeded
5590,533,492,2025-10-04,199,succeeded
5591,533,492,2025-11-03,199,succeeded
5592,533,492,2025-12-06,199,succeeded
5593,533,492,2026-01-03,199,succeeded
5594,533,492,2026-02-06,199,succeeded
5595,533,492,2026-03-05,199,succeeded
5596,533,492,2026-04-05,199,succeeded
5597,533,492,2026-05-04,199,succeeded
5598,533,492,2026-06-07,199,succeeded
5599,534,493,2024-03-02,49,succeeded
5600,534,493,2024-03-30,49,succeeded
5601,534,493,2024-04-27,49,succeeded
5602,534,493,2024-05-29,49,succeeded
5603,534,493,2024-07-01,49,succeeded
5604,534,493,2024-07-31,49,succeeded
5605,535,494,2025-05-04,799,succeeded
5606,535,494,2025-06-02,799,failed
5607,535,494,2025-06-08,799,succeeded
5608,535,494,2025-07-05,799,succeeded
5609,535,494,2025-08-02,799,succeeded
5610,535,494,2025-09-05,799,succeeded
5611,535,494,2025-10-04,799,succeeded
5612,535,494,2025-11-06,799,succeeded
5613,535,494,2025-12-02,799,succeeded
5614,535,494,2026-01-06,799,succeeded
5615,535,494,2026-02-02,799,succeeded
5616,535,494,2026-03-05,799,succeeded
5617,535,494,2026-04-03,799,succeeded
5618,535,494,2026-05-03,799,succeeded
5619,535,494,2026-06-06,799,succeeded
5620,536,495,2025-08-25,199,succeeded
5621,536,495,2025-09-26,199,succeeded
5622,536,495,2025-10-22,199,succeeded
5623,536,495,2025-11-23,199,succeeded
5624,536,495,2025-12-26,199,succeeded
5625,536,495,2026-01-23,199,succeeded
5626,536,495,2026-02-25,199,succeeded
5627,536,495,2026-03-24,199,succeeded
5628,536,495,2026-04-23,199,succeeded
5629,536,495,2026-05-26,199,failed
5630,536,495,2026-05-30,199,succeeded
5631,536,495,2026-06-26,199,succeeded
5632,537,496,2025-11-14,799,succeeded
5633,537,496,2025-12-11,799,succeeded
5634,537,496,2026-01-11,799,succeeded
5635,537,496,2026-02-12,799,succeeded
5636,537,496,2026-03-10,799,succeeded
5637,537,496,2026-04-12,799,succeeded
5638,537,496,2026-05-14,799,succeeded
5639,537,496,2026-06-12,799,succeeded
5640,538,497,2024-03-07,799,failed
5641,538,497,2024-03-12,799,succeeded
5642,538,497,2024-04-04,799,succeeded
5643,538,497,2024-05-07,799,succeeded
5644,538,497,2024-06-08,799,succeeded
5645,538,497,2024-07-05,799,succeeded
5646,538,497,2024-08-07,799,succeeded
5647,538,497,2024-09-05,799,succeeded
5648,538,497,2024-10-06,799,succeeded
5649,538,497,2024-11-07,799,succeeded
5650,538,497,2024-12-06,799,succeeded
5651,538,497,2025-01-07,799,succeeded
5652,538,497,2025-02-07,799,succeeded
5653,538,497,2025-03-07,799,succeeded
5654,538,497,2025-04-04,799,succeeded
5655,538,497,2025-05-04,799,succeeded
5656,538,497,2025-06-07,799,succeeded
5657,538,497,2025-07-04,799,succeeded
5658,538,497,2025-08-08,799,succeeded
5659,538,497,2025-09-04,799,succeeded
5660,538,497,2025-10-08,799,succeeded
5661,538,497,2025-11-05,799,succeeded
5662,538,497,2025-12-08,799,succeeded
5663,538,497,2026-01-06,799,succeeded
5664,538,497,2026-02-05,799,succeeded
5665,538,497,2026-03-07,799,succeeded
5666,538,497,2026-04-08,799,succeeded
5667,538,497,2026-05-08,799,succeeded
5668,538,497,2026-06-04,799,succeeded
5669,539,498,2025-10-24,799,succeeded
5670,539,498,2025-11-20,799,succeeded
5671,539,498,2025-12-21,799,succeeded
5672,539,498,2026-01-23,799,succeeded
5673,539,498,2026-02-24,799,succeeded
5674,539,498,2026-03-22,799,succeeded
5675,539,498,2026-04-24,799,succeeded
5676,539,498,2026-05-24,799,succeeded
5677,539,498,2026-06-20,799,succeeded
5678,540,499,2026-03-27,49,succeeded
5679,540,499,2026-04-29,49,succeeded
5680,540,499,2026-05-29,49,succeeded
5681,540,499,2026-06-28,49,succeeded
5682,541,500,2023-12-13,199,succeeded
5683,541,500,2024-01-09,199,succeeded
5684,541,500,2024-02-11,199,succeeded
5685,541,500,2024-03-11,199,succeeded
5686,541,500,2024-04-12,199,succeeded
5687,541,500,2024-05-10,199,succeeded
5688,541,500,2024-06-11,199,succeeded
5689,541,500,2024-07-10,199,succeeded
5690,541,500,2024-08-13,199,succeeded
5691,541,500,2024-09-11,199,succeeded
5692,541,500,2024-10-11,199,succeeded
5693,541,500,2024-11-11,199,succeeded
5694,541,500,2024-12-13,199,succeeded
5695,541,500,2025-01-11,199,succeeded
5696,541,500,2025-02-09,199,succeeded
5697,541,500,2025-03-10,199,succeeded
5698,541,500,2025-04-11,199,succeeded
5699,541,500,2025-05-13,199,succeeded
5700,541,500,2025-06-13,199,succeeded
5701,541,500,2025-07-11,199,succeeded
5702,541,500,2025-08-13,199,succeeded
5703,541,500,2025-09-10,199,succeeded
5704,541,500,2025-10-12,199,succeeded
5705,541,500,2025-11-09,199,succeeded
5706,541,500,2025-12-12,199,succeeded
5707,541,500,2026-01-11,199,succeeded
5708,541,500,2026-02-12,199,failed
5709,541,500,2026-02-18,199,succeeded
5710,541,500,2026-03-09,199,succeeded
5711,541,500,2026-04-12,199,succeeded
5712,541,500,2026-05-11,199,succeeded
5713,541,500,2026-06-11,199,succeeded
5714,542,501,2026-04-24,49,succeeded
5715,542,501,2026-05-26,49,succeeded
5716,542,501,2026-06-28,49,succeeded
5717,543,502,2024-09-15,799,succeeded
5718,543,502,2024-10-12,799,succeeded
5719,544,502,2024-11-03,199,failed
5720,544,502,2024-11-06,199,succeeded
5721,544,502,2024-12-03,199,succeeded
5722,544,502,2025-01-04,199,succeeded
5723,544,502,2025-02-02,199,succeeded
5724,544,502,2025-03-01,199,succeeded
5725,544,502,2025-04-04,199,succeeded
5726,544,502,2025-05-01,199,succeeded
5727,544,502,2025-06-01,199,succeeded
5728,544,502,2025-07-05,199,succeeded
5729,544,502,2025-08-03,199,succeeded
5730,544,502,2025-09-01,199,succeeded
5731,544,502,2025-10-01,199,succeeded
5732,544,502,2025-11-02,199,succeeded
5733,544,502,2025-12-02,199,succeeded
5734,544,502,2026-01-04,199,succeeded
5735,544,502,2026-02-03,199,succeeded
5736,544,502,2026-03-04,199,succeeded
5737,544,502,2026-04-03,199,succeeded
5738,544,502,2026-05-01,199,succeeded
5739,544,502,2026-06-01,199,succeeded
5740,545,503,2024-12-05,49,succeeded
5741,545,503,2025-01-05,49,succeeded
5742,545,503,2025-02-05,49,failed
5743,545,503,2025-03-05,49,succeeded
5744,545,503,2025-04-03,49,failed
5745,545,503,2025-05-03,49,succeeded
5746,545,503,2025-06-02,49,succeeded
5747,545,503,2025-07-03,49,succeeded
5748,545,503,2025-08-03,49,succeeded
5749,545,503,2025-09-02,49,succeeded
5750,545,503,2025-10-05,49,succeeded
5751,545,503,2025-11-04,49,succeeded
5752,545,503,2025-12-05,49,succeeded
5753,545,503,2026-01-01,49,succeeded
5754,545,503,2026-02-01,49,succeeded
5755,546,504,2025-03-10,199,succeeded
5756,546,504,2025-04-11,199,succeeded
5757,546,504,2025-05-13,199,succeeded
5758,546,504,2025-06-12,199,succeeded
5759,546,504,2025-07-10,199,succeeded
5760,546,504,2025-08-12,199,succeeded
5761,546,504,2025-09-12,199,succeeded
5762,546,504,2025-10-14,199,succeeded
5763,546,504,2025-11-10,199,failed
5764,546,504,2025-11-14,199,succeeded
5765,546,504,2025-12-13,199,succeeded
5766,546,504,2026-01-12,199,succeeded
5767,546,504,2026-02-11,199,succeeded
5768,546,504,2026-03-10,199,succeeded
5769,546,504,2026-04-14,199,succeeded
5770,546,504,2026-05-12,199,succeeded
5771,546,504,2026-06-13,199,succeeded
5772,547,505,2025-06-09,49,succeeded
5773,547,505,2025-07-08,49,succeeded
5774,547,505,2025-08-11,49,succeeded
5775,548,506,2024-10-29,799,succeeded
5776,548,506,2024-11-25,799,succeeded
5777,548,506,2024-12-28,799,succeeded
5778,548,506,2025-01-27,799,succeeded
5779,548,506,2025-02-26,799,failed
5780,548,506,2025-03-02,799,succeeded
5781,548,506,2025-03-28,799,succeeded
5782,548,506,2025-04-28,799,succeeded
5783,548,506,2025-05-29,799,succeeded
5784,548,506,2025-06-25,799,succeeded
5785,548,506,2025-07-29,799,succeeded
5786,548,506,2025-08-29,799,succeeded
5787,548,506,2025-09-25,799,failed
5788,548,506,2025-10-26,799,succeeded
5789,548,506,2025-11-28,799,succeeded
5790,548,506,2025-12-27,799,succeeded
5791,548,506,2026-01-27,799,succeeded
5792,548,506,2026-03-01,799,succeeded
5793,548,506,2026-03-25,799,succeeded
5794,548,506,2026-04-25,799,succeeded
5795,548,506,2026-05-29,799,succeeded
5796,548,506,2026-06-26,799,succeeded
5797,549,507,2026-04-17,199,succeeded
5798,549,507,2026-05-18,199,succeeded
5799,549,507,2026-06-19,199,succeeded
5800,550,508,2026-02-19,49,succeeded
5801,550,508,2026-03-22,49,succeeded
5802,550,508,2026-04-22,49,succeeded
5803,550,508,2026-05-20,49,succeeded
5804,550,508,2026-06-22,49,succeeded
5805,551,509,2026-02-05,199,succeeded
5806,551,509,2026-03-04,199,failed
5807,551,509,2026-03-07,199,succeeded
5808,551,509,2026-04-06,199,succeeded
5809,551,509,2026-05-06,199,succeeded
5810,551,509,2026-06-02,199,succeeded
5811,552,510,2024-03-24,49,succeeded
5812,552,510,2024-04-23,49,succeeded
5813,552,510,2024-05-23,49,succeeded
5814,552,510,2024-06-22,49,succeeded
5815,552,510,2024-07-23,49,succeeded
5816,552,510,2024-08-23,49,succeeded
5817,552,510,2024-09-26,49,succeeded
5818,552,510,2024-10-22,49,succeeded
5819,552,510,2024-11-23,49,succeeded
5820,552,510,2024-12-24,49,succeeded
5821,552,510,2025-01-26,49,succeeded
5822,552,510,2025-02-25,49,succeeded
5823,552,510,2025-03-22,49,succeeded
5824,552,510,2025-04-26,49,succeeded
5825,552,510,2025-05-25,49,succeeded
5826,552,510,2025-06-26,49,succeeded
5827,553,511,2023-10-09,49,succeeded
5828,553,511,2023-11-11,49,succeeded
5829,553,511,2023-12-10,49,succeeded
5830,553,511,2024-01-12,49,succeeded
5831,553,511,2024-02-12,49,succeeded
5832,553,511,2024-03-12,49,succeeded
5833,553,511,2024-04-10,49,succeeded
5834,554,512,2026-06-12,49,succeeded
5835,555,513,2025-02-24,799,succeeded
5836,555,513,2025-03-23,799,succeeded
5837,555,513,2025-04-25,799,succeeded
5838,555,513,2025-05-26,799,succeeded
5839,555,513,2025-06-22,799,succeeded
5840,555,513,2025-07-23,799,succeeded
5841,555,513,2025-08-23,799,succeeded
5842,555,513,2025-09-23,799,succeeded
5843,555,513,2025-10-26,799,succeeded
5844,555,513,2025-11-24,799,succeeded
5845,555,513,2025-12-23,799,succeeded
5846,555,513,2026-01-24,799,succeeded
5847,555,513,2026-02-26,799,succeeded
5848,555,513,2026-03-26,799,succeeded
5849,555,513,2026-04-24,799,succeeded
5850,555,513,2026-05-24,799,succeeded
5851,555,513,2026-06-22,799,succeeded
5852,556,514,2026-01-03,199,succeeded
5853,556,514,2026-02-03,199,succeeded
5854,556,514,2026-03-02,199,succeeded
5855,556,514,2026-04-04,199,succeeded
5856,556,514,2026-05-03,199,succeeded
5857,556,514,2026-06-01,199,succeeded
5858,557,515,2026-02-20,799,succeeded
5859,557,515,2026-03-19,799,succeeded
5860,557,515,2026-04-20,799,succeeded
5861,557,515,2026-05-19,799,succeeded
5862,557,515,2026-06-18,799,failed
5863,557,515,2026-06-23,799,succeeded
5864,558,516,2025-08-07,799,succeeded
5865,558,516,2025-09-06,799,succeeded
5866,558,516,2025-10-06,799,succeeded
5867,558,516,2025-11-08,799,succeeded
5868,558,516,2025-12-07,799,succeeded
5869,558,516,2026-01-08,799,succeeded
5870,558,516,2026-02-07,799,failed
5871,558,516,2026-02-13,799,succeeded
5872,558,516,2026-03-05,799,succeeded
5873,558,516,2026-04-08,799,succeeded
5874,558,516,2026-05-04,799,succeeded
5875,558,516,2026-06-07,799,succeeded
5876,559,517,2025-11-18,49,succeeded
5877,559,517,2025-12-19,49,succeeded
5878,559,517,2026-01-20,49,succeeded
5879,559,517,2026-02-20,49,succeeded
5880,559,517,2026-03-18,49,succeeded
5881,560,518,2024-07-16,799,succeeded
5882,560,518,2024-08-15,799,succeeded
5883,560,518,2024-09-13,799,failed
5884,560,518,2024-10-13,799,succeeded
5885,560,518,2024-11-16,799,succeeded
5886,560,518,2024-12-13,799,succeeded
5887,560,518,2025-01-14,799,succeeded
5888,560,518,2025-02-13,799,succeeded
5889,560,518,2025-03-16,799,succeeded
5890,560,518,2025-04-16,799,succeeded
5891,560,518,2025-05-12,799,succeeded
5892,561,518,2025-06-01,199,succeeded
5893,561,518,2025-07-01,199,succeeded
5894,561,518,2025-08-04,199,succeeded
5895,561,518,2025-09-01,199,succeeded
5896,561,518,2025-10-05,199,succeeded
5897,561,518,2025-11-05,199,succeeded
5898,561,518,2025-12-04,199,succeeded
5899,561,518,2026-01-05,199,succeeded
5900,561,518,2026-02-05,199,succeeded
5901,561,518,2026-03-04,199,succeeded
5902,561,518,2026-04-03,199,succeeded
5903,561,518,2026-05-04,199,succeeded
5904,561,518,2026-06-04,199,succeeded
5905,562,519,2025-08-10,49,failed
5906,562,519,2025-08-13,49,succeeded
5907,562,519,2025-09-12,49,succeeded
5908,562,519,2025-10-10,49,succeeded
5909,562,519,2025-11-09,49,succeeded
5910,562,519,2025-12-09,49,failed
5911,562,519,2025-12-12,49,succeeded
5912,562,519,2026-01-08,49,succeeded
5913,562,519,2026-02-10,49,succeeded
5914,562,519,2026-03-11,49,succeeded
5915,562,519,2026-04-11,49,succeeded
5916,563,520,2025-02-23,199,succeeded
5917,563,520,2025-03-23,199,succeeded
5918,563,520,2025-04-23,199,succeeded
5919,563,520,2025-05-22,199,failed
5920,563,520,2025-05-24,199,succeeded
5921,563,520,2025-06-21,199,succeeded
5922,563,520,2025-07-21,199,succeeded
5923,563,520,2025-08-23,199,succeeded
5924,563,520,2025-09-23,199,succeeded
5925,563,520,2025-10-24,199,succeeded
5926,563,520,2025-11-22,199,succeeded
5927,563,520,2025-12-21,199,succeeded
5928,563,520,2026-01-21,199,succeeded
5929,563,520,2026-02-22,199,succeeded
5930,563,520,2026-03-23,199,succeeded
5931,563,520,2026-04-23,199,succeeded
5932,563,520,2026-05-25,199,succeeded
5933,563,520,2026-06-21,199,succeeded
5934,564,521,2023-12-20,49,succeeded
5935,564,521,2024-01-18,49,failed
5936,564,521,2024-01-22,49,succeeded
5937,564,521,2024-02-18,49,succeeded
5938,564,521,2024-03-19,49,succeeded
5939,564,521,2024-04-16,49,succeeded
5940,564,521,2024-05-16,49,succeeded
5941,564,521,2024-06-19,49,succeeded
5942,564,521,2024-07-18,49,succeeded
5943,564,521,2024-08-18,49,succeeded
5944,564,521,2024-09-19,49,succeeded
5945,564,521,2024-10-17,49,succeeded
5946,564,521,2024-11-19,49,succeeded
5947,564,521,2024-12-18,49,succeeded
5948,564,521,2025-01-19,49,succeeded
5949,565,522,2025-08-01,49,succeeded
5950,565,522,2025-08-30,49,succeeded
5951,565,522,2025-10-02,49,succeeded
5952,565,522,2025-10-29,49,succeeded
5953,565,522,2025-11-28,49,succeeded
5954,566,523,2025-02-07,799,succeeded
5955,566,523,2025-03-08,799,succeeded
5956,566,523,2025-04-06,799,succeeded
5957,566,523,2025-05-08,799,succeeded
5958,566,523,2025-06-05,799,succeeded
5959,566,523,2025-07-08,799,succeeded
5960,566,523,2025-08-06,799,succeeded
5961,566,523,2025-09-06,799,succeeded
5962,566,523,2025-10-06,799,succeeded
5963,566,523,2025-11-07,799,succeeded
5964,566,523,2025-12-06,799,succeeded
5965,566,523,2026-01-04,799,succeeded
5966,566,523,2026-02-04,799,succeeded
5967,566,523,2026-03-06,799,succeeded
5968,566,523,2026-04-08,799,succeeded
5969,566,523,2026-05-08,799,succeeded
5970,566,523,2026-06-04,799,succeeded
5971,567,524,2024-08-23,199,succeeded
5972,567,524,2024-09-24,199,failed
5973,567,524,2024-09-27,199,succeeded
5974,567,524,2024-10-23,199,failed
5975,567,524,2024-10-27,199,succeeded
5976,567,524,2024-11-23,199,succeeded
5977,567,524,2024-12-24,199,succeeded
5978,567,524,2025-01-25,199,succeeded
5979,567,524,2025-02-24,199,succeeded
5980,568,524,2025-03-05,799,succeeded
5981,568,524,2025-04-04,799,succeeded
5982,568,524,2025-05-02,799,succeeded
5983,568,524,2025-06-05,799,succeeded
5984,568,524,2025-07-01,799,succeeded
5985,568,524,2025-08-05,799,failed
5986,568,524,2025-09-03,799,succeeded
5987,568,524,2025-10-03,799,succeeded
5988,568,524,2025-11-03,799,succeeded
5989,568,524,2025-12-05,799,succeeded
5990,568,524,2026-01-03,799,succeeded
5991,568,524,2026-02-01,799,succeeded
5992,568,524,2026-03-02,799,succeeded
5993,568,524,2026-04-03,799,succeeded
5994,568,524,2026-05-05,799,succeeded
5995,568,524,2026-06-03,799,succeeded
5996,569,525,2026-03-25,199,succeeded
5997,569,525,2026-04-22,199,succeeded
5998,569,525,2026-05-26,199,succeeded
5999,569,525,2026-06-23,199,succeeded
6000,570,526,2026-06-10,799,succeeded
6001,571,527,2023-12-06,799,succeeded
6002,571,527,2024-01-08,799,succeeded
6003,571,527,2024-02-08,799,succeeded
6004,571,527,2024-03-07,799,succeeded
6005,571,527,2024-04-09,799,succeeded
6006,571,527,2024-05-06,799,succeeded
6007,571,527,2024-06-09,799,succeeded
6008,571,527,2024-07-08,799,succeeded
6009,571,527,2024-08-07,799,succeeded
6010,572,527,2024-09-03,199,succeeded
6011,572,527,2024-10-05,199,failed
6012,572,527,2024-11-03,199,succeeded
6013,572,527,2024-12-05,199,succeeded
6014,572,527,2025-01-03,199,succeeded
6015,572,527,2025-02-05,199,succeeded
6016,572,527,2025-03-03,199,succeeded
6017,572,527,2025-04-04,199,succeeded
6018,572,527,2025-05-04,199,succeeded
6019,572,527,2025-06-01,199,succeeded
6020,572,527,2025-07-02,199,succeeded
6021,572,527,2025-08-03,199,succeeded
6022,572,527,2025-09-04,199,succeeded
6023,572,527,2025-10-05,199,succeeded
6024,572,527,2025-11-03,199,succeeded
6025,573,527,2025-11-01,49,succeeded
6026,573,527,2025-12-01,49,succeeded
6027,573,527,2026-01-01,49,succeeded
6028,573,527,2026-02-05,49,succeeded
6029,573,527,2026-03-01,49,succeeded
6030,573,527,2026-04-02,49,succeeded
6031,573,527,2026-05-03,49,succeeded
6032,573,527,2026-06-05,49,succeeded
6033,575,529,2025-11-25,799,succeeded
6034,575,529,2025-12-24,799,succeeded
6035,575,529,2026-01-26,799,succeeded
6036,575,529,2026-02-24,799,succeeded
6037,575,529,2026-03-22,799,succeeded
6038,575,529,2026-04-25,799,succeeded
6039,575,529,2026-05-26,799,succeeded
6040,575,529,2026-06-24,799,succeeded
6041,576,530,2026-01-28,799,succeeded
6042,576,530,2026-02-28,799,succeeded
6043,576,530,2026-03-30,799,succeeded
6044,576,530,2026-04-26,799,succeeded
6045,576,530,2026-05-27,799,succeeded
6046,576,530,2026-06-26,799,succeeded
6047,577,531,2023-09-06,49,succeeded
6048,577,531,2023-10-05,49,failed
6049,577,531,2023-10-08,49,succeeded
6050,577,531,2023-11-04,49,succeeded
6051,577,531,2023-12-06,49,succeeded
6052,577,531,2024-01-02,49,succeeded
6053,577,531,2024-02-06,49,succeeded
6054,577,531,2024-03-03,49,succeeded
6055,577,531,2024-04-06,49,succeeded
6056,577,531,2024-05-02,49,succeeded
6057,577,531,2024-06-05,49,succeeded
6058,577,531,2024-07-05,49,succeeded
6059,577,531,2024-08-03,49,succeeded
6060,577,531,2024-09-03,49,succeeded
6061,577,531,2024-10-02,49,succeeded
6062,577,531,2024-11-02,49,succeeded
6063,577,531,2024-12-05,49,succeeded
6064,577,531,2025-01-06,49,succeeded
6065,577,531,2025-02-03,49,succeeded
6066,578,532,2024-02-29,49,succeeded
6067,578,532,2024-03-25,49,succeeded
6068,579,533,2024-11-04,799,succeeded
6069,579,533,2024-12-05,799,succeeded
6070,579,533,2025-01-05,799,succeeded
6071,579,533,2025-02-03,799,succeeded
6072,579,533,2025-03-03,799,succeeded
6073,579,533,2025-04-02,799,succeeded
6074,579,533,2025-05-05,799,succeeded
6075,579,533,2025-06-03,799,failed
6076,579,533,2025-06-08,799,succeeded
6077,579,533,2025-07-04,799,succeeded
6078,579,533,2025-08-03,799,succeeded
6079,579,533,2025-09-01,799,succeeded
6080,579,533,2025-10-05,799,succeeded
6081,580,534,2025-06-14,49,succeeded
6082,580,534,2025-07-13,49,succeeded
6083,580,534,2025-08-13,49,succeeded
6084,580,534,2025-09-14,49,succeeded
6085,580,534,2025-10-15,49,succeeded
6086,580,534,2025-11-12,49,succeeded
6087,580,534,2025-12-15,49,succeeded
6088,580,534,2026-01-13,49,succeeded
6089,580,534,2026-02-12,49,succeeded
6090,580,534,2026-03-14,49,succeeded
6091,580,534,2026-04-13,49,succeeded
6092,580,534,2026-05-15,49,succeeded
6093,581,535,2024-10-25,49,succeeded
6094,581,535,2024-11-23,49,succeeded
6095,581,535,2024-12-22,49,succeeded
6096,582,536,2026-01-23,49,succeeded
6097,582,536,2026-02-26,49,succeeded
6098,583,537,2025-08-25,49,succeeded
6099,583,537,2025-09-21,49,succeeded
6100,583,537,2025-10-21,49,succeeded
6101,583,537,2025-11-25,49,succeeded
6102,583,537,2025-12-22,49,succeeded
6103,583,537,2026-01-21,49,succeeded
6104,583,537,2026-02-24,49,succeeded
6105,583,537,2026-03-24,49,succeeded
6106,583,537,2026-04-25,49,succeeded
6107,583,537,2026-05-23,49,succeeded
6108,583,537,2026-06-22,49,succeeded
6109,584,538,2025-06-04,199,succeeded
6110,584,538,2025-07-05,199,succeeded
6111,584,538,2025-08-04,199,succeeded
6112,584,538,2025-09-03,199,succeeded
6113,584,538,2025-10-05,199,succeeded
6114,584,538,2025-11-01,199,succeeded
6115,584,538,2025-12-01,199,succeeded
6116,584,538,2026-01-01,199,succeeded
6117,584,538,2026-02-05,199,succeeded
6118,584,538,2026-03-04,199,succeeded
6119,584,538,2026-04-04,199,succeeded
6120,584,538,2026-05-04,199,succeeded
6121,584,538,2026-06-01,199,succeeded
6122,585,539,2026-01-09,49,succeeded
6123,585,539,2026-02-08,49,succeeded
6124,585,539,2026-03-09,49,succeeded
6125,585,539,2026-04-07,49,succeeded
6126,585,539,2026-05-08,49,succeeded
6127,585,539,2026-06-06,49,succeeded
6128,586,540,2025-09-18,49,succeeded
6129,586,540,2025-10-16,49,succeeded
6130,586,540,2025-11-15,49,succeeded
6131,586,540,2025-12-17,49,succeeded
6132,586,540,2026-01-14,49,succeeded
6133,586,540,2026-02-18,49,succeeded
6134,586,540,2026-03-14,49,succeeded
6135,586,540,2026-04-17,49,succeeded
6136,586,540,2026-05-18,49,succeeded
6137,586,540,2026-06-16,49,succeeded
6138,588,542,2024-11-16,199,succeeded
6139,588,542,2024-12-14,199,succeeded
6140,588,542,2025-01-17,199,succeeded
6141,588,542,2025-02-13,199,succeeded
6142,588,542,2025-03-17,199,succeeded
6143,588,542,2025-04-17,199,succeeded
6144,588,542,2025-05-17,199,succeeded
6145,588,542,2025-06-13,199,succeeded
6146,588,542,2025-07-13,199,succeeded
6147,588,542,2025-08-17,199,succeeded
6148,588,542,2025-09-15,199,succeeded
6149,588,542,2025-10-13,199,succeeded
6150,588,542,2025-11-14,199,succeeded
6151,588,542,2025-12-14,199,succeeded
6152,588,542,2026-01-13,199,succeeded
6153,588,542,2026-02-16,199,succeeded
6154,588,542,2026-03-17,199,succeeded
6155,588,542,2026-04-17,199,failed
6156,588,542,2026-05-17,199,succeeded
6157,588,542,2026-06-16,199,succeeded
6158,589,543,2025-03-21,199,succeeded
6159,589,543,2025-04-22,199,succeeded
6160,589,543,2025-05-23,199,succeeded
6161,589,543,2025-06-19,199,succeeded
6162,589,543,2025-07-22,199,succeeded
6163,589,543,2025-08-22,199,failed
6164,589,543,2025-08-24,199,succeeded
6165,589,543,2025-09-19,199,succeeded
6166,589,543,2025-10-19,199,succeeded
6167,589,543,2025-11-20,199,succeeded
6168,589,543,2025-12-21,199,succeeded
6169,589,543,2026-01-22,199,succeeded
6170,589,543,2026-02-21,199,succeeded
6171,589,543,2026-03-21,199,succeeded
6172,589,543,2026-04-19,199,succeeded
6173,589,543,2026-05-21,199,succeeded
6174,589,543,2026-06-21,199,succeeded
6175,590,544,2024-09-10,49,succeeded
6176,590,544,2024-10-14,49,succeeded
6177,590,544,2024-11-10,49,succeeded
6178,590,544,2024-12-13,49,succeeded
6179,590,544,2025-01-11,49,succeeded
6180,590,544,2025-02-12,49,succeeded
6181,590,544,2025-03-10,49,succeeded
6182,590,544,2025-04-11,49,succeeded
6183,591,545,2025-04-16,49,succeeded
6184,591,545,2025-05-15,49,succeeded
6185,591,545,2025-06-16,49,succeeded
6186,591,545,2025-07-15,49,succeeded
6187,591,545,2025-08-16,49,succeeded
6188,591,545,2025-09-16,49,succeeded
6189,591,545,2025-10-15,49,succeeded
6190,592,546,2025-11-25,49,succeeded
6191,592,546,2025-12-28,49,succeeded
6192,592,546,2026-01-27,49,succeeded
6193,592,546,2026-02-25,49,succeeded
6194,592,546,2026-03-28,49,failed
6195,592,546,2026-03-31,49,succeeded
6196,592,546,2026-04-28,49,succeeded
6197,592,546,2026-05-28,49,succeeded
6198,592,546,2026-06-27,49,failed
6199,592,546,2026-07-02,49,succeeded
6200,593,547,2025-08-07,49,failed
6201,593,547,2025-08-11,49,succeeded
6202,593,547,2025-09-07,49,succeeded
6203,593,547,2025-10-07,49,succeeded
6204,593,547,2025-11-05,49,succeeded
6205,593,547,2025-12-09,49,failed
6206,593,547,2026-01-08,49,succeeded
6207,593,547,2026-02-08,49,succeeded
6208,593,547,2026-03-09,49,succeeded
6209,593,547,2026-04-06,49,succeeded
6210,593,547,2026-05-08,49,succeeded
6211,593,547,2026-06-09,49,succeeded
6212,594,548,2024-04-14,199,succeeded
6213,594,548,2024-05-13,199,succeeded
6214,595,548,2024-06-02,799,succeeded
6215,595,548,2024-07-03,799,succeeded
6216,595,548,2024-08-04,799,succeeded
6217,595,548,2024-09-04,799,succeeded
6218,595,548,2024-10-02,799,succeeded
6219,595,548,2024-11-05,799,succeeded
6220,595,548,2024-12-04,799,succeeded
6221,595,548,2025-01-01,799,succeeded
6222,595,548,2025-02-03,799,succeeded
6223,595,548,2025-03-01,799,succeeded
6224,595,548,2025-04-05,799,succeeded
6225,595,548,2025-05-04,799,succeeded
6226,595,548,2025-06-02,799,succeeded
6227,595,548,2025-07-02,799,succeeded
6228,595,548,2025-08-04,799,succeeded
6229,595,548,2025-09-03,799,succeeded
6230,595,548,2025-10-03,799,succeeded
6231,595,548,2025-11-02,799,succeeded
6232,595,548,2025-12-02,799,succeeded
6233,595,548,2026-01-05,799,succeeded
6234,595,548,2026-02-03,799,succeeded
6235,595,548,2026-03-01,799,succeeded
6236,595,548,2026-04-01,799,succeeded
6237,595,548,2026-05-05,799,failed
6238,595,548,2026-06-01,799,succeeded
6239,596,549,2026-01-30,199,succeeded
6240,596,549,2026-02-27,199,succeeded
6241,596,549,2026-03-30,199,succeeded
6242,596,549,2026-04-27,199,succeeded
6243,596,549,2026-05-30,199,succeeded
6244,596,549,2026-06-29,199,succeeded
6245,597,550,2025-03-23,199,succeeded
6246,597,550,2025-04-24,199,succeeded
6247,597,550,2025-05-20,199,succeeded
6248,597,550,2025-06-21,199,succeeded
6249,597,550,2025-07-20,199,succeeded
6250,597,550,2025-08-22,199,succeeded
6251,598,550,2025-09-05,799,succeeded
6252,598,550,2025-10-05,799,succeeded
6253,598,550,2025-11-03,799,succeeded
6254,598,550,2025-12-03,799,succeeded
6255,598,550,2026-01-01,799,succeeded
6256,598,550,2026-02-02,799,succeeded
6257,598,550,2026-03-01,799,succeeded
6258,598,550,2026-04-04,799,succeeded
6259,598,550,2026-05-04,799,succeeded
6260,598,550,2026-06-01,799,succeeded
6261,599,551,2024-07-14,49,succeeded
6262,599,551,2024-08-14,49,succeeded
6263,599,551,2024-09-12,49,succeeded
6264,599,551,2024-10-12,49,succeeded
6265,599,551,2024-11-12,49,succeeded
6266,599,551,2024-12-15,49,succeeded
6267,599,551,2025-01-12,49,failed
6268,599,551,2025-01-15,49,succeeded
6269,599,551,2025-02-11,49,succeeded
6270,599,551,2025-03-12,49,succeeded
6271,599,551,2025-04-12,49,succeeded
6272,599,551,2025-05-14,49,succeeded
6273,599,551,2025-06-12,49,succeeded
6274,599,551,2025-07-14,49,succeeded
6275,599,551,2025-08-12,49,succeeded
6276,599,551,2025-09-12,49,succeeded
6277,599,551,2025-10-14,49,succeeded
6278,599,551,2025-11-14,49,succeeded
6279,599,551,2025-12-14,49,succeeded
6280,599,551,2026-01-11,49,succeeded
6281,599,551,2026-02-15,49,succeeded
6282,600,551,2026-03-03,199,succeeded
6283,600,551,2026-04-04,199,succeeded
6284,600,551,2026-05-02,199,succeeded
6285,600,551,2026-06-02,199,failed
6286,600,551,2026-06-06,199,succeeded
6287,601,552,2025-03-26,49,succeeded
6288,601,552,2025-04-26,49,succeeded
6289,601,552,2025-05-28,49,succeeded
6290,601,552,2025-06-26,49,succeeded
6291,601,552,2025-07-30,49,succeeded
6292,601,552,2025-08-29,49,succeeded
6293,601,552,2025-09-26,49,succeeded
6294,601,552,2025-10-28,49,succeeded
6295,601,552,2025-11-26,49,succeeded
6296,602,553,2024-05-14,49,succeeded
6297,602,553,2024-06-14,49,succeeded
6298,602,553,2024-07-12,49,succeeded
6299,602,553,2024-08-14,49,succeeded
6300,603,554,2024-05-08,199,succeeded
6301,603,554,2024-06-08,199,succeeded
6302,603,554,2024-07-07,199,succeeded
6303,603,554,2024-08-08,199,succeeded
6304,604,555,2024-12-24,199,succeeded
6305,604,555,2025-01-25,199,succeeded
6306,604,555,2025-02-23,199,succeeded
6307,604,555,2025-03-25,199,succeeded
6308,605,555,2025-04-05,799,succeeded
6309,605,555,2025-05-04,799,succeeded
6310,605,555,2025-06-05,799,failed
6311,605,555,2025-06-07,799,succeeded
6312,605,555,2025-07-03,799,succeeded
6313,605,555,2025-08-01,799,succeeded
6314,605,555,2025-09-02,799,succeeded
6315,605,555,2025-10-03,799,succeeded
6316,605,555,2025-11-02,799,succeeded
6317,605,555,2025-12-05,799,succeeded
6318,605,555,2026-01-03,799,failed
6319,605,555,2026-01-09,799,succeeded
6320,605,555,2026-02-02,799,succeeded
6321,605,555,2026-03-03,799,succeeded
6322,605,555,2026-04-02,799,succeeded
6323,605,555,2026-05-05,799,failed
6324,605,555,2026-06-04,799,succeeded
6325,606,556,2026-01-30,799,succeeded
6326,606,556,2026-03-03,799,succeeded
6327,606,556,2026-03-27,799,succeeded
6328,606,556,2026-04-30,799,succeeded
6329,606,556,2026-05-27,799,succeeded
6330,606,556,2026-06-28,799,succeeded
6331,607,557,2025-08-24,199,succeeded
6332,607,557,2025-09-23,199,succeeded
6333,607,557,2025-10-21,199,succeeded
6334,607,557,2025-11-22,199,succeeded
6335,607,557,2025-12-23,199,succeeded
6336,607,557,2026-01-25,199,succeeded
6337,607,557,2026-02-24,199,succeeded
6338,607,557,2026-03-21,199,succeeded
6339,607,557,2026-04-25,199,succeeded
6340,607,557,2026-05-24,199,succeeded
6341,607,557,2026-06-22,199,succeeded
6342,608,558,2024-04-27,49,succeeded
6343,608,558,2024-05-27,49,succeeded
6344,608,558,2024-06-28,49,succeeded
6345,608,558,2024-07-30,49,succeeded
6346,608,558,2024-08-28,49,succeeded
6347,608,558,2024-09-29,49,succeeded
6348,608,558,2024-10-30,49,succeeded
6349,608,558,2024-11-29,49,succeeded
6350,608,558,2024-12-30,49,succeeded
6351,608,558,2025-01-28,49,succeeded
6352,608,558,2025-02-27,49,succeeded
6353,608,558,2025-03-26,49,succeeded
6354,608,558,2025-04-26,49,succeeded
6355,608,558,2025-05-28,49,succeeded
6356,608,558,2025-06-26,49,succeeded
6357,608,558,2025-07-30,49,succeeded
6358,608,558,2025-08-30,49,succeeded
6359,608,558,2025-09-28,49,succeeded
6360,608,558,2025-10-30,49,succeeded
6361,608,558,2025-11-29,49,succeeded
6362,608,558,2025-12-26,49,succeeded
6363,609,559,2024-07-14,199,succeeded
6364,609,559,2024-08-13,199,succeeded
6365,609,559,2024-09-13,199,succeeded
6366,609,559,2024-10-16,199,succeeded
6367,609,559,2024-11-16,199,succeeded
6368,610,559,2024-12-05,799,succeeded
6369,610,559,2025-01-02,799,succeeded
6370,610,559,2025-02-03,799,succeeded
6371,610,559,2025-03-03,799,succeeded
6372,610,559,2025-04-04,799,succeeded
6373,610,559,2025-05-02,799,succeeded
6374,610,559,2025-06-04,799,succeeded
6375,610,559,2025-07-02,799,succeeded
6376,610,559,2025-08-05,799,succeeded
6377,610,559,2025-09-02,799,succeeded
6378,610,559,2025-10-04,799,succeeded
6379,610,559,2025-11-03,799,succeeded
6380,610,559,2025-12-04,799,succeeded
6381,610,559,2026-01-02,799,succeeded
6382,610,559,2026-02-01,799,succeeded
6383,610,559,2026-03-04,799,succeeded
6384,610,559,2026-04-02,799,succeeded
6385,610,559,2026-05-01,799,succeeded
6386,610,559,2026-06-02,799,succeeded
6387,611,560,2026-02-18,199,succeeded
6388,611,560,2026-03-22,199,succeeded
6389,611,560,2026-04-18,199,succeeded
6390,611,560,2026-05-20,199,succeeded
6391,611,560,2026-06-21,199,succeeded
6392,612,561,2026-02-18,199,failed
6393,612,561,2026-02-20,199,succeeded
6394,612,561,2026-03-22,199,succeeded
6395,612,561,2026-04-19,199,succeeded
6396,612,561,2026-05-21,199,succeeded
6397,612,561,2026-06-18,199,succeeded
6398,613,562,2025-03-25,49,succeeded
6399,613,562,2025-04-22,49,succeeded
6400,613,562,2025-05-22,49,succeeded
6401,613,562,2025-06-26,49,succeeded
6402,613,562,2025-07-23,49,succeeded
6403,613,562,2025-08-25,49,succeeded
6404,613,562,2025-09-23,49,failed
6405,613,562,2025-09-29,49,succeeded
6406,613,562,2025-10-25,49,succeeded
6407,613,562,2025-11-25,49,succeeded
6408,613,562,2025-12-24,49,succeeded
6409,613,562,2026-01-26,49,succeeded
6410,613,562,2026-02-25,49,succeeded
6411,613,562,2026-03-25,49,succeeded
6412,613,562,2026-04-26,49,succeeded
6413,613,562,2026-05-24,49,succeeded
6414,613,562,2026-06-22,49,succeeded
6415,614,563,2025-06-24,199,succeeded
6416,614,563,2025-07-22,199,succeeded
6417,614,563,2025-08-21,199,succeeded
6418,615,564,2025-03-18,49,succeeded
6419,615,564,2025-04-16,49,succeeded
6420,615,564,2025-05-18,49,succeeded
6421,615,564,2025-06-17,49,succeeded
6422,615,564,2025-07-18,49,succeeded
6423,616,565,2024-10-19,49,succeeded
6424,616,565,2024-11-21,49,succeeded
6425,616,565,2024-12-18,49,succeeded
6426,617,566,2025-10-13,49,succeeded
6427,617,566,2025-11-13,49,succeeded
6428,617,566,2025-12-13,49,succeeded
6429,618,567,2024-03-13,799,succeeded
6430,618,567,2024-04-15,799,succeeded
6431,618,567,2024-05-12,799,succeeded
6432,618,567,2024-06-15,799,succeeded
6433,618,567,2024-07-15,799,succeeded
6434,618,567,2024-08-13,799,succeeded
6435,618,567,2024-09-12,799,succeeded
6436,618,567,2024-10-14,799,succeeded
6437,618,567,2024-11-13,799,succeeded
6438,618,567,2024-12-13,799,succeeded
6439,618,567,2025-01-12,799,succeeded
6440,618,567,2025-02-14,799,succeeded
6441,618,567,2025-03-14,799,succeeded
6442,618,567,2025-04-12,799,succeeded
6443,618,567,2025-05-14,799,succeeded
6444,618,567,2025-06-14,799,succeeded
6445,618,567,2025-07-14,799,succeeded
6446,618,567,2025-08-13,799,succeeded
6447,618,567,2025-09-12,799,succeeded
6448,618,567,2025-10-13,799,succeeded
6449,618,567,2025-11-13,799,succeeded
6450,618,567,2025-12-16,799,succeeded
6451,618,567,2026-01-12,799,succeeded
6452,618,567,2026-02-14,799,succeeded
6453,618,567,2026-03-14,799,succeeded
6454,618,567,2026-04-12,799,succeeded
6455,618,567,2026-05-12,799,succeeded
6456,618,567,2026-06-12,799,succeeded
6457,619,568,2026-04-06,199,succeeded
6458,619,568,2026-05-04,199,succeeded
6459,619,568,2026-06-07,199,succeeded
6460,620,569,2023-12-18,199,succeeded
6461,620,569,2024-01-18,199,succeeded
6462,620,569,2024-02-19,199,succeeded
6463,620,569,2024-03-16,199,succeeded
6464,620,569,2024-04-15,199,succeeded
6465,620,569,2024-05-18,199,succeeded
6466,620,569,2024-06-17,199,succeeded
6467,620,569,2024-07-18,199,succeeded
6468,620,569,2024-08-16,199,succeeded
6469,620,569,2024-09-18,199,succeeded
6470,620,569,2024-10-15,199,succeeded
6471,620,569,2024-11-16,199,succeeded
6472,620,569,2024-12-18,199,succeeded
6473,620,569,2025-01-16,199,succeeded
6474,620,569,2025-02-15,199,succeeded
6475,620,569,2025-03-15,199,succeeded
6476,620,569,2025-04-15,199,succeeded
6477,620,569,2025-05-16,199,succeeded
6478,621,570,2025-10-16,49,succeeded
6479,621,570,2025-11-19,49,succeeded
6480,621,570,2025-12-16,49,succeeded
6481,621,570,2026-01-19,49,succeeded
6482,621,570,2026-02-16,49,succeeded
6483,621,570,2026-03-15,49,succeeded
6484,621,570,2026-04-15,49,succeeded
6485,621,570,2026-05-19,49,succeeded
6486,621,570,2026-06-18,49,succeeded
6487,622,571,2024-07-28,49,succeeded
6488,622,571,2024-08-29,49,succeeded
6489,622,571,2024-09-27,49,succeeded
6490,622,571,2024-10-30,49,succeeded
6491,622,571,2024-11-27,49,succeeded
6492,622,571,2024-12-27,49,succeeded
6493,622,571,2025-01-30,49,succeeded
6494,622,571,2025-02-28,49,succeeded
6495,622,571,2025-03-26,49,succeeded
6496,622,571,2025-04-28,49,succeeded
6497,622,571,2025-05-29,49,succeeded
6498,622,571,2025-06-26,49,succeeded
6499,622,571,2025-07-29,49,succeeded
6500,622,571,2025-08-29,49,succeeded
6501,622,571,2025-09-27,49,succeeded
6502,622,571,2025-10-26,49,succeeded
6503,622,571,2025-11-29,49,succeeded
6504,622,571,2025-12-28,49,succeeded
6505,622,571,2026-01-26,49,succeeded
6506,622,571,2026-03-02,49,succeeded
6507,622,571,2026-03-27,49,succeeded
6508,622,571,2026-04-28,49,succeeded
6509,622,571,2026-05-29,49,succeeded
6510,622,571,2026-06-27,49,succeeded
6511,623,572,2025-01-23,199,succeeded
6512,623,572,2025-02-25,199,succeeded
6513,623,572,2025-03-24,199,succeeded
6514,623,572,2025-04-25,199,succeeded
6515,623,572,2025-05-24,199,succeeded
6516,623,572,2025-06-26,199,succeeded
6517,623,572,2025-07-22,199,succeeded
6518,623,572,2025-08-25,199,succeeded
6519,623,572,2025-09-24,199,succeeded
6520,623,572,2025-10-25,199,succeeded
6521,623,572,2025-11-25,199,succeeded
6522,623,572,2025-12-23,199,succeeded
6523,623,572,2026-01-23,199,succeeded
6524,623,572,2026-02-25,199,succeeded
6525,623,572,2026-03-26,199,succeeded
6526,623,572,2026-04-23,199,succeeded
6527,623,572,2026-05-22,199,succeeded
6528,623,572,2026-06-26,199,succeeded
6529,624,573,2025-04-10,199,succeeded
6530,624,573,2025-05-07,199,succeeded
6531,624,573,2025-06-08,199,succeeded
6532,624,573,2025-07-08,199,succeeded
6533,624,573,2025-08-09,199,succeeded
6534,624,573,2025-09-07,199,succeeded
6535,624,573,2025-10-07,199,succeeded
6536,624,573,2025-11-06,199,succeeded
6537,624,573,2025-12-10,199,succeeded
6538,624,573,2026-01-10,199,succeeded
6539,624,573,2026-02-06,199,succeeded
6540,624,573,2026-03-07,199,succeeded
6541,624,573,2026-04-06,199,succeeded
6542,624,573,2026-05-10,199,succeeded
6543,624,573,2026-06-08,199,succeeded
6544,625,574,2025-09-10,199,succeeded
6545,625,574,2025-10-09,199,succeeded
6546,625,574,2025-11-09,199,succeeded
6547,625,574,2025-12-09,199,succeeded
6548,625,574,2026-01-10,199,succeeded
6549,625,574,2026-02-10,199,succeeded
6550,625,574,2026-03-08,199,succeeded
6551,625,574,2026-04-08,199,succeeded
6552,625,574,2026-05-08,199,succeeded
6553,625,574,2026-06-10,199,succeeded
6554,626,575,2025-12-14,49,succeeded
6555,626,575,2026-01-15,49,succeeded
6556,626,575,2026-02-15,49,succeeded
6557,626,575,2026-03-18,49,succeeded
6558,626,575,2026-04-16,49,succeeded
6559,626,575,2026-05-17,49,succeeded
6560,626,575,2026-06-17,49,succeeded
6561,627,576,2024-08-21,799,succeeded
6562,627,576,2024-09-22,799,succeeded
6563,627,576,2024-10-23,799,succeeded
6564,627,576,2024-11-19,799,succeeded
6565,627,576,2024-12-20,799,succeeded
6566,627,576,2025-01-20,799,succeeded
6567,627,576,2025-02-22,799,succeeded
6568,627,576,2025-03-21,799,succeeded
6569,627,576,2025-04-20,799,succeeded
6570,627,576,2025-05-19,799,succeeded
6571,627,576,2025-06-21,799,succeeded
6572,627,576,2025-07-19,799,succeeded
6573,627,576,2025-08-20,799,succeeded
6574,627,576,2025-09-22,799,succeeded
6575,627,576,2025-10-23,799,succeeded
6576,627,576,2025-11-22,799,succeeded
6577,627,576,2025-12-23,799,succeeded
6578,627,576,2026-01-20,799,succeeded
6579,627,576,2026-02-23,799,succeeded
6580,628,577,2025-10-26,49,succeeded
6581,628,577,2025-11-27,49,succeeded
6582,628,577,2025-12-29,49,succeeded
6583,628,577,2026-01-27,49,succeeded
6584,628,577,2026-02-27,49,succeeded
6585,628,577,2026-03-28,49,succeeded
6586,628,577,2026-04-27,49,succeeded
6587,628,577,2026-05-25,49,succeeded
6588,628,577,2026-06-28,49,succeeded
6589,629,578,2026-01-29,199,succeeded
6590,629,578,2026-03-02,199,succeeded
6591,629,578,2026-04-01,199,succeeded
6592,629,578,2026-05-02,199,succeeded
6593,629,578,2026-05-29,199,succeeded
6594,629,578,2026-07-02,199,succeeded
6595,630,579,2024-09-09,49,succeeded
6596,630,579,2024-10-13,49,succeeded
6597,630,579,2024-11-12,49,succeeded
6598,630,579,2024-12-09,49,succeeded
6599,630,579,2025-01-09,49,succeeded
6600,630,579,2025-02-12,49,succeeded
6601,631,580,2025-08-23,799,succeeded
6602,631,580,2025-09-22,799,succeeded
6603,631,580,2025-10-23,799,succeeded
6604,631,580,2025-11-23,799,succeeded
6605,631,580,2025-12-24,799,succeeded
6606,631,580,2026-01-23,799,succeeded
6607,631,580,2026-02-24,799,succeeded
6608,631,580,2026-03-22,799,succeeded
6609,631,580,2026-04-24,799,succeeded
6610,631,580,2026-05-24,799,succeeded
6611,631,580,2026-06-24,799,succeeded
6612,632,581,2026-06-29,49,succeeded
6613,633,582,2024-12-14,799,succeeded
6614,633,582,2025-01-11,799,succeeded
6615,633,582,2025-02-12,799,succeeded
6616,633,582,2025-03-12,799,succeeded
6617,633,582,2025-04-14,799,succeeded
6618,633,582,2025-05-12,799,succeeded
6619,633,582,2025-06-14,799,succeeded
6620,633,582,2025-07-14,799,succeeded
6621,633,582,2025-08-12,799,succeeded
6622,633,582,2025-09-13,799,succeeded
6623,633,582,2025-10-11,799,succeeded
6624,633,582,2025-11-12,799,succeeded
6625,633,582,2025-12-14,799,succeeded
6626,633,582,2026-01-12,799,succeeded
6627,633,582,2026-02-14,799,succeeded
6628,633,582,2026-03-14,799,succeeded
6629,633,582,2026-04-12,799,succeeded
6630,633,582,2026-05-11,799,succeeded
6631,633,582,2026-06-14,799,succeeded
6632,634,583,2024-12-05,199,succeeded
6633,634,583,2025-01-05,199,succeeded
6634,634,583,2025-02-08,199,succeeded
6635,634,583,2025-03-05,199,succeeded
6636,634,583,2025-04-06,199,succeeded
6637,634,583,2025-05-05,199,succeeded
6638,634,583,2025-06-08,199,succeeded
6639,634,583,2025-07-05,199,succeeded
6640,634,583,2025-08-07,199,succeeded
6641,634,583,2025-09-07,199,succeeded
6642,634,583,2025-10-06,199,succeeded
6643,634,583,2025-11-05,199,succeeded
6644,634,583,2025-12-07,199,succeeded
6645,634,583,2026-01-05,199,succeeded
6646,635,584,2023-10-20,49,succeeded
6647,635,584,2023-11-21,49,succeeded
6648,635,584,2023-12-21,49,succeeded
6649,635,584,2024-01-17,49,succeeded
6650,635,584,2024-02-18,49,succeeded
6651,635,584,2024-03-20,49,succeeded
6652,635,584,2024-04-18,49,succeeded
6653,635,584,2024-05-20,49,succeeded
6654,635,584,2024-06-21,49,succeeded
6655,635,584,2024-07-18,49,succeeded
6656,635,584,2024-08-19,49,succeeded
6657,635,584,2024-09-19,49,succeeded
6658,635,584,2024-10-17,49,succeeded
6659,635,584,2024-11-18,49,succeeded
6660,635,584,2024-12-21,49,succeeded
6661,636,585,2025-06-07,199,succeeded
6662,636,585,2025-07-08,199,succeeded
6663,637,586,2025-09-18,199,succeeded
6664,637,586,2025-10-18,199,succeeded
6665,638,587,2025-10-17,49,succeeded
6666,638,587,2025-11-15,49,succeeded
6667,638,587,2025-12-17,49,succeeded
6668,638,587,2026-01-15,49,succeeded
6669,638,587,2026-02-17,49,succeeded
6670,638,587,2026-03-16,49,succeeded
6671,638,587,2026-04-15,49,succeeded
6672,638,587,2026-05-17,49,succeeded
6673,638,587,2026-06-16,49,succeeded
6674,639,588,2026-03-06,199,succeeded
6675,639,588,2026-04-07,199,succeeded
6676,639,588,2026-05-09,199,succeeded
6677,639,588,2026-06-06,199,succeeded
6678,640,589,2025-04-16,199,succeeded
6679,640,589,2025-05-18,199,succeeded
6680,640,589,2025-06-19,199,succeeded
6681,640,589,2025-07-17,199,succeeded
6682,640,589,2025-08-17,199,succeeded
6683,640,589,2025-09-19,199,succeeded
6684,640,589,2025-10-17,199,succeeded
6685,640,589,2025-11-17,199,succeeded
6686,640,589,2025-12-19,199,failed
6687,640,589,2025-12-23,199,succeeded
6688,640,589,2026-01-18,199,succeeded
6689,640,589,2026-02-19,199,succeeded
6690,640,589,2026-03-20,199,succeeded
6691,640,589,2026-04-19,199,succeeded
6692,640,589,2026-05-16,199,succeeded
6693,640,589,2026-06-17,199,succeeded
6694,641,590,2025-01-19,199,succeeded
6695,641,590,2025-02-18,199,succeeded
6696,642,590,2025-03-05,799,succeeded
6697,642,590,2025-04-02,799,succeeded
6698,642,590,2025-05-04,799,succeeded
6699,642,590,2025-06-01,799,succeeded
6700,642,590,2025-07-03,799,succeeded
6701,642,590,2025-08-01,799,succeeded
6702,642,590,2025-09-01,799,succeeded
6703,642,590,2025-10-01,799,succeeded
6704,642,590,2025-11-02,799,succeeded
6705,642,590,2025-12-02,799,succeeded
6706,642,590,2026-01-02,799,succeeded
6707,642,590,2026-02-04,799,succeeded
6708,642,590,2026-03-03,799,succeeded
6709,642,590,2026-04-01,799,succeeded
6710,642,590,2026-05-05,799,succeeded
6711,642,590,2026-06-01,799,succeeded
6712,643,591,2024-08-12,49,succeeded
6713,643,591,2024-09-14,49,succeeded
6714,643,591,2024-10-13,49,succeeded
6715,643,591,2024-11-10,49,succeeded
6716,643,591,2024-12-11,49,succeeded
6717,643,591,2025-01-13,49,succeeded
6718,643,591,2025-02-10,49,succeeded
6719,643,591,2025-03-12,49,succeeded
6720,643,591,2025-04-12,49,succeeded
6721,643,591,2025-05-14,49,succeeded
6722,643,591,2025-06-14,49,succeeded
6723,643,591,2025-07-11,49,succeeded
6724,643,591,2025-08-13,49,succeeded
6725,643,591,2025-09-10,49,succeeded
6726,643,591,2025-10-14,49,succeeded
6727,643,591,2025-11-13,49,succeeded
6728,643,591,2025-12-12,49,succeeded
6729,643,591,2026-01-13,49,succeeded
6730,643,591,2026-02-12,49,succeeded
6731,643,591,2026-03-10,49,succeeded
6732,643,591,2026-04-11,49,succeeded
6733,643,591,2026-05-11,49,succeeded
6734,643,591,2026-06-14,49,succeeded
6735,644,592,2023-09-17,49,succeeded
6736,644,592,2023-10-19,49,succeeded
6737,644,592,2023-11-18,49,succeeded
6738,644,592,2023-12-16,49,succeeded
6739,644,592,2024-01-18,49,succeeded
6740,644,592,2024-02-19,49,succeeded
6741,644,592,2024-03-15,49,succeeded
6742,644,592,2024-04-15,49,succeeded
6743,644,592,2024-05-19,49,succeeded
6744,644,592,2024-06-16,49,succeeded
6745,644,592,2024-07-19,49,succeeded
6746,644,592,2024-08-15,49,succeeded
6747,644,592,2024-09-16,49,succeeded
6748,644,592,2024-10-15,49,succeeded
6749,644,592,2024-11-15,49,succeeded
6750,644,592,2024-12-16,49,succeeded
6751,644,592,2025-01-15,49,succeeded
6752,644,592,2025-02-15,49,succeeded
6753,645,593,2026-01-06,49,succeeded
6754,645,593,2026-02-06,49,succeeded
6755,645,593,2026-03-05,49,succeeded
6756,645,593,2026-04-07,49,succeeded
6757,645,593,2026-05-05,49,succeeded
6758,645,593,2026-06-04,49,succeeded
6759,646,594,2024-06-20,799,succeeded
6760,646,594,2024-07-18,799,succeeded
6761,646,594,2024-08-21,799,succeeded
6762,646,594,2024-09-20,799,succeeded
6763,646,594,2024-10-18,799,succeeded
6764,646,594,2024-11-19,799,succeeded
6765,646,594,2024-12-20,799,succeeded
6766,646,594,2025-01-20,799,succeeded
6767,647,594,2025-02-02,199,succeeded
6768,647,594,2025-03-02,199,succeeded
6769,648,595,2026-06-09,799,succeeded
6770,649,596,2026-04-12,199,succeeded
6771,649,596,2026-05-11,199,succeeded
6772,649,596,2026-06-12,199,succeeded
6773,650,597,2023-10-29,199,succeeded
6774,650,597,2023-12-01,199,succeeded
6775,650,597,2024-01-01,199,succeeded
6776,650,597,2024-01-30,199,succeeded
6777,650,597,2024-03-01,199,succeeded
6778,650,597,2024-03-29,199,succeeded
6779,650,597,2024-04-29,199,succeeded
6780,650,597,2024-05-29,199,succeeded
6781,650,597,2024-06-28,199,succeeded
6782,651,598,2025-07-28,199,succeeded
6783,651,598,2025-08-27,199,succeeded
6784,651,598,2025-09-26,199,succeeded
6785,651,598,2025-10-27,199,succeeded
6786,651,598,2025-11-29,199,succeeded
6787,651,598,2025-12-27,199,succeeded
6788,651,598,2026-01-30,199,succeeded
6789,651,598,2026-02-28,199,succeeded
6790,651,598,2026-03-29,199,succeeded
6791,651,598,2026-04-26,199,succeeded
6792,651,598,2026-05-27,199,succeeded
6793,651,598,2026-06-28,199,succeeded
6794,652,599,2026-04-30,199,succeeded
6795,652,599,2026-06-01,199,succeeded
6796,652,599,2026-06-29,199,succeeded
6797,653,600,2025-07-29,49,succeeded
6798,653,600,2025-08-27,49,succeeded
6799,653,600,2025-09-29,49,succeeded
6800,653,600,2025-10-27,49,succeeded
6801,653,600,2025-11-27,49,succeeded
6802,653,600,2025-12-29,49,succeeded
6803,653,600,2026-01-29,49,succeeded
6804,653,600,2026-03-02,49,succeeded
6805,653,600,2026-03-28,49,succeeded
6806,654,601,2025-12-18,49,succeeded
6807,654,601,2026-01-21,49,succeeded
6808,654,601,2026-02-21,49,succeeded
6809,654,601,2026-03-22,49,failed
6810,654,601,2026-03-25,49,succeeded
6811,654,601,2026-04-21,49,succeeded
6812,654,601,2026-05-20,49,succeeded
6813,654,601,2026-06-18,49,succeeded
6814,655,602,2024-04-14,49,succeeded
6815,655,602,2024-05-14,49,succeeded
6816,655,602,2024-06-14,49,succeeded
6817,655,602,2024-07-12,49,succeeded
6818,655,602,2024-08-13,49,succeeded
6819,655,602,2024-09-14,49,succeeded
6820,656,603,2025-01-30,199,succeeded
6821,656,603,2025-03-01,199,succeeded
6822,656,603,2025-03-27,199,failed
6823,656,603,2025-03-30,199,succeeded
6824,656,603,2025-04-30,199,succeeded
6825,656,603,2025-05-27,199,succeeded
6826,656,603,2025-06-27,199,succeeded
6827,656,603,2025-07-29,199,succeeded
6828,656,603,2025-08-31,199,succeeded
6829,656,603,2025-09-27,199,succeeded
6830,656,603,2025-10-30,199,succeeded
6831,656,603,2025-11-30,199,succeeded
6832,656,603,2025-12-30,199,succeeded
6833,656,603,2026-01-27,199,succeeded
6834,656,603,2026-02-27,199,succeeded
6835,656,603,2026-03-29,199,succeeded
6836,656,603,2026-04-27,199,succeeded
6837,656,603,2026-05-29,199,succeeded
6838,656,603,2026-07-01,199,succeeded
6839,657,604,2024-10-12,799,succeeded
6840,657,604,2024-11-13,799,succeeded
6841,657,604,2024-12-10,799,succeeded
6842,657,604,2025-01-12,799,succeeded
6843,657,604,2025-02-12,799,succeeded
6844,657,604,2025-03-11,799,succeeded
6845,657,604,2025-04-13,799,succeeded
6846,657,604,2025-05-13,799,succeeded
6847,657,604,2025-06-10,799,succeeded
6848,657,604,2025-07-10,799,succeeded
6849,657,604,2025-08-12,799,succeeded
6850,657,604,2025-09-12,799,succeeded
6851,657,604,2025-10-10,799,succeeded
6852,657,604,2025-11-09,799,succeeded
6853,657,604,2025-12-12,799,succeeded
6854,657,604,2026-01-11,799,succeeded
6855,657,604,2026-02-12,799,succeeded
6856,657,604,2026-03-12,799,succeeded
6857,657,604,2026-04-09,799,succeeded
6858,657,604,2026-05-09,799,succeeded
6859,657,604,2026-06-10,799,succeeded
6860,658,605,2025-11-07,799,failed
6861,658,605,2025-12-08,799,succeeded
6862,658,605,2026-01-09,799,succeeded
6863,658,605,2026-02-09,799,succeeded
6864,658,605,2026-03-05,799,succeeded
6865,658,605,2026-04-07,799,succeeded
6866,658,605,2026-05-07,799,succeeded
6867,658,605,2026-06-05,799,succeeded
6868,659,606,2025-10-14,199,succeeded
6869,659,606,2025-11-16,199,succeeded
6870,659,606,2025-12-17,199,succeeded
6871,659,606,2026-01-17,199,succeeded
6872,659,606,2026-02-13,199,succeeded
6873,659,606,2026-03-17,199,succeeded
6874,660,606,2026-04-03,49,succeeded
6875,660,606,2026-05-03,49,succeeded
6876,660,606,2026-06-01,49,succeeded
6877,661,607,2025-03-16,49,succeeded
6878,662,608,2026-05-15,799,succeeded
6879,662,608,2026-06-17,799,succeeded
6880,663,609,2025-10-18,799,succeeded
6881,663,609,2025-11-19,799,succeeded
6882,663,609,2025-12-15,799,succeeded
6883,663,609,2026-01-15,799,succeeded
6884,663,609,2026-02-19,799,succeeded
6885,663,609,2026-03-19,799,succeeded
6886,663,609,2026-04-17,799,succeeded
6887,663,609,2026-05-19,799,succeeded
6888,663,609,2026-06-19,799,failed
6889,663,609,2026-06-22,799,succeeded
6890,664,610,2024-11-30,49,succeeded
6891,664,610,2024-12-28,49,succeeded
6892,664,610,2025-01-30,49,succeeded
6893,664,610,2025-03-03,49,succeeded
6894,664,610,2025-03-31,49,succeeded
6895,664,610,2025-05-02,49,succeeded
6896,664,610,2025-05-29,49,succeeded
6897,664,610,2025-06-28,49,succeeded
6898,664,610,2025-07-30,49,succeeded
6899,664,610,2025-09-01,49,succeeded
6900,664,610,2025-10-02,49,succeeded
6901,664,610,2025-10-29,49,succeeded
6902,664,610,2025-12-01,49,succeeded
6903,664,610,2025-12-29,49,succeeded
6904,664,610,2026-02-01,49,succeeded
6905,664,610,2026-03-04,49,succeeded
6906,664,610,2026-03-30,49,failed
6907,664,610,2026-04-02,49,succeeded
6908,664,610,2026-05-01,49,succeeded
6909,664,610,2026-05-31,49,succeeded
6910,664,610,2026-06-29,49,succeeded
6911,665,611,2024-06-23,49,succeeded
6912,665,611,2024-07-27,49,succeeded
6913,665,611,2024-08-25,49,succeeded
6914,665,611,2024-09-24,49,succeeded
6915,665,611,2024-10-23,49,succeeded
6916,665,611,2024-11-24,49,succeeded
6917,665,611,2024-12-27,49,succeeded
6918,665,611,2025-01-23,49,succeeded
6919,665,611,2025-02-24,49,succeeded
6920,665,611,2025-03-27,49,succeeded
6921,665,611,2025-04-25,49,succeeded
6922,665,611,2025-05-25,49,succeeded
6923,665,611,2025-06-23,49,succeeded
6924,666,611,2025-07-01,199,succeeded
6925,666,611,2025-08-01,199,succeeded
6926,666,611,2025-09-04,199,succeeded
6927,666,611,2025-10-01,199,succeeded
6928,666,611,2025-11-04,199,succeeded
6929,666,611,2025-12-02,199,succeeded
6930,666,611,2026-01-04,199,succeeded
6931,666,611,2026-02-02,199,succeeded
6932,666,611,2026-03-02,199,succeeded
6933,666,611,2026-04-02,199,succeeded
6934,666,611,2026-05-01,199,succeeded
6935,666,611,2026-06-01,199,succeeded
6936,667,612,2026-02-18,799,succeeded
6937,667,612,2026-03-14,799,succeeded
6938,667,612,2026-04-15,799,succeeded
6939,667,612,2026-05-15,799,succeeded
6940,667,612,2026-06-15,799,succeeded
6941,668,613,2025-06-14,49,succeeded
6942,668,613,2025-07-14,49,succeeded
6943,668,613,2025-08-15,49,succeeded
6944,668,613,2025-09-12,49,succeeded
6945,668,613,2025-10-14,49,succeeded
6946,668,613,2025-11-15,49,succeeded
6947,668,613,2025-12-14,49,succeeded
6948,668,613,2026-01-14,49,succeeded
6949,668,613,2026-02-14,49,succeeded
6950,668,613,2026-03-13,49,succeeded
6951,668,613,2026-04-11,49,succeeded
6952,668,613,2026-05-14,49,succeeded
6953,668,613,2026-06-15,49,succeeded
6954,669,614,2025-01-14,799,succeeded
6955,669,614,2025-02-13,799,succeeded
6956,669,614,2025-03-11,799,succeeded
6957,669,614,2025-04-11,799,succeeded
6958,669,614,2025-05-15,799,succeeded
6959,669,614,2025-06-13,799,succeeded
6960,669,614,2025-07-15,799,succeeded
6961,669,614,2025-08-13,799,succeeded
6962,669,614,2025-09-15,799,succeeded
6963,669,614,2025-10-11,799,succeeded
6964,669,614,2025-11-15,799,succeeded
6965,669,614,2025-12-15,799,succeeded
6966,669,614,2026-01-12,799,succeeded
6967,669,614,2026-02-12,799,succeeded
6968,669,614,2026-03-14,799,succeeded
6969,669,614,2026-04-14,799,succeeded
6970,669,614,2026-05-11,799,succeeded
6971,669,614,2026-06-13,799,succeeded
6972,670,615,2026-05-29,199,succeeded
6973,670,615,2026-06-29,199,succeeded
6974,671,616,2025-12-19,799,succeeded
6975,671,616,2026-01-18,799,succeeded
6976,671,616,2026-02-15,799,succeeded
6977,671,616,2026-03-19,799,succeeded
6978,671,616,2026-04-16,799,succeeded
6979,671,616,2026-05-17,799,succeeded
6980,671,616,2026-06-15,799,succeeded
6981,672,617,2025-11-06,199,succeeded
6982,672,617,2025-12-09,199,succeeded
6983,672,617,2026-01-06,199,succeeded
6984,672,617,2026-02-07,199,succeeded
6985,672,617,2026-03-08,199,succeeded
6986,672,617,2026-04-05,199,succeeded
6987,672,617,2026-05-08,199,succeeded
6988,672,617,2026-06-09,199,succeeded
6989,673,618,2023-08-05,799,succeeded
6990,673,618,2023-09-03,799,succeeded
6991,673,618,2023-10-05,799,succeeded
6992,673,618,2023-11-07,799,succeeded
6993,673,618,2023-12-05,799,succeeded
6994,673,618,2024-01-03,799,succeeded
6995,673,618,2024-02-07,799,succeeded
6996,673,618,2024-03-04,799,succeeded
6997,673,618,2024-04-03,799,succeeded
6998,673,618,2024-05-05,799,succeeded
6999,673,618,2024-06-07,799,succeeded
7000,673,618,2024-07-03,799,succeeded
7001,673,618,2024-08-04,799,succeeded
7002,673,618,2024-09-05,799,succeeded
7003,673,618,2024-10-05,799,succeeded
7004,673,618,2024-11-04,799,succeeded
7005,673,618,2024-12-06,799,succeeded
7006,673,618,2025-01-04,799,succeeded
7007,673,618,2025-02-05,799,failed
7008,673,618,2025-02-09,799,succeeded
7009,673,618,2025-03-04,799,succeeded
7010,673,618,2025-04-05,799,succeeded
7011,673,618,2025-05-03,799,succeeded
7012,673,618,2025-06-05,799,succeeded
7013,673,618,2025-07-03,799,succeeded
7014,673,618,2025-08-06,799,succeeded
7015,673,618,2025-09-06,799,succeeded
7016,673,618,2025-10-07,799,succeeded
7017,673,618,2025-11-04,799,succeeded
7018,673,618,2025-12-06,799,succeeded
7019,673,618,2026-01-05,799,succeeded
7020,673,618,2026-02-04,799,succeeded
7021,673,618,2026-03-06,799,succeeded
7022,673,618,2026-04-05,799,succeeded
7023,673,618,2026-05-05,799,succeeded
7024,673,618,2026-06-05,799,succeeded
7025,674,619,2026-01-09,49,succeeded
7026,674,619,2026-02-06,49,succeeded
7027,674,619,2026-03-07,49,succeeded
7028,674,619,2026-04-08,49,succeeded
7029,675,620,2026-03-09,199,succeeded
7030,675,620,2026-04-10,199,succeeded
7031,675,620,2026-05-10,199,succeeded
7032,675,620,2026-06-09,199,succeeded
7033,676,621,2026-03-16,49,succeeded
7034,676,621,2026-04-17,49,succeeded
7035,676,621,2026-05-16,49,succeeded
7036,676,621,2026-06-19,49,succeeded
7037,677,622,2026-03-04,49,succeeded
7038,677,622,2026-04-04,49,succeeded
7039,677,622,2026-05-02,49,succeeded
7040,678,623,2024-07-14,49,succeeded
7041,678,623,2024-08-14,49,succeeded
7042,678,623,2024-09-18,49,succeeded
7043,678,623,2024-10-14,49,succeeded
7044,678,623,2024-11-14,49,succeeded
7045,678,623,2024-12-17,49,succeeded
7046,678,623,2025-01-14,49,succeeded
7047,678,623,2025-02-16,49,succeeded
7048,678,623,2025-03-17,49,succeeded
7049,678,623,2025-04-18,49,succeeded
7050,678,623,2025-05-17,49,succeeded
7051,678,623,2025-06-16,49,succeeded
7052,678,623,2025-07-16,49,succeeded
7053,678,623,2025-08-17,49,succeeded
7054,678,623,2025-09-17,49,succeeded
7055,678,623,2025-10-14,49,succeeded
7056,678,623,2025-11-14,49,succeeded
7057,678,623,2025-12-17,49,succeeded
7058,678,623,2026-01-15,49,succeeded
7059,678,623,2026-02-15,49,succeeded
7060,678,623,2026-03-18,49,succeeded
7061,678,623,2026-04-15,49,succeeded
7062,678,623,2026-05-17,49,succeeded
7063,678,623,2026-06-14,49,succeeded
7064,679,624,2026-04-27,199,succeeded
7065,679,624,2026-05-24,199,succeeded
7066,679,624,2026-06-27,199,succeeded
7067,680,625,2024-03-09,49,succeeded
7068,680,625,2024-04-07,49,succeeded
7069,680,625,2024-05-05,49,succeeded
7070,680,625,2024-06-09,49,succeeded
7071,681,626,2025-10-24,199,succeeded
7072,681,626,2025-11-22,199,succeeded
7073,681,626,2025-12-24,199,succeeded
7074,681,626,2026-01-22,199,succeeded
7075,681,626,2026-02-25,199,succeeded
7076,681,626,2026-03-26,199,succeeded
7077,681,626,2026-04-24,199,succeeded
7078,681,626,2026-05-26,199,succeeded
7079,681,626,2026-06-25,199,succeeded
7080,682,627,2025-01-10,49,succeeded
7081,682,627,2025-02-08,49,succeeded
7082,682,627,2025-03-07,49,succeeded
7083,682,627,2025-04-09,49,succeeded
7084,682,627,2025-05-06,49,succeeded
7085,682,627,2025-06-08,49,succeeded
7086,682,627,2025-07-10,49,succeeded
7087,682,627,2025-08-06,49,succeeded
7088,682,627,2025-09-10,49,succeeded
7089,682,627,2025-10-08,49,succeeded
7090,682,627,2025-11-09,49,succeeded
7091,682,627,2025-12-07,49,succeeded
7092,682,627,2026-01-07,49,succeeded
7093,682,627,2026-02-08,49,succeeded
7094,682,627,2026-03-10,49,succeeded
7095,682,627,2026-04-06,49,succeeded
7096,682,627,2026-05-06,49,succeeded
7097,682,627,2026-06-06,49,succeeded
7098,683,628,2026-04-17,199,failed
7099,683,628,2026-04-21,199,succeeded
7100,683,628,2026-05-17,199,succeeded
7101,683,628,2026-06-18,199,succeeded
7102,684,629,2024-11-07,199,succeeded
7103,684,629,2024-12-06,199,succeeded
7104,684,629,2025-01-09,199,succeeded
7105,684,629,2025-02-07,199,succeeded
7106,684,629,2025-03-09,199,succeeded
7107,684,629,2025-04-09,199,succeeded
7108,684,629,2025-05-05,199,succeeded
7109,684,629,2025-06-08,199,succeeded
7110,684,629,2025-07-06,199,succeeded
7111,684,629,2025-08-05,199,succeeded
7112,684,629,2025-09-08,199,succeeded
7113,684,629,2025-10-08,199,succeeded
7114,684,629,2025-11-06,199,succeeded
7115,684,629,2025-12-05,199,succeeded
7116,684,629,2026-01-07,199,succeeded
7117,684,629,2026-02-09,199,succeeded
7118,684,629,2026-03-07,199,succeeded
7119,684,629,2026-04-06,199,succeeded
7120,684,629,2026-05-07,199,succeeded
7121,684,629,2026-06-09,199,succeeded
7122,685,630,2025-09-13,199,succeeded
7123,685,630,2025-10-15,199,succeeded
7124,685,630,2025-11-12,199,succeeded
7125,685,630,2025-12-11,199,succeeded
7126,685,630,2026-01-12,199,succeeded
7127,685,630,2026-02-11,199,succeeded
7128,685,630,2026-03-12,199,succeeded
7129,685,630,2026-04-11,199,succeeded
7130,685,630,2026-05-11,199,succeeded
7131,685,630,2026-06-13,199,succeeded
7132,686,631,2025-08-19,199,succeeded
7133,686,631,2025-09-21,199,succeeded
7134,686,631,2025-10-19,199,succeeded
7135,686,631,2025-11-20,199,succeeded
7136,686,631,2025-12-20,199,succeeded
7137,686,631,2026-01-18,199,succeeded
7138,686,631,2026-02-18,199,failed
7139,686,631,2026-03-19,199,succeeded
7140,686,631,2026-04-22,199,succeeded
7141,686,631,2026-05-19,199,succeeded
7142,686,631,2026-06-19,199,succeeded
7143,687,632,2025-10-03,199,succeeded
7144,687,632,2025-11-03,199,succeeded
7145,687,632,2025-12-05,199,succeeded
7146,687,632,2026-01-02,199,succeeded
7147,687,632,2026-02-02,199,succeeded
7148,687,632,2026-03-02,199,succeeded
7149,687,632,2026-04-03,199,succeeded
7150,687,632,2026-05-03,199,succeeded
7151,687,632,2026-06-05,199,succeeded
7152,688,633,2024-04-22,49,succeeded
7153,688,633,2024-05-20,49,succeeded
7154,688,633,2024-06-24,49,succeeded
7155,688,633,2024-07-21,49,succeeded
7156,688,633,2024-08-24,49,succeeded
7157,688,633,2024-09-20,49,succeeded
7158,688,633,2024-10-21,49,failed
7159,688,633,2024-11-20,49,succeeded
7160,688,633,2024-12-24,49,succeeded
7161,688,633,2025-01-24,49,succeeded
7162,688,633,2025-02-22,49,succeeded
7163,688,633,2025-03-20,49,succeeded
7164,688,633,2025-04-22,49,succeeded
7165,688,633,2025-05-22,49,succeeded
7166,688,633,2025-06-22,49,succeeded
7167,689,634,2026-03-27,199,succeeded
7168,689,634,2026-04-30,199,succeeded
7169,690,635,2026-01-10,49,succeeded
7170,690,635,2026-02-11,49,succeeded
7171,690,635,2026-03-10,49,succeeded
7172,690,635,2026-04-08,49,succeeded
7173,690,635,2026-05-11,49,succeeded
7174,690,635,2026-06-08,49,succeeded
7175,691,636,2025-10-12,799,succeeded
7176,691,636,2025-11-12,799,succeeded
7177,691,636,2025-12-16,799,succeeded
7178,691,636,2026-01-16,799,succeeded
7179,691,636,2026-02-13,799,succeeded
7180,691,636,2026-03-13,799,succeeded
7181,691,636,2026-04-13,799,succeeded
7182,691,636,2026-05-12,799,succeeded
7183,691,636,2026-06-13,799,succeeded
7184,692,637,2025-11-18,799,succeeded
7185,692,637,2025-12-14,799,succeeded
7186,692,637,2026-01-18,799,succeeded
7187,692,637,2026-02-15,799,succeeded
7188,692,637,2026-03-17,799,succeeded
7189,692,637,2026-04-16,799,succeeded
7190,692,637,2026-05-17,799,succeeded
7191,692,637,2026-06-18,799,succeeded
7192,693,638,2024-09-05,49,succeeded
7193,693,638,2024-10-04,49,succeeded
7194,693,638,2024-11-03,49,succeeded
7195,693,638,2024-12-07,49,succeeded
7196,693,638,2025-01-07,49,succeeded
7197,693,638,2025-02-03,49,succeeded
7198,693,638,2025-03-03,49,succeeded
7199,693,638,2025-04-07,49,failed
7200,693,638,2025-04-11,49,succeeded
7201,693,638,2025-05-05,49,succeeded
7202,693,638,2025-06-07,49,succeeded
7203,693,638,2025-07-05,49,succeeded
7204,693,638,2025-08-06,49,succeeded
7205,693,638,2025-09-05,49,succeeded
7206,693,638,2025-10-04,49,succeeded
7207,694,639,2025-05-04,199,succeeded
7208,694,639,2025-06-02,199,succeeded
7209,694,639,2025-07-05,199,succeeded
7210,694,639,2025-08-02,199,succeeded
7211,694,639,2025-09-05,199,succeeded
7212,694,639,2025-10-06,199,succeeded
7213,694,639,2025-11-06,199,succeeded
7214,694,639,2025-12-06,199,succeeded
7215,694,639,2026-01-05,199,succeeded
7216,694,639,2026-02-03,199,succeeded
7217,694,639,2026-03-05,199,succeeded
7218,694,639,2026-04-06,199,succeeded
7219,694,639,2026-05-06,199,succeeded
7220,694,639,2026-06-05,199,succeeded
7221,695,640,2024-11-21,199,succeeded
7222,695,640,2024-12-18,199,succeeded
7223,695,640,2025-01-18,199,succeeded
7224,695,640,2025-02-19,199,succeeded
7225,695,640,2025-03-18,199,succeeded
7226,695,640,2025-04-21,199,succeeded
7227,695,640,2025-05-20,199,succeeded
7228,695,640,2025-06-20,199,failed
7229,695,640,2025-06-22,199,succeeded
7230,695,640,2025-07-19,199,succeeded
7231,695,640,2025-08-20,199,succeeded
7232,695,640,2025-09-17,199,succeeded
7233,695,640,2025-10-20,199,succeeded
7234,695,640,2025-11-19,199,succeeded
7235,695,640,2025-12-21,199,succeeded
7236,695,640,2026-01-21,199,succeeded
7237,695,640,2026-02-21,199,succeeded
7238,695,640,2026-03-17,199,succeeded
7239,695,640,2026-04-19,199,succeeded
7240,695,640,2026-05-18,199,succeeded
7241,695,640,2026-06-20,199,succeeded
7242,696,641,2023-07-21,49,succeeded
7243,696,641,2023-08-21,49,succeeded
7244,696,641,2023-09-18,49,succeeded
7245,696,641,2023-10-20,49,succeeded
7246,696,641,2023-11-22,49,succeeded
7247,696,641,2023-12-18,49,succeeded
7248,696,641,2024-01-20,49,succeeded
7249,696,641,2024-02-18,49,succeeded
7250,696,641,2024-03-22,49,succeeded
7251,696,641,2024-04-22,49,succeeded
7252,696,641,2024-05-18,49,succeeded
7253,696,641,2024-06-21,49,succeeded
7254,696,641,2024-07-20,49,succeeded
7255,696,641,2024-08-19,49,succeeded
7256,696,641,2024-09-18,49,succeeded
7257,696,641,2024-10-21,49,succeeded
7258,696,641,2024-11-21,49,succeeded
7259,696,641,2024-12-20,49,succeeded
7260,696,641,2025-01-21,49,succeeded
7261,696,641,2025-02-19,49,succeeded
7262,696,641,2025-03-18,49,succeeded
7263,696,641,2025-04-19,49,succeeded
7264,696,641,2025-05-19,49,succeeded
7265,696,641,2025-06-19,49,succeeded
7266,697,642,2025-09-21,199,succeeded
7267,697,642,2025-10-17,199,succeeded
7268,697,642,2025-11-21,199,failed
7269,697,642,2025-11-24,199,succeeded
7270,697,642,2025-12-19,199,succeeded
7271,698,643,2026-06-17,49,succeeded
7272,700,645,2024-02-04,199,succeeded
7273,700,645,2024-03-04,199,succeeded
7274,700,645,2024-04-04,199,succeeded
7275,700,645,2024-05-03,199,succeeded
7276,700,645,2024-06-04,199,succeeded
7277,700,645,2024-07-02,199,succeeded
7278,700,645,2024-08-02,199,succeeded
7279,700,645,2024-09-05,199,succeeded
7280,700,645,2024-10-03,199,succeeded
7281,700,645,2024-11-04,199,succeeded
7282,700,645,2024-12-02,199,succeeded
7283,700,645,2025-01-05,199,succeeded
7284,700,645,2025-02-02,199,succeeded
7285,700,645,2025-03-05,199,succeeded
7286,700,645,2025-04-02,199,succeeded
7287,700,645,2025-05-02,199,succeeded
7288,700,645,2025-06-03,199,succeeded
7289,700,645,2025-07-04,199,succeeded
7290,700,645,2025-08-02,199,succeeded
7291,700,645,2025-09-05,199,succeeded
7292,700,645,2025-10-03,199,succeeded
7293,700,645,2025-11-04,199,succeeded
7294,700,645,2025-12-02,199,succeeded
7295,700,645,2026-01-04,199,succeeded
7296,700,645,2026-02-02,199,succeeded
7297,700,645,2026-03-03,199,succeeded
7298,700,645,2026-04-02,199,succeeded
7299,700,645,2026-05-05,199,succeeded
7300,700,645,2026-06-06,199,succeeded
7301,701,646,2025-01-24,49,succeeded
7302,701,646,2025-02-23,49,succeeded
7303,701,646,2025-03-21,49,succeeded
7304,701,646,2025-04-20,49,succeeded
7305,701,646,2025-05-20,49,failed
7306,701,646,2025-05-24,49,succeeded
7307,701,646,2025-06-20,49,succeeded
7308,701,646,2025-07-20,49,succeeded
7309,701,646,2025-08-21,49,succeeded
7310,701,646,2025-09-20,49,succeeded
7311,701,646,2025-10-20,49,succeeded
7312,701,646,2025-11-24,49,succeeded
7313,701,646,2025-12-23,49,succeeded
7314,701,646,2026-01-21,49,succeeded
7315,701,646,2026-02-23,49,succeeded
7316,701,646,2026-03-22,49,succeeded
7317,701,646,2026-04-22,49,succeeded
7318,702,647,2024-02-05,49,succeeded
7319,702,647,2024-03-05,49,succeeded
7320,702,647,2024-04-07,49,succeeded
7321,702,647,2024-05-04,49,succeeded
7322,702,647,2024-06-06,49,succeeded
7323,703,647,2024-07-04,199,succeeded
7324,703,647,2024-08-01,199,succeeded
7325,703,647,2024-09-05,199,succeeded
7326,703,647,2024-10-05,199,succeeded
7327,703,647,2024-11-02,199,succeeded
7328,703,647,2024-12-02,199,succeeded
7329,703,647,2025-01-05,199,succeeded
7330,703,647,2025-02-05,199,succeeded
7331,703,647,2025-03-05,199,succeeded
7332,703,647,2025-04-01,199,succeeded
7333,703,647,2025-05-04,199,succeeded
7334,703,647,2025-06-04,199,succeeded
7335,703,647,2025-07-01,199,succeeded
7336,703,647,2025-08-05,199,succeeded
7337,703,647,2025-09-05,199,failed
7338,703,647,2025-09-10,199,succeeded
7339,703,647,2025-10-05,199,succeeded
7340,703,647,2025-11-01,199,succeeded
7341,703,647,2025-12-05,199,succeeded
7342,703,647,2026-01-01,199,succeeded
7343,703,647,2026-02-02,199,succeeded
7344,703,647,2026-03-04,199,succeeded
7345,703,647,2026-04-05,199,succeeded
7346,703,647,2026-05-05,199,failed
7347,703,647,2026-06-02,199,succeeded
7348,704,648,2024-10-12,49,succeeded
7349,704,648,2024-11-15,49,succeeded
7350,704,648,2024-12-13,49,succeeded
7351,704,648,2025-01-16,49,succeeded
7352,704,648,2025-02-13,49,succeeded
7353,704,648,2025-03-13,49,succeeded
7354,704,648,2025-04-16,49,succeeded
7355,704,648,2025-05-12,49,succeeded
7356,704,648,2025-06-13,49,succeeded
7357,704,648,2025-07-16,49,succeeded
7358,704,648,2025-08-16,49,succeeded
7359,704,648,2025-09-14,49,succeeded
7360,704,648,2025-10-15,49,succeeded
7361,704,648,2025-11-15,49,succeeded
7362,705,649,2025-09-14,49,succeeded
7363,705,649,2025-10-12,49,succeeded
7364,706,650,2025-11-29,199,succeeded
7365,706,650,2025-12-27,199,succeeded
7366,706,650,2026-01-28,199,succeeded
7367,706,650,2026-02-26,199,succeeded
7368,706,650,2026-03-28,199,succeeded
7369,706,650,2026-04-28,199,succeeded
7370,706,650,2026-05-27,199,succeeded
7371,706,650,2026-06-27,199,succeeded
7372,707,651,2025-10-07,49,succeeded
7373,708,652,2024-11-15,199,succeeded
7374,708,652,2024-12-15,199,succeeded
7375,708,652,2025-01-16,199,succeeded
7376,708,652,2025-02-19,199,succeeded
7377,708,652,2025-03-17,199,succeeded
7378,708,652,2025-04-17,199,succeeded
7379,708,652,2025-05-19,199,succeeded
7380,708,652,2025-06-17,199,succeeded
7381,708,652,2025-07-16,199,succeeded
7382,708,652,2025-08-15,199,failed
7383,708,652,2025-09-17,199,succeeded
7384,708,652,2025-10-16,199,succeeded
7385,708,652,2025-11-16,199,succeeded
7386,708,652,2025-12-19,199,succeeded
7387,708,652,2026-01-19,199,succeeded
7388,708,652,2026-02-16,199,succeeded
7389,709,652,2026-03-04,799,succeeded
7390,709,652,2026-04-03,799,succeeded
7391,709,652,2026-05-01,799,succeeded
7392,709,652,2026-06-03,799,succeeded
7393,710,653,2026-01-13,199,succeeded
7394,710,653,2026-02-16,199,succeeded
7395,710,653,2026-03-12,199,succeeded
7396,710,653,2026-04-15,199,succeeded
7397,710,653,2026-05-12,199,succeeded
7398,710,653,2026-06-12,199,succeeded
7399,711,654,2025-02-26,199,succeeded
7400,711,654,2025-03-26,199,succeeded
7401,711,654,2025-04-28,199,succeeded
7402,711,654,2025-05-27,199,succeeded
7403,711,654,2025-06-28,199,succeeded
7404,711,654,2025-07-27,199,succeeded
7405,711,654,2025-08-27,199,succeeded
7406,711,654,2025-09-27,199,succeeded
7407,711,654,2025-10-25,199,succeeded
7408,712,655,2024-05-02,49,succeeded
7409,712,655,2024-05-31,49,succeeded
7410,712,655,2024-07-02,49,succeeded
7411,712,655,2024-07-29,49,succeeded
7412,712,655,2024-08-28,49,succeeded
7413,712,655,2024-09-30,49,succeeded
7414,712,655,2024-10-28,49,succeeded
7415,712,655,2024-12-02,49,succeeded
7416,712,655,2024-12-28,49,succeeded
7417,712,655,2025-01-30,49,succeeded
7418,712,655,2025-03-03,49,succeeded
7419,712,655,2025-03-30,49,succeeded
7420,712,655,2025-05-01,49,succeeded
7421,712,655,2025-05-30,49,succeeded
7422,712,655,2025-07-01,49,succeeded
7423,713,656,2024-08-07,199,succeeded
7424,713,656,2024-09-10,199,succeeded
7425,713,656,2024-10-06,199,succeeded
7426,713,656,2024-11-06,199,succeeded
7427,713,656,2024-12-08,199,succeeded
7428,713,656,2025-01-10,199,succeeded
7429,713,656,2025-02-07,199,succeeded
7430,713,656,2025-03-06,199,succeeded
7431,713,656,2025-04-06,199,succeeded
7432,713,656,2025-05-06,199,succeeded
7433,713,656,2025-06-09,199,succeeded
7434,713,656,2025-07-09,199,succeeded
7435,713,656,2025-08-09,199,succeeded
7436,713,656,2025-09-10,199,succeeded
7437,713,656,2025-10-07,199,failed
7438,713,656,2025-10-11,199,succeeded
7439,713,656,2025-11-06,199,succeeded
7440,713,656,2025-12-09,199,succeeded
7441,713,656,2026-01-09,199,succeeded
7442,713,656,2026-02-09,199,succeeded
7443,714,657,2025-12-25,199,succeeded
7444,714,657,2026-01-28,199,succeeded
7445,714,657,2026-02-25,199,succeeded
7446,714,657,2026-03-24,199,succeeded
7447,714,657,2026-04-26,199,succeeded
7448,714,657,2026-05-25,199,succeeded
7449,714,657,2026-06-27,199,succeeded
7450,715,658,2026-02-12,49,succeeded
7451,715,658,2026-03-13,49,succeeded
7452,715,658,2026-04-14,49,succeeded
7453,715,658,2026-05-13,49,succeeded
7454,715,658,2026-06-14,49,succeeded
7455,716,659,2025-12-22,199,succeeded
7456,716,659,2026-01-24,199,succeeded
7457,716,659,2026-02-24,199,succeeded
7458,716,659,2026-03-23,199,succeeded
7459,716,659,2026-04-22,199,succeeded
7460,716,659,2026-05-23,199,succeeded
7461,717,659,2026-06-02,799,succeeded
7462,718,660,2024-02-13,49,succeeded
7463,718,660,2024-03-17,49,succeeded
7464,719,661,2025-10-10,49,succeeded
7465,719,661,2025-11-14,49,succeeded
7466,719,661,2025-12-12,49,succeeded
7467,720,662,2025-06-12,49,succeeded
7468,720,662,2025-07-10,49,succeeded
7469,720,662,2025-08-13,49,succeeded
7470,720,662,2025-09-14,49,succeeded
7471,720,662,2025-10-13,49,succeeded
7472,720,662,2025-11-10,49,failed
7473,720,662,2025-11-12,49,succeeded
7474,720,662,2025-12-13,49,succeeded
7475,721,663,2024-09-12,199,succeeded
7476,721,663,2024-10-14,199,failed
7477,721,663,2024-10-20,199,succeeded
7478,721,663,2024-11-15,199,succeeded
7479,721,663,2024-12-15,199,succeeded
7480,721,663,2025-01-12,199,succeeded
7481,721,663,2025-02-13,199,succeeded
7482,721,663,2025-03-12,199,succeeded
7483,721,663,2025-04-12,199,succeeded
7484,721,663,2025-05-16,199,succeeded
7485,721,663,2025-06-16,199,succeeded
7486,721,663,2025-07-14,199,succeeded
7487,721,663,2025-08-13,199,succeeded
7488,721,663,2025-09-13,199,succeeded
7489,721,663,2025-10-16,199,succeeded
7490,721,663,2025-11-15,199,succeeded
7491,721,663,2025-12-12,199,succeeded
7492,721,663,2026-01-13,199,succeeded
7493,721,663,2026-02-15,199,succeeded
7494,721,663,2026-03-13,199,succeeded
7495,721,663,2026-04-14,199,succeeded
7496,721,663,2026-05-14,199,succeeded
7497,721,663,2026-06-16,199,succeeded
7498,722,664,2025-01-25,799,succeeded
7499,722,664,2025-02-24,799,succeeded
7500,722,664,2025-03-24,799,succeeded
7501,722,664,2025-04-28,799,succeeded
7502,722,664,2025-05-24,799,succeeded
7503,722,664,2025-06-26,799,succeeded
7504,722,664,2025-07-28,799,succeeded
7505,722,664,2025-08-27,799,succeeded
7506,722,664,2025-09-26,799,succeeded
7507,722,664,2025-10-28,799,failed
7508,722,664,2025-11-26,799,succeeded
7509,722,664,2025-12-24,799,succeeded
7510,722,664,2026-01-27,799,succeeded
7511,722,664,2026-02-24,799,succeeded
7512,722,664,2026-03-25,799,succeeded
7513,722,664,2026-04-28,799,succeeded
7514,722,664,2026-05-28,799,succeeded
7515,722,664,2026-06-28,799,succeeded
7516,723,665,2024-03-15,49,succeeded
7517,723,665,2024-04-14,49,succeeded
7518,723,665,2024-05-17,49,succeeded
7519,723,665,2024-06-18,49,succeeded
7520,723,665,2024-07-14,49,succeeded
7521,723,665,2024-08-16,49,succeeded
7522,723,665,2024-09-15,49,succeeded
7523,723,665,2024-10-17,49,succeeded
7524,723,665,2024-11-16,49,succeeded
7525,723,665,2024-12-14,49,succeeded
7526,723,665,2025-01-14,49,succeeded
7527,723,665,2025-02-17,49,succeeded
7528,723,665,2025-03-14,49,succeeded
7529,723,665,2025-04-16,49,succeeded
7530,723,665,2025-05-16,49,succeeded
7531,723,665,2025-06-17,49,succeeded
7532,723,665,2025-07-15,49,succeeded
7533,723,665,2025-08-18,49,succeeded
7534,723,665,2025-09-14,49,succeeded
7535,723,665,2025-10-17,49,succeeded
7536,723,665,2025-11-17,49,succeeded
7537,723,665,2025-12-14,49,succeeded
7538,723,665,2026-01-18,49,succeeded
7539,723,665,2026-02-18,49,succeeded
7540,724,666,2026-04-03,799,succeeded
7541,724,666,2026-05-05,799,succeeded
7542,724,666,2026-06-02,799,succeeded
7543,725,667,2026-01-28,199,succeeded
7544,725,667,2026-02-26,199,succeeded
7545,725,667,2026-03-24,199,succeeded
7546,725,667,2026-04-28,199,succeeded
7547,725,667,2026-05-24,199,succeeded
7548,725,667,2026-06-25,199,succeeded
7549,726,668,2024-11-17,199,succeeded
7550,726,668,2024-12-18,199,succeeded
7551,726,668,2025-01-17,199,succeeded
7552,726,668,2025-02-17,199,succeeded
7553,726,668,2025-03-15,199,succeeded
7554,726,668,2025-04-17,199,succeeded
7555,726,668,2025-05-17,199,succeeded
7556,726,668,2025-06-15,199,succeeded
7557,726,668,2025-07-18,199,succeeded
7558,726,668,2025-08-16,199,succeeded
7559,726,668,2025-09-14,199,succeeded
7560,726,668,2025-10-17,199,succeeded
7561,726,668,2025-11-14,199,succeeded
7562,726,668,2025-12-15,199,succeeded
7563,726,668,2026-01-15,199,succeeded
7564,726,668,2026-02-17,199,succeeded
7565,726,668,2026-03-17,199,failed
7566,726,668,2026-04-18,199,succeeded
7567,726,668,2026-05-18,199,succeeded
7568,726,668,2026-06-18,199,succeeded
7569,727,669,2025-07-11,199,succeeded
7570,727,669,2025-08-13,199,succeeded
7571,728,669,2025-09-05,799,succeeded
7572,728,669,2025-10-05,799,succeeded
7573,728,669,2025-11-04,799,succeeded
7574,728,669,2025-12-04,799,succeeded
7575,728,669,2026-01-04,799,succeeded
7576,728,669,2026-02-01,799,succeeded
7577,728,669,2026-03-01,799,succeeded
7578,728,669,2026-04-04,799,succeeded
7579,728,669,2026-05-02,799,succeeded
7580,728,669,2026-06-02,799,succeeded
7581,729,670,2024-05-14,799,succeeded
7582,729,670,2024-06-18,799,succeeded
7583,729,670,2024-07-15,799,succeeded
7584,729,670,2024-08-16,799,succeeded
7585,729,670,2024-09-18,799,succeeded
7586,729,670,2024-10-18,799,succeeded
7587,729,670,2024-11-15,799,succeeded
7588,729,670,2024-12-17,799,succeeded
7589,729,670,2025-01-17,799,failed
7590,729,670,2025-01-22,799,succeeded
7591,729,670,2025-02-17,799,succeeded
7592,729,670,2025-03-17,799,succeeded
7593,729,670,2025-04-16,799,succeeded
7594,729,670,2025-05-14,799,succeeded
7595,729,670,2025-06-15,799,succeeded
7596,729,670,2025-07-17,799,succeeded
7597,729,670,2025-08-15,799,succeeded
7598,729,670,2025-09-18,799,succeeded
7599,729,670,2025-10-14,799,succeeded
7600,729,670,2025-11-18,799,succeeded
7601,729,670,2025-12-16,799,succeeded
7602,729,670,2026-01-15,799,succeeded
7603,729,670,2026-02-15,799,succeeded
7604,729,670,2026-03-17,799,succeeded
7605,729,670,2026-04-14,799,succeeded
7606,729,670,2026-05-15,799,succeeded
7607,729,670,2026-06-15,799,succeeded
7608,730,671,2024-11-23,199,failed
7609,730,671,2024-11-26,199,succeeded
7610,730,671,2024-12-20,199,succeeded
7611,730,671,2025-01-20,199,succeeded
7612,730,671,2025-02-19,199,succeeded
7613,730,671,2025-03-19,199,succeeded
7614,730,671,2025-04-21,199,succeeded
7615,730,671,2025-05-23,199,succeeded
7616,730,671,2025-06-20,199,succeeded
7617,730,671,2025-07-22,199,succeeded
7618,730,671,2025-08-23,199,succeeded
7619,730,671,2025-09-23,199,succeeded
7620,730,671,2025-10-23,199,succeeded
7621,730,671,2025-11-20,199,succeeded
7622,730,671,2025-12-23,199,succeeded
7623,730,671,2026-01-21,199,succeeded
7624,730,671,2026-02-23,199,succeeded
7625,730,671,2026-03-20,199,succeeded
7626,730,671,2026-04-23,199,succeeded
7627,730,671,2026-05-21,199,succeeded
7628,730,671,2026-06-19,199,succeeded
7629,731,672,2026-02-22,199,succeeded
7630,731,672,2026-03-19,199,succeeded
7631,731,672,2026-04-20,199,succeeded
7632,731,672,2026-05-21,199,succeeded
7633,731,672,2026-06-21,199,succeeded
7634,732,673,2025-09-11,199,succeeded
7635,732,673,2025-10-14,199,succeeded
7636,732,673,2025-11-14,199,succeeded
7637,732,673,2025-12-14,199,failed
7638,732,673,2025-12-18,199,succeeded
7639,733,673,2026-01-02,799,succeeded
7640,733,673,2026-02-03,799,succeeded
7641,733,673,2026-03-04,799,succeeded
7642,733,673,2026-04-04,799,succeeded
7643,733,673,2026-05-03,799,succeeded
7644,733,673,2026-06-04,799,succeeded
7645,734,674,2023-08-30,199,succeeded
7646,734,674,2023-10-01,199,succeeded
7647,734,674,2023-10-27,199,succeeded
7648,734,674,2023-11-30,199,succeeded
7649,734,674,2023-12-30,199,succeeded
7650,734,674,2024-01-28,199,succeeded
7651,734,674,2024-03-02,199,succeeded
7652,734,674,2024-03-29,199,succeeded
7653,734,674,2024-04-28,199,succeeded
7654,734,674,2024-05-28,199,succeeded
7655,734,674,2024-06-30,199,succeeded
7656,734,674,2024-07-28,199,succeeded
7657,734,674,2024-08-27,199,succeeded
7658,734,674,2024-09-28,199,succeeded
7659,734,674,2024-10-28,199,succeeded
7660,734,674,2024-11-28,199,succeeded
7661,734,674,2024-12-31,199,succeeded
7662,734,674,2025-01-31,199,succeeded
7663,734,674,2025-02-28,199,succeeded
7664,734,674,2025-03-31,199,succeeded
7665,734,674,2025-04-28,199,succeeded
7666,734,674,2025-05-28,199,succeeded
7667,734,674,2025-06-29,199,succeeded
7668,734,674,2025-07-29,199,succeeded
7669,734,674,2025-08-31,199,succeeded
7670,734,674,2025-10-01,199,succeeded
7671,734,674,2025-10-29,199,succeeded
7672,734,674,2025-11-30,199,succeeded
7673,734,674,2025-12-31,199,succeeded
7674,734,674,2026-01-31,199,succeeded
7675,734,674,2026-03-02,199,succeeded
7676,734,674,2026-03-29,199,succeeded
7677,734,674,2026-04-30,199,succeeded
7678,734,674,2026-05-28,199,succeeded
7679,734,674,2026-07-01,199,succeeded
7680,735,675,2024-09-08,49,succeeded
7681,735,675,2024-10-08,49,succeeded
7682,735,675,2024-11-07,49,succeeded
7683,735,675,2024-12-08,49,succeeded
7684,735,675,2025-01-10,49,succeeded
7685,736,676,2025-01-09,49,succeeded
7686,736,676,2025-02-08,49,succeeded
7687,736,676,2025-03-10,49,succeeded
7688,736,676,2025-04-07,49,succeeded
7689,736,676,2025-05-07,49,succeeded
7690,737,677,2024-06-28,49,failed
7691,738,678,2025-01-07,49,succeeded
7692,738,678,2025-02-04,49,succeeded
7693,738,678,2025-03-06,49,succeeded
7694,738,678,2025-04-03,49,succeeded
7695,738,678,2025-05-05,49,succeeded
7696,738,678,2025-06-05,49,succeeded
7697,739,679,2026-05-21,49,succeeded
7698,739,679,2026-06-21,49,succeeded
7699,740,680,2026-05-26,49,succeeded
7700,740,680,2026-06-27,49,failed
7701,740,680,2026-07-03,49,succeeded
7702,741,681,2024-01-11,199,succeeded
7703,741,681,2024-02-14,199,succeeded
7704,741,681,2024-03-11,199,succeeded
7705,741,681,2024-04-11,199,succeeded
7706,741,681,2024-05-13,199,failed
7707,741,681,2024-05-18,199,succeeded
7708,741,681,2024-06-14,199,succeeded
7709,741,681,2024-07-10,199,succeeded
7710,741,681,2024-08-10,199,succeeded
7711,741,681,2024-09-14,199,succeeded
7712,741,681,2024-10-10,199,succeeded
7713,741,681,2024-11-12,199,succeeded
7714,741,681,2024-12-11,199,succeeded
7715,741,681,2025-01-12,199,succeeded
7716,741,681,2025-02-10,199,succeeded
7717,741,681,2025-03-11,199,succeeded
7718,741,681,2025-04-13,199,succeeded
7719,741,681,2025-05-14,199,succeeded
7720,741,681,2025-06-14,199,failed
7721,741,681,2025-06-17,199,succeeded
7722,741,681,2025-07-14,199,succeeded
7723,741,681,2025-08-10,199,succeeded
7724,741,681,2025-09-13,199,succeeded
7725,741,681,2025-10-13,199,succeeded
7726,741,681,2025-11-11,199,succeeded
7727,741,681,2025-12-12,199,succeeded
7728,741,681,2026-01-14,199,succeeded
7729,741,681,2026-02-11,199,succeeded
7730,741,681,2026-03-11,199,succeeded
7731,741,681,2026-04-11,199,succeeded
7732,741,681,2026-05-12,199,succeeded
7733,741,681,2026-06-13,199,succeeded
7734,742,682,2024-04-29,49,succeeded
7735,742,682,2024-05-29,49,succeeded
7736,742,682,2024-06-29,49,succeeded
7737,742,682,2024-07-28,49,succeeded
7738,743,683,2025-08-08,199,succeeded
7739,744,684,2025-01-27,799,succeeded
7740,744,684,2025-02-26,799,succeeded
7741,744,684,2025-03-25,799,succeeded
7742,744,684,2025-04-28,799,succeeded
7743,744,684,2025-05-27,799,failed
7744,744,684,2025-06-02,799,succeeded
7745,744,684,2025-06-26,799,succeeded
7746,744,684,2025-07-28,799,succeeded
7747,744,684,2025-08-27,799,succeeded
7748,744,684,2025-09-29,799,succeeded
7749,744,684,2025-10-26,799,failed
7750,744,684,2025-11-01,799,succeeded
7751,744,684,2025-11-28,799,succeeded
7752,744,684,2025-12-25,799,succeeded
7753,744,684,2026-01-29,799,succeeded
7754,744,684,2026-03-01,799,succeeded
7755,744,684,2026-03-27,799,succeeded
7756,744,684,2026-04-27,799,succeeded
7757,744,684,2026-05-26,799,succeeded
7758,744,684,2026-06-26,799,succeeded
7759,745,685,2026-03-25,199,succeeded
7760,745,685,2026-04-22,199,succeeded
7761,745,685,2026-05-26,199,succeeded
7762,745,685,2026-06-25,199,succeeded
7763,747,687,2026-03-16,199,succeeded
7764,747,687,2026-04-16,199,succeeded
7765,747,687,2026-05-15,199,succeeded
7766,747,687,2026-06-15,199,succeeded
7767,748,688,2026-04-15,49,succeeded
7768,748,688,2026-05-13,49,succeeded
7769,748,688,2026-06-12,49,succeeded
7770,749,689,2025-10-18,199,succeeded
7771,749,689,2025-11-18,199,succeeded
7772,749,689,2025-12-18,199,succeeded
7773,749,689,2026-01-15,199,succeeded
7774,749,689,2026-02-16,199,succeeded
7775,749,689,2026-03-15,199,succeeded
7776,749,689,2026-04-16,199,succeeded
7777,750,689,2026-05-04,49,succeeded
7778,750,689,2026-06-02,49,succeeded
7779,751,690,2025-01-16,49,succeeded
7780,751,690,2025-02-16,49,succeeded
7781,751,690,2025-03-18,49,succeeded
7782,751,690,2025-04-14,49,succeeded
7783,751,690,2025-05-18,49,succeeded
7784,751,690,2025-06-17,49,succeeded
7785,751,690,2025-07-16,49,succeeded
7786,751,690,2025-08-18,49,succeeded
7787,751,690,2025-09-17,49,succeeded
7788,751,690,2025-10-15,49,succeeded
7789,751,690,2025-11-15,49,succeeded
7790,751,690,2025-12-14,49,succeeded
7791,751,690,2026-01-16,49,succeeded
7792,751,690,2026-02-15,49,succeeded
7793,751,690,2026-03-15,49,succeeded
7794,752,691,2026-03-19,199,succeeded
7795,752,691,2026-04-18,199,succeeded
7796,752,691,2026-05-15,199,succeeded
7797,752,691,2026-06-17,199,succeeded
7798,753,692,2024-10-23,199,succeeded
7799,753,692,2024-11-24,199,succeeded
7800,753,692,2024-12-25,199,succeeded
7801,753,692,2025-01-24,199,succeeded
7802,753,692,2025-02-24,199,succeeded
7803,753,692,2025-03-25,199,succeeded
7804,753,692,2025-04-24,199,succeeded
7805,753,692,2025-05-22,199,succeeded
7806,753,692,2025-06-25,199,succeeded
7807,753,692,2025-07-23,199,succeeded
7808,753,692,2025-08-23,199,succeeded
7809,754,693,2026-03-07,199,succeeded
7810,754,693,2026-04-06,199,succeeded
7811,754,693,2026-05-07,199,succeeded
7812,754,693,2026-06-04,199,succeeded
7813,755,694,2024-09-17,49,succeeded
7814,755,694,2024-10-18,49,succeeded
7815,755,694,2024-11-20,49,succeeded
7816,755,694,2024-12-19,49,succeeded
7817,755,694,2025-01-21,49,succeeded
7818,755,694,2025-02-21,49,succeeded
7819,755,694,2025-03-17,49,succeeded
7820,755,694,2025-04-19,49,succeeded
7821,755,694,2025-05-20,49,succeeded
7822,755,694,2025-06-18,49,succeeded
7823,755,694,2025-07-21,49,succeeded
7824,755,694,2025-08-17,49,succeeded
7825,756,695,2025-02-13,199,succeeded
7826,756,695,2025-03-16,199,succeeded
7827,757,696,2026-06-14,799,succeeded
7828,758,697,2024-11-05,49,succeeded
7829,758,697,2024-12-04,49,succeeded
7830,758,697,2025-01-03,49,succeeded
7831,758,697,2025-02-05,49,succeeded
7832,758,697,2025-03-02,49,succeeded
7833,758,697,2025-04-03,49,succeeded
7834,758,697,2025-05-05,49,succeeded
7835,758,697,2025-06-03,49,succeeded
7836,758,697,2025-07-04,49,succeeded
7837,758,697,2025-08-03,49,succeeded
7838,759,698,2026-04-12,199,succeeded
7839,759,698,2026-05-09,199,failed
7840,759,698,2026-05-11,199,succeeded
7841,759,698,2026-06-09,199,succeeded
7842,760,699,2026-05-23,799,succeeded
7843,760,699,2026-06-23,799,succeeded
7844,761,700,2025-10-09,49,succeeded
7845,761,700,2025-11-11,49,succeeded
7846,761,700,2025-12-11,49,succeeded
7847,761,700,2026-01-11,49,succeeded
7848,761,700,2026-02-09,49,succeeded
7849,761,700,2026-03-11,49,succeeded
7850,761,700,2026-04-08,49,succeeded
7851,761,700,2026-05-11,49,succeeded
7852,761,700,2026-06-10,49,succeeded
7853,762,701,2023-07-28,799,succeeded
7854,762,701,2023-08-29,799,succeeded
7855,762,701,2023-09-29,799,succeeded
7856,762,701,2023-10-28,799,succeeded
7857,762,701,2023-11-27,799,succeeded
7858,762,701,2023-12-28,799,succeeded
7859,762,701,2024-01-25,799,succeeded
7860,762,701,2024-02-26,799,succeeded
7861,762,701,2024-03-26,799,succeeded
7862,762,701,2024-04-27,799,succeeded
7863,762,701,2024-05-29,799,succeeded
7864,762,701,2024-06-29,799,succeeded
7865,762,701,2024-07-26,799,succeeded
7866,762,701,2024-08-28,799,succeeded
7867,762,701,2024-09-27,799,succeeded
7868,762,701,2024-10-25,799,succeeded
7869,762,701,2024-11-28,799,succeeded
7870,762,701,2024-12-26,799,succeeded
7871,762,701,2025-01-27,799,succeeded
7872,762,701,2025-02-25,799,succeeded
7873,762,701,2025-03-25,799,succeeded
7874,762,701,2025-04-27,799,succeeded
7875,762,701,2025-05-29,799,succeeded
7876,762,701,2025-06-29,799,succeeded
7877,762,701,2025-07-29,799,succeeded
7878,762,701,2025-08-28,799,succeeded
7879,762,701,2025-09-28,799,succeeded
7880,762,701,2025-10-27,799,succeeded
7881,762,701,2025-11-25,799,succeeded
7882,762,701,2025-12-26,799,succeeded
7883,762,701,2026-01-27,799,succeeded
7884,762,701,2026-02-25,799,succeeded
7885,762,701,2026-03-25,799,succeeded
7886,762,701,2026-04-26,799,succeeded
7887,762,701,2026-05-26,799,succeeded
7888,762,701,2026-06-25,799,succeeded
7889,763,702,2025-02-14,199,succeeded
7890,763,702,2025-03-15,199,succeeded
7891,763,702,2025-04-15,199,succeeded
7892,763,702,2025-05-13,199,succeeded
7893,763,702,2025-06-16,199,succeeded
7894,763,702,2025-07-17,199,succeeded
7895,763,702,2025-08-16,199,succeeded
7896,764,703,2025-10-12,199,succeeded
7897,765,704,2024-07-04,199,succeeded
7898,765,704,2024-08-01,199,succeeded
7899,765,704,2024-09-03,199,succeeded
7900,765,704,2024-10-05,199,succeeded
7901,765,704,2024-11-01,199,succeeded
7902,765,704,2024-12-03,199,succeeded
7903,765,704,2025-01-01,199,succeeded
7904,765,704,2025-02-02,199,succeeded
7905,765,704,2025-03-01,199,succeeded
7906,765,704,2025-04-02,199,succeeded
7907,765,704,2025-05-03,199,succeeded
7908,765,704,2025-06-04,199,succeeded
7909,765,704,2025-07-01,199,succeeded
7910,765,704,2025-08-04,199,succeeded
7911,765,704,2025-09-02,199,succeeded
7912,765,704,2025-10-05,199,succeeded
7913,765,704,2025-11-04,199,succeeded
7914,765,704,2025-12-01,199,succeeded
7915,765,704,2026-01-04,199,succeeded
7916,765,704,2026-02-04,199,succeeded
7917,765,704,2026-03-03,199,succeeded
7918,765,704,2026-04-03,199,succeeded
7919,765,704,2026-05-03,199,succeeded
7920,765,704,2026-06-03,199,succeeded
7921,766,705,2024-09-21,799,succeeded
7922,766,705,2024-10-23,799,succeeded
7923,766,705,2024-11-22,799,succeeded
7924,766,705,2024-12-19,799,succeeded
7925,766,705,2025-01-22,799,succeeded
7926,766,705,2025-02-22,799,succeeded
7927,766,705,2025-03-22,799,succeeded
7928,766,705,2025-04-19,799,succeeded
7929,766,705,2025-05-22,799,succeeded
7930,766,705,2025-06-19,799,succeeded
7931,766,705,2025-07-22,799,succeeded
7932,766,705,2025-08-19,799,succeeded
7933,766,705,2025-09-20,799,succeeded
7934,766,705,2025-10-19,799,succeeded
7935,766,705,2025-11-22,799,succeeded
7936,766,705,2025-12-21,799,succeeded
7937,766,705,2026-01-23,799,succeeded
7938,766,705,2026-02-23,799,succeeded
7939,766,705,2026-03-19,799,succeeded
7940,766,705,2026-04-20,799,succeeded
7941,766,705,2026-05-23,799,succeeded
7942,766,705,2026-06-20,799,succeeded
7943,767,706,2024-09-22,199,succeeded
7944,767,706,2024-10-22,199,succeeded
7945,767,706,2024-11-20,199,succeeded
7946,767,706,2024-12-19,199,succeeded
7947,767,706,2025-01-21,199,succeeded
7948,767,706,2025-02-21,199,succeeded
7949,767,706,2025-03-21,199,failed
7950,767,706,2025-03-24,199,succeeded
7951,767,706,2025-04-21,199,succeeded
7952,767,706,2025-05-22,199,succeeded
7953,767,706,2025-06-22,199,succeeded
7954,767,706,2025-07-21,199,succeeded
7955,767,706,2025-08-20,199,succeeded
7956,767,706,2025-09-20,199,succeeded
7957,767,706,2025-10-20,199,succeeded
7958,767,706,2025-11-22,199,succeeded
7959,767,706,2025-12-19,199,succeeded
7960,767,706,2026-01-18,199,succeeded
7961,767,706,2026-02-19,199,succeeded
7962,767,706,2026-03-22,199,succeeded
7963,767,706,2026-04-22,199,succeeded
7964,767,706,2026-05-18,199,succeeded
7965,767,706,2026-06-21,199,succeeded
7966,768,707,2024-11-23,49,failed
7967,768,707,2024-11-29,49,succeeded
7968,768,707,2024-12-20,49,succeeded
7969,768,707,2025-01-21,49,succeeded
7970,768,707,2025-02-23,49,succeeded
7971,768,707,2025-03-22,49,succeeded
7972,768,707,2025-04-23,49,succeeded
7973,768,707,2025-05-22,49,succeeded
7974,768,707,2025-06-24,49,succeeded
7975,768,707,2025-07-21,49,succeeded
7976,768,707,2025-08-22,49,succeeded
7977,768,707,2025-09-20,49,succeeded
7978,768,707,2025-10-20,49,succeeded
7979,768,707,2025-11-21,49,succeeded
7980,768,707,2025-12-24,49,succeeded
7981,768,707,2026-01-20,49,succeeded
7982,768,707,2026-02-20,49,succeeded
7983,769,708,2026-03-10,199,succeeded
7984,769,708,2026-04-07,199,succeeded
7985,769,708,2026-05-10,199,succeeded
7986,769,708,2026-06-09,199,succeeded
7987,770,709,2026-04-29,199,succeeded
7988,771,710,2026-04-07,199,succeeded
7989,771,710,2026-05-07,199,succeeded
7990,771,710,2026-06-07,199,succeeded
7991,772,711,2024-04-15,799,succeeded
7992,772,711,2024-05-16,799,succeeded
7993,772,711,2024-06-14,799,succeeded
7994,772,711,2024-07-14,799,succeeded
7995,772,711,2024-08-16,799,succeeded
7996,772,711,2024-09-12,799,succeeded
7997,772,711,2024-10-12,799,succeeded
7998,772,711,2024-11-15,799,succeeded
7999,772,711,2024-12-12,799,succeeded
8000,772,711,2025-01-15,799,succeeded
8001,772,711,2025-02-12,799,succeeded
8002,772,711,2025-03-15,799,succeeded
8003,772,711,2025-04-15,799,succeeded
8004,772,711,2025-05-15,799,succeeded
8005,772,711,2025-06-15,799,succeeded
8006,772,711,2025-07-13,799,failed
8007,772,711,2025-07-19,799,succeeded
8008,772,711,2025-08-13,799,succeeded
8009,772,711,2025-09-14,799,succeeded
8010,772,711,2025-10-14,799,succeeded
8011,772,711,2025-11-16,799,failed
8012,772,711,2025-11-21,799,succeeded
8013,772,711,2025-12-14,799,succeeded
8014,772,711,2026-01-13,799,failed
8015,772,711,2026-01-16,799,succeeded
8016,773,711,2026-02-02,199,succeeded
8017,773,711,2026-03-04,199,succeeded
8018,773,711,2026-04-05,199,succeeded
8019,773,711,2026-05-03,199,succeeded
8020,773,711,2026-06-02,199,succeeded
8021,774,712,2025-09-12,199,failed
8022,774,712,2025-10-13,199,succeeded
8023,774,712,2025-11-11,199,succeeded
8024,774,712,2025-12-10,199,succeeded
8025,774,712,2026-01-11,199,succeeded
8026,774,712,2026-02-12,199,succeeded
8027,774,712,2026-03-11,199,succeeded
8028,774,712,2026-04-12,199,succeeded
8029,774,712,2026-05-10,199,failed
8030,774,712,2026-06-10,199,succeeded
8031,775,713,2025-10-27,199,succeeded
8032,775,713,2025-11-28,199,succeeded
8033,775,713,2025-12-26,199,succeeded
8034,775,713,2026-01-29,199,succeeded
8035,775,713,2026-02-28,199,failed
8036,775,713,2026-03-26,199,succeeded
8037,775,713,2026-04-30,199,succeeded
8038,775,713,2026-05-29,199,succeeded
8039,775,713,2026-06-26,199,succeeded
8040,776,714,2026-06-21,49,succeeded
8041,777,715,2024-03-24,199,failed
8042,777,715,2024-03-26,199,succeeded
8043,777,715,2024-04-22,199,succeeded
8044,777,715,2024-05-25,199,succeeded
8045,777,715,2024-06-26,199,succeeded
8046,777,715,2024-07-26,199,failed
8047,777,715,2024-08-22,199,succeeded
8048,777,715,2024-09-25,199,succeeded
8049,777,715,2024-10-26,199,succeeded
8050,777,715,2024-11-22,199,succeeded
8051,777,715,2024-12-25,199,succeeded
8052,777,715,2025-01-22,199,succeeded
8053,777,715,2025-02-26,199,succeeded
8054,778,716,2025-11-14,49,succeeded
8055,778,716,2025-12-14,49,failed
8056,778,716,2025-12-20,49,succeeded
8057,778,716,2026-01-14,49,succeeded
8058,778,716,2026-02-12,49,succeeded
8059,778,716,2026-03-10,49,succeeded
8060,778,716,2026-04-13,49,succeeded
8061,778,716,2026-05-13,49,succeeded
8062,778,716,2026-06-13,49,succeeded
8063,779,717,2024-09-16,799,succeeded
8064,779,717,2024-10-14,799,succeeded
8065,779,717,2024-11-14,799,succeeded
8066,781,719,2024-06-23,49,succeeded
8067,781,719,2024-07-20,49,succeeded
8068,781,719,2024-08-20,49,succeeded
8069,781,719,2024-09-19,49,succeeded
8070,781,719,2024-10-23,49,succeeded
8071,781,719,2024-11-20,49,succeeded
8072,781,719,2024-12-21,49,succeeded
8073,781,719,2025-01-23,49,succeeded
8074,781,719,2025-02-23,49,succeeded
8075,782,720,2026-03-08,49,succeeded
8076,782,720,2026-04-09,49,succeeded
8077,782,720,2026-05-09,49,succeeded
8078,782,720,2026-06-08,49,succeeded
8079,783,721,2025-01-29,199,succeeded
8080,783,721,2025-03-02,199,succeeded
8081,783,721,2025-03-29,199,succeeded
8082,783,721,2025-04-27,199,succeeded
8083,783,721,2025-05-28,199,succeeded
8084,783,721,2025-06-30,199,succeeded
8085,783,721,2025-07-27,199,succeeded
8086,783,721,2025-08-30,199,succeeded
8087,783,721,2025-09-28,199,succeeded
8088,783,721,2025-10-29,199,succeeded
8089,783,721,2025-11-27,199,succeeded
8090,783,721,2025-12-28,199,succeeded
8091,783,721,2026-01-28,199,succeeded
8092,783,721,2026-03-02,199,succeeded
8093,783,721,2026-03-29,199,succeeded
8094,783,721,2026-04-27,199,succeeded
8095,783,721,2026-05-30,199,succeeded
8096,783,721,2026-06-29,199,succeeded
8097,784,722,2023-12-05,199,succeeded
8098,784,722,2024-01-02,199,succeeded
8099,784,722,2024-02-01,199,succeeded
8100,784,722,2024-03-01,199,succeeded
8101,784,722,2024-04-04,199,succeeded
8102,784,722,2024-05-05,199,succeeded
8103,784,722,2024-06-05,199,succeeded
8104,784,722,2024-07-04,199,succeeded
8105,784,722,2024-08-03,199,succeeded
8106,784,722,2024-09-02,199,succeeded
8107,784,722,2024-10-01,199,succeeded
8108,784,722,2024-11-01,199,succeeded
8109,784,722,2024-12-01,199,succeeded
8110,785,722,2024-12-03,799,succeeded
8111,785,722,2025-01-04,799,succeeded
8112,785,722,2025-02-01,799,succeeded
8113,785,722,2025-03-01,799,succeeded
8114,785,722,2025-04-01,799,succeeded
8115,785,722,2025-05-04,799,succeeded
8116,785,722,2025-06-02,799,succeeded
8117,785,722,2025-07-05,799,succeeded
8118,785,722,2025-08-04,799,succeeded
8119,785,722,2025-09-04,799,succeeded
8120,785,722,2025-10-04,799,succeeded
8121,785,722,2025-11-04,799,succeeded
8122,785,722,2025-12-02,799,succeeded
8123,785,722,2026-01-04,799,succeeded
8124,785,722,2026-02-04,799,succeeded
8125,785,722,2026-03-05,799,succeeded
8126,785,722,2026-04-02,799,succeeded
8127,785,722,2026-05-01,799,succeeded
8128,785,722,2026-06-01,799,succeeded
8129,786,723,2024-02-27,49,succeeded
8130,786,723,2024-03-26,49,succeeded
8131,786,723,2024-04-28,49,succeeded
8132,786,723,2024-05-30,49,succeeded
8133,786,723,2024-06-26,49,failed
8134,786,723,2024-07-02,49,succeeded
8135,786,723,2024-07-30,49,succeeded
8136,786,723,2024-08-27,49,succeeded
8137,786,723,2024-09-28,49,succeeded
8138,786,723,2024-10-28,49,succeeded
8139,786,723,2024-11-26,49,succeeded
8140,786,723,2024-12-27,49,succeeded
8141,786,723,2025-01-27,49,succeeded
8142,786,723,2025-02-26,49,succeeded
8143,786,723,2025-03-28,49,succeeded
8144,786,723,2025-04-30,49,succeeded
8145,786,723,2025-05-27,49,succeeded
8146,786,723,2025-06-26,49,succeeded
8147,786,723,2025-07-28,49,succeeded
8148,786,723,2025-08-28,49,succeeded
8149,786,723,2025-09-28,49,succeeded
8150,786,723,2025-10-28,49,succeeded
8151,786,723,2025-11-26,49,succeeded
8152,786,723,2025-12-28,49,succeeded
8153,786,723,2026-01-30,49,succeeded
8154,786,723,2026-03-01,49,succeeded
8155,786,723,2026-03-30,49,succeeded
8156,786,723,2026-04-28,49,succeeded
8157,786,723,2026-05-29,49,succeeded
8158,786,723,2026-06-28,49,succeeded
8159,787,724,2024-06-14,199,succeeded
8160,787,724,2024-07-18,199,succeeded
8161,787,724,2024-08-15,199,succeeded
8162,787,724,2024-09-14,199,succeeded
8163,787,724,2024-10-15,199,succeeded
8164,787,724,2024-11-17,199,failed
8165,788,724,2024-12-04,49,succeeded
8166,788,724,2025-01-04,49,succeeded
8167,789,725,2023-10-12,49,succeeded
8168,789,725,2023-11-14,49,succeeded
8169,789,725,2023-12-16,49,succeeded
8170,789,725,2024-01-13,49,succeeded
8171,789,725,2024-02-16,49,succeeded
8172,789,725,2024-03-14,49,failed
8173,789,725,2024-04-12,49,succeeded
8174,789,725,2024-05-15,49,succeeded
8175,789,725,2024-06-14,49,succeeded
8176,789,725,2024-07-12,49,succeeded
8177,789,725,2024-08-16,49,succeeded
8178,789,725,2024-09-13,49,succeeded
8179,789,725,2024-10-12,49,succeeded
8180,789,725,2024-11-13,49,succeeded
8181,789,725,2024-12-14,49,succeeded
8182,789,725,2025-01-12,49,succeeded
8183,789,725,2025-02-14,49,succeeded
8184,789,725,2025-03-15,49,succeeded
8185,789,725,2025-04-16,49,succeeded
8186,789,725,2025-05-13,49,failed
8187,789,725,2025-05-19,49,succeeded
8188,789,725,2025-06-12,49,succeeded
8189,789,725,2025-07-15,49,succeeded
8190,789,725,2025-08-14,49,succeeded
8191,789,725,2025-09-16,49,succeeded
8192,789,725,2025-10-14,49,succeeded
8193,789,725,2025-11-13,49,succeeded
8194,789,725,2025-12-14,49,succeeded
8195,789,725,2026-01-15,49,succeeded
8196,789,725,2026-02-12,49,succeeded
8197,789,725,2026-03-13,49,succeeded
8198,789,725,2026-04-16,49,succeeded
8199,789,725,2026-05-14,49,succeeded
8200,789,725,2026-06-16,49,succeeded
8201,790,726,2025-02-22,49,succeeded
8202,790,726,2025-03-21,49,succeeded
8203,790,726,2025-04-21,49,succeeded
8204,790,726,2025-05-20,49,succeeded
8205,790,726,2025-06-20,49,succeeded
8206,790,726,2025-07-21,49,succeeded
8207,790,726,2025-08-20,49,succeeded
8208,790,726,2025-09-21,49,succeeded
8209,790,726,2025-10-22,49,succeeded
8210,790,726,2025-11-19,49,succeeded
8211,791,726,2025-12-04,199,succeeded
8212,791,726,2026-01-04,199,succeeded
8213,791,726,2026-02-03,199,succeeded
8214,791,726,2026-03-03,199,succeeded
8215,791,726,2026-04-05,199,succeeded
8216,791,726,2026-05-05,199,succeeded
8217,792,727,2026-03-01,199,succeeded
8218,792,727,2026-03-30,199,succeeded
8219,792,727,2026-04-27,199,succeeded
8220,792,727,2026-05-27,199,succeeded
8221,792,727,2026-06-30,199,succeeded
8222,793,728,2024-04-03,49,succeeded
8223,793,728,2024-05-03,49,failed
8224,793,728,2024-05-07,49,succeeded
8225,793,728,2024-06-05,49,succeeded
8226,793,728,2024-07-06,49,succeeded
8227,793,728,2024-08-04,49,succeeded
8228,793,728,2024-09-06,49,succeeded
8229,793,728,2024-10-04,49,succeeded
8230,793,728,2024-11-07,49,succeeded
8231,793,728,2024-12-05,49,succeeded
8232,794,729,2025-05-19,199,succeeded
8233,794,729,2025-06-21,199,succeeded
8234,794,729,2025-07-18,199,succeeded
8235,794,729,2025-08-19,199,succeeded
8236,794,729,2025-09-22,199,succeeded
8237,794,729,2025-10-20,199,succeeded
8238,794,729,2025-11-18,199,succeeded
8239,794,729,2025-12-19,199,succeeded
8240,794,729,2026-01-21,199,succeeded
8241,794,729,2026-02-22,199,succeeded
8242,794,729,2026-03-21,199,succeeded
8243,795,730,2025-08-16,49,succeeded
8244,795,730,2025-09-19,49,succeeded
8245,795,730,2025-10-19,49,succeeded
8246,795,730,2025-11-20,49,succeeded
8247,795,730,2025-12-19,49,succeeded
8248,795,730,2026-01-16,49,succeeded
8249,795,730,2026-02-18,49,succeeded
8250,795,730,2026-03-18,49,succeeded
8251,795,730,2026-04-19,49,succeeded
8252,795,730,2026-05-20,49,succeeded
8253,795,730,2026-06-20,49,succeeded
8254,796,731,2025-04-18,199,succeeded
8255,796,731,2025-05-14,199,succeeded
8256,796,731,2025-06-18,199,succeeded
8257,796,731,2025-07-15,199,succeeded
8258,796,731,2025-08-16,199,succeeded
8259,796,731,2025-09-16,199,succeeded
8260,796,731,2025-10-14,199,succeeded
8261,796,731,2025-11-16,199,succeeded
8262,796,731,2025-12-14,199,succeeded
8263,796,731,2026-01-16,199,succeeded
8264,796,731,2026-02-15,199,succeeded
8265,796,731,2026-03-18,199,succeeded
8266,796,731,2026-04-15,199,succeeded
8267,796,731,2026-05-16,199,succeeded
8268,796,731,2026-06-15,199,succeeded
8269,797,732,2025-05-17,49,succeeded
8270,797,732,2025-06-16,49,succeeded
8271,797,732,2025-07-18,49,succeeded
8272,797,732,2025-08-15,49,failed
8273,797,732,2025-09-17,49,succeeded
8274,797,732,2025-10-16,49,succeeded
8275,797,732,2025-11-16,49,succeeded
8276,797,732,2025-12-14,49,succeeded
8277,797,732,2026-01-14,49,succeeded
8278,797,732,2026-02-14,49,succeeded
8279,797,732,2026-03-15,49,succeeded
8280,797,732,2026-04-14,49,succeeded
8281,797,732,2026-05-15,49,succeeded
8282,797,732,2026-06-18,49,succeeded
8283,798,733,2026-02-22,199,succeeded
8284,798,733,2026-03-23,199,succeeded
8285,798,733,2026-04-22,199,succeeded
8286,798,733,2026-05-22,199,succeeded
8287,798,733,2026-06-25,199,succeeded
8288,799,734,2023-07-22,199,failed
8289,799,734,2023-08-22,199,succeeded
8290,799,734,2023-09-21,199,succeeded
8291,799,734,2023-10-18,199,succeeded
8292,799,734,2023-11-18,199,succeeded
8293,799,734,2023-12-20,199,succeeded
8294,799,734,2024-01-22,199,succeeded
8295,799,734,2024-02-22,199,succeeded
8296,799,734,2024-03-18,199,succeeded
8297,799,734,2024-04-21,199,succeeded
8298,799,734,2024-05-19,199,succeeded
8299,799,734,2024-06-22,199,succeeded
8300,799,734,2024-07-21,199,succeeded
8301,799,734,2024-08-18,199,succeeded
8302,799,734,2024-09-22,199,succeeded
8303,799,734,2024-10-22,199,failed
8304,799,734,2024-10-24,199,succeeded
8305,799,734,2024-11-21,199,succeeded
8306,799,734,2024-12-22,199,succeeded
8307,799,734,2025-01-20,199,succeeded
8308,799,734,2025-02-21,199,succeeded
8309,800,734,2025-03-03,49,succeeded
8310,800,734,2025-04-02,49,succeeded
8311,800,734,2025-05-05,49,succeeded
8312,800,734,2025-06-01,49,succeeded
8313,800,734,2025-07-03,49,succeeded
8314,800,734,2025-08-04,49,succeeded
8315,800,734,2025-09-04,49,succeeded
8316,800,734,2025-10-04,49,succeeded
8317,800,734,2025-11-01,49,succeeded
8318,800,734,2025-12-03,49,succeeded
8319,800,734,2026-01-03,49,succeeded
8320,801,735,2024-09-05,49,succeeded
8321,801,735,2024-10-06,49,succeeded
8322,801,735,2024-11-07,49,succeeded
8323,801,735,2024-12-06,49,succeeded
8324,801,735,2025-01-04,49,succeeded
8325,801,735,2025-02-04,49,succeeded
8326,801,735,2025-03-06,49,succeeded
8327,801,735,2025-04-03,49,succeeded
8328,801,735,2025-05-03,49,succeeded
8329,801,735,2025-06-05,49,succeeded
8330,801,735,2025-07-05,49,succeeded
8331,801,735,2025-08-05,49,succeeded
8332,801,735,2025-09-03,49,failed
8333,801,735,2025-10-03,49,succeeded
8334,801,735,2025-11-03,49,succeeded
8335,801,735,2025-12-05,49,succeeded
8336,801,735,2026-01-05,49,succeeded
8337,801,735,2026-02-07,49,succeeded
8338,801,735,2026-03-03,49,succeeded
8339,801,735,2026-04-03,49,succeeded
8340,801,735,2026-05-06,49,succeeded
8341,801,735,2026-06-06,49,succeeded
8342,802,736,2025-02-05,49,succeeded
8343,802,736,2025-03-07,49,succeeded
8344,802,736,2025-04-07,49,succeeded
8345,802,736,2025-05-04,49,succeeded
8346,802,736,2025-06-05,49,succeeded
8347,802,736,2025-07-05,49,succeeded
8348,802,736,2025-08-07,49,succeeded
8349,802,736,2025-09-06,49,succeeded
8350,802,736,2025-10-07,49,succeeded
8351,802,736,2025-11-06,49,succeeded
8352,802,736,2025-12-07,49,succeeded
8353,802,736,2026-01-06,49,succeeded
8354,802,736,2026-02-04,49,succeeded
8355,802,736,2026-03-08,49,succeeded
8356,802,736,2026-04-08,49,failed
8357,802,736,2026-04-10,49,succeeded
8358,802,736,2026-05-05,49,succeeded
8359,802,736,2026-06-05,49,succeeded
8360,803,737,2024-10-19,199,succeeded
8361,803,737,2024-11-17,199,succeeded
8362,803,737,2024-12-18,199,failed
8363,803,737,2024-12-22,199,succeeded
8364,803,737,2025-01-19,199,succeeded
8365,803,737,2025-02-18,199,succeeded
8366,803,737,2025-03-20,199,succeeded
8367,803,737,2025-04-18,199,succeeded
8368,803,737,2025-05-16,199,succeeded
8369,803,737,2025-06-17,199,succeeded
8370,803,737,2025-07-20,199,succeeded
8371,803,737,2025-08-16,199,succeeded
8372,804,737,2025-09-02,49,succeeded
8373,804,737,2025-10-02,49,succeeded
8374,804,737,2025-11-01,49,succeeded
8375,804,737,2025-12-04,49,succeeded
8376,804,737,2026-01-02,49,succeeded
8377,804,737,2026-02-03,49,succeeded
8378,804,737,2026-03-01,49,succeeded
8379,804,737,2026-04-05,49,succeeded
8380,804,737,2026-05-05,49,succeeded
8381,804,737,2026-06-02,49,succeeded
8382,805,738,2026-04-25,49,succeeded
8383,805,738,2026-05-23,49,succeeded
8384,805,738,2026-06-25,49,succeeded
8385,806,739,2026-01-17,49,succeeded
8386,806,739,2026-02-16,49,succeeded
8387,806,739,2026-03-17,49,succeeded
8388,806,739,2026-04-14,49,succeeded
8389,806,739,2026-05-16,49,succeeded
8390,806,739,2026-06-17,49,succeeded
8391,808,741,2026-04-26,49,succeeded
8392,808,741,2026-05-26,49,succeeded
8393,808,741,2026-06-26,49,failed
8394,808,741,2026-07-02,49,succeeded
8395,809,742,2026-01-15,199,succeeded
8396,809,742,2026-02-14,199,succeeded
8397,810,743,2023-07-13,799,succeeded
8398,810,743,2023-08-17,799,succeeded
8399,810,743,2023-09-16,799,succeeded
8400,810,743,2023-10-14,799,succeeded
8401,810,743,2023-11-17,799,succeeded
8402,810,743,2023-12-15,799,succeeded
8403,810,743,2024-01-14,799,succeeded
8404,810,743,2024-02-13,799,succeeded
8405,810,743,2024-03-13,799,succeeded
8406,810,743,2024-04-13,799,succeeded
8407,810,743,2024-05-13,799,succeeded
8408,810,743,2024-06-16,799,succeeded
8409,810,743,2024-07-17,799,succeeded
8410,810,743,2024-08-15,799,succeeded
8411,810,743,2024-09-16,799,succeeded
8412,810,743,2024-10-14,799,succeeded
8413,810,743,2024-11-15,799,succeeded
8414,810,743,2024-12-15,799,succeeded
8415,810,743,2025-01-14,799,succeeded
8416,810,743,2025-02-15,799,succeeded
8417,810,743,2025-03-13,799,succeeded
8418,810,743,2025-04-16,799,succeeded
8419,810,743,2025-05-13,799,succeeded
8420,810,743,2025-06-17,799,succeeded
8421,810,743,2025-07-15,799,succeeded
8422,810,743,2025-08-15,799,succeeded
8423,810,743,2025-09-13,799,succeeded
8424,810,743,2025-10-13,799,succeeded
8425,810,743,2025-11-14,799,succeeded
8426,810,743,2025-12-16,799,succeeded
8427,810,743,2026-01-13,799,succeeded
8428,810,743,2026-02-13,799,succeeded
8429,810,743,2026-03-16,799,succeeded
8430,810,743,2026-04-13,799,succeeded
8431,810,743,2026-05-14,799,succeeded
8432,810,743,2026-06-15,799,succeeded
8433,811,744,2026-04-17,199,succeeded
8434,811,744,2026-05-16,199,succeeded
8435,811,744,2026-06-16,199,succeeded
8436,813,746,2024-02-21,799,succeeded
8437,813,746,2024-03-21,799,succeeded
8438,813,746,2024-04-19,799,succeeded
8439,813,746,2024-05-23,799,succeeded
8440,813,746,2024-06-20,799,failed
8441,813,746,2024-06-23,799,succeeded
8442,813,746,2024-07-21,799,succeeded
8443,813,746,2024-08-20,799,succeeded
8444,813,746,2024-09-22,799,succeeded
8445,813,746,2024-10-23,799,succeeded
8446,813,746,2024-11-23,799,succeeded
8447,813,746,2024-12-21,799,succeeded
8448,813,746,2025-01-22,799,succeeded
8449,813,746,2025-02-23,799,succeeded
8450,813,746,2025-03-21,799,succeeded
8451,813,746,2025-04-21,799,succeeded
8452,813,746,2025-05-20,799,succeeded
8453,813,746,2025-06-21,799,succeeded
8454,813,746,2025-07-19,799,failed
8455,813,746,2025-07-23,799,succeeded
8456,813,746,2025-08-22,799,succeeded
8457,813,746,2025-09-22,799,succeeded
8458,813,746,2025-10-19,799,succeeded
8459,813,746,2025-11-21,799,succeeded
8460,813,746,2025-12-22,799,succeeded
8461,813,746,2026-01-19,799,succeeded
8462,813,746,2026-02-22,799,succeeded
8463,813,746,2026-03-20,799,succeeded
8464,813,746,2026-04-22,799,succeeded
8465,813,746,2026-05-22,799,succeeded
8466,813,746,2026-06-21,799,succeeded
8467,814,747,2025-11-15,49,succeeded
8468,814,747,2025-12-19,49,succeeded
8469,814,747,2026-01-17,49,succeeded
8470,814,747,2026-02-18,49,succeeded
8471,814,747,2026-03-15,49,succeeded
8472,814,747,2026-04-17,49,succeeded
8473,814,747,2026-05-15,49,failed
8474,814,747,2026-05-19,49,succeeded
8475,814,747,2026-06-17,49,succeeded
8476,815,748,2025-03-11,199,succeeded
8477,815,748,2025-04-07,199,succeeded
8478,815,748,2025-05-10,199,succeeded
8479,815,748,2025-06-07,199,succeeded
8480,815,748,2025-07-10,199,succeeded
8481,815,748,2025-08-07,199,succeeded
8482,815,748,2025-09-07,199,succeeded
8483,816,749,2025-12-09,799,succeeded
8484,816,749,2026-01-07,799,succeeded
8485,816,749,2026-02-08,799,succeeded
8486,816,749,2026-03-10,799,succeeded
8487,816,749,2026-04-11,799,succeeded
8488,816,749,2026-05-09,799,succeeded
8489,816,749,2026-06-08,799,succeeded
8490,817,750,2024-04-12,799,succeeded
8491,817,750,2024-05-14,799,succeeded
8492,817,750,2024-06-12,799,succeeded
8493,817,750,2024-07-15,799,succeeded
8494,817,750,2024-08-14,799,succeeded
8495,817,750,2024-09-13,799,succeeded
8496,817,750,2024-10-12,799,succeeded
8497,817,750,2024-11-14,799,succeeded
8498,817,750,2024-12-14,799,succeeded
8499,817,750,2025-01-11,799,succeeded
8500,818,751,2025-07-22,49,succeeded
8501,818,751,2025-08-21,49,succeeded
8502,818,751,2025-09-19,49,succeeded
8503,818,751,2025-10-20,49,succeeded
8504,818,751,2025-11-22,49,succeeded
8505,818,751,2025-12-21,49,succeeded
8506,818,751,2026-01-22,49,succeeded
8507,818,751,2026-02-22,49,succeeded
8508,818,751,2026-03-18,49,succeeded
8509,818,751,2026-04-18,49,succeeded
8510,818,751,2026-05-20,49,succeeded
8511,818,751,2026-06-20,49,succeeded
8512,819,752,2024-12-29,49,succeeded
8513,819,752,2025-01-31,49,succeeded
8514,819,752,2025-03-03,49,succeeded
8515,819,752,2025-03-28,49,succeeded
8516,819,752,2025-05-01,49,succeeded
8517,819,752,2025-05-28,49,succeeded
8518,819,752,2025-06-28,49,succeeded
8519,819,752,2025-07-29,49,succeeded
8520,819,752,2025-08-31,49,succeeded
8521,819,752,2025-09-28,49,succeeded
8522,819,752,2025-10-30,49,succeeded
8523,819,752,2025-11-29,49,succeeded
8524,819,752,2025-12-28,49,succeeded
8525,819,752,2026-01-31,49,succeeded
8526,819,752,2026-03-02,49,succeeded
8527,819,752,2026-03-28,49,succeeded
8528,819,752,2026-05-01,49,succeeded
8529,819,752,2026-05-29,49,failed
8530,819,752,2026-06-01,49,succeeded
8531,819,752,2026-06-28,49,succeeded
8532,820,753,2025-09-15,49,succeeded
8533,820,753,2025-10-16,49,succeeded
8534,820,753,2025-11-18,49,failed
8535,820,753,2025-11-21,49,succeeded
8536,820,753,2025-12-14,49,succeeded
8537,820,753,2026-01-16,49,succeeded
8538,820,753,2026-02-17,49,succeeded
8539,820,753,2026-03-18,49,succeeded
8540,820,753,2026-04-18,49,succeeded
8541,820,753,2026-05-16,49,succeeded
8542,820,753,2026-06-17,49,succeeded
8543,821,754,2025-05-28,799,succeeded
8544,821,754,2025-06-26,799,succeeded
8545,821,754,2025-07-29,799,succeeded
8546,821,754,2025-08-25,799,succeeded
8547,821,754,2025-09-29,799,succeeded
8548,821,754,2025-10-27,799,succeeded
8549,821,754,2025-11-27,799,succeeded
8550,821,754,2025-12-26,799,succeeded
8551,821,754,2026-01-25,799,succeeded
8552,821,754,2026-03-01,799,succeeded
8553,821,754,2026-03-27,799,succeeded
8554,821,754,2026-04-29,799,succeeded
8555,821,754,2026-05-25,799,succeeded
8556,821,754,2026-06-26,799,succeeded
8557,823,756,2026-06-11,799,succeeded
8558,824,757,2026-06-08,199,succeeded
8559,825,758,2024-08-14,49,succeeded
8560,825,758,2024-09-16,49,succeeded
8561,825,758,2024-10-16,49,succeeded
8562,825,758,2024-11-17,49,succeeded
8563,825,758,2024-12-15,49,succeeded
8564,826,759,2025-10-03,49,succeeded
8565,826,759,2025-11-02,49,succeeded
8566,826,759,2025-12-02,49,succeeded
8567,826,759,2026-01-02,49,succeeded
8568,826,759,2026-02-06,49,succeeded
8569,826,759,2026-03-02,49,succeeded
8570,826,759,2026-04-03,49,succeeded
8571,826,759,2026-05-02,49,succeeded
8572,826,759,2026-06-06,49,succeeded
8573,827,760,2024-10-13,799,succeeded
8574,827,760,2024-11-15,799,succeeded
8575,827,760,2024-12-14,799,succeeded
8576,827,760,2025-01-12,799,succeeded
8577,827,760,2025-02-15,799,succeeded
8578,827,760,2025-03-14,799,succeeded
8579,827,760,2025-04-15,799,succeeded
8580,827,760,2025-05-13,799,succeeded
8581,827,760,2025-06-15,799,succeeded
8582,827,760,2025-07-14,799,failed
8583,827,760,2025-07-19,799,succeeded
8584,827,760,2025-08-15,799,succeeded
8585,828,761,2025-06-30,49,succeeded
8586,828,761,2025-07-28,49,succeeded
8587,828,761,2025-08-31,49,succeeded
8588,828,761,2025-09-28,49,succeeded
8589,828,761,2025-10-30,49,succeeded
8590,828,761,2025-11-28,49,succeeded
8591,828,761,2025-12-31,49,succeeded
8592,828,761,2026-01-28,49,succeeded
8593,828,761,2026-03-03,49,failed
8594,828,761,2026-03-31,49,succeeded
8595,828,761,2026-04-29,49,succeeded
8596,828,761,2026-05-28,49,succeeded
8597,828,761,2026-06-28,49,succeeded
8598,829,762,2023-07-12,799,succeeded
8599,829,762,2023-08-14,799,succeeded
8600,829,762,2023-09-11,799,succeeded
8601,829,762,2023-10-13,799,succeeded
8602,829,762,2023-11-13,799,succeeded
8603,829,762,2023-12-13,799,succeeded
8604,829,762,2024-01-12,799,succeeded
8605,829,762,2024-02-13,799,succeeded
8606,829,762,2024-03-11,799,succeeded
8607,829,762,2024-04-14,799,succeeded
8608,829,762,2024-05-13,799,succeeded
8609,829,762,2024-06-12,799,succeeded
8610,829,762,2024-07-11,799,succeeded
8611,829,762,2024-08-12,799,succeeded
8612,829,762,2024-09-10,799,succeeded
8613,829,762,2024-10-14,799,succeeded
8614,829,762,2024-11-12,799,succeeded
8615,829,762,2024-12-12,799,succeeded
8616,829,762,2025-01-14,799,failed
8617,829,762,2025-02-12,799,succeeded
8618,829,762,2025-03-13,799,succeeded
8619,829,762,2025-04-13,799,succeeded
8620,829,762,2025-05-12,799,succeeded
8621,829,762,2025-06-12,799,succeeded
8622,830,762,2025-07-03,199,succeeded
8623,830,762,2025-08-05,199,succeeded
8624,830,762,2025-09-03,199,succeeded
8625,830,762,2025-10-01,199,succeeded
8626,830,762,2025-11-03,199,succeeded
8627,830,762,2025-12-03,199,succeeded
8628,830,762,2026-01-03,199,succeeded
8629,830,762,2026-02-03,199,succeeded
8630,831,763,2024-09-25,199,succeeded
8631,831,763,2024-10-25,199,succeeded
8632,831,763,2024-11-25,199,succeeded
8633,831,763,2024-12-26,199,succeeded
8634,831,763,2025-01-24,199,succeeded
8635,831,763,2025-02-25,199,succeeded
8636,831,763,2025-03-26,199,succeeded
8637,831,763,2025-04-24,199,succeeded
8638,831,763,2025-05-26,199,succeeded
8639,831,763,2025-06-24,199,succeeded
8640,831,763,2025-07-25,199,succeeded
8641,831,763,2025-08-26,199,succeeded
8642,831,763,2025-09-28,199,succeeded
8643,831,763,2025-10-28,199,succeeded
8644,831,763,2025-11-27,199,succeeded
8645,831,763,2025-12-27,199,succeeded
8646,831,763,2026-01-24,199,succeeded
8647,831,763,2026-02-25,199,succeeded
8648,831,763,2026-03-27,199,succeeded
8649,831,763,2026-04-27,199,succeeded
8650,831,763,2026-05-27,199,succeeded
8651,831,763,2026-06-26,199,succeeded
8652,832,764,2024-08-29,49,succeeded
8653,832,764,2024-09-27,49,succeeded
8654,832,764,2024-10-29,49,succeeded
8655,832,764,2024-11-27,49,succeeded
8656,832,764,2024-12-27,49,succeeded
8657,832,764,2025-01-29,49,succeeded
8658,832,764,2025-03-01,49,succeeded
8659,832,764,2025-03-30,49,succeeded
8660,832,764,2025-04-29,49,succeeded
8661,832,764,2025-05-27,49,succeeded
8662,832,764,2025-06-29,49,succeeded
8663,832,764,2025-07-31,49,succeeded
8664,832,764,2025-08-30,49,succeeded
8665,832,764,2025-09-29,49,succeeded
8666,832,764,2025-10-29,49,succeeded
8667,832,764,2025-12-01,49,succeeded
8668,832,764,2025-12-29,49,succeeded
8669,832,764,2026-01-28,49,succeeded
8670,832,764,2026-02-28,49,succeeded
8671,832,764,2026-03-29,49,succeeded
8672,832,764,2026-05-01,49,succeeded
8673,832,764,2026-05-31,49,succeeded
8674,832,764,2026-06-27,49,succeeded
8675,833,765,2025-11-28,49,succeeded
8676,833,765,2025-12-28,49,succeeded
8677,833,765,2026-01-30,49,succeeded
8678,833,765,2026-03-01,49,succeeded
8679,833,765,2026-03-29,49,succeeded
8680,833,765,2026-04-28,49,succeeded
8681,833,765,2026-05-28,49,succeeded
8682,833,765,2026-06-30,49,succeeded
8683,834,766,2023-11-20,49,succeeded
8684,834,766,2023-12-19,49,succeeded
8685,834,766,2024-01-20,49,succeeded
8686,834,766,2024-02-21,49,succeeded
8687,834,766,2024-03-20,49,succeeded
8688,834,766,2024-04-19,49,succeeded
8689,834,766,2024-05-21,49,succeeded
8690,834,766,2024-06-18,49,succeeded
8691,834,766,2024-07-18,49,succeeded
8692,834,766,2024-08-20,49,succeeded
8693,834,766,2024-09-17,49,succeeded
8694,834,766,2024-10-19,49,succeeded
8695,834,766,2024-11-18,49,succeeded
8696,834,766,2024-12-17,49,succeeded
8697,834,766,2025-01-20,49,succeeded
8698,834,766,2025-02-19,49,succeeded
8699,834,766,2025-03-18,49,succeeded
8700,834,766,2025-04-18,49,succeeded
8701,834,766,2025-05-21,49,succeeded
8702,835,767,2026-05-02,199,succeeded
8703,835,767,2026-06-03,199,succeeded
8704,837,769,2023-10-10,49,succeeded
8705,837,769,2023-11-11,49,succeeded
8706,837,769,2023-12-10,49,succeeded
8707,837,769,2024-01-12,49,succeeded
8708,837,769,2024-02-10,49,failed
8709,837,769,2024-02-13,49,succeeded
8710,837,769,2024-03-13,49,succeeded
8711,837,769,2024-04-12,49,succeeded
8712,837,769,2024-05-12,49,succeeded
8713,837,769,2024-06-10,49,succeeded
8714,837,769,2024-07-10,49,succeeded
8715,837,769,2024-08-10,49,succeeded
8716,837,769,2024-09-13,49,succeeded
8717,837,769,2024-10-11,49,succeeded
8718,837,769,2024-11-13,49,succeeded
8719,837,769,2024-12-11,49,succeeded
8720,837,769,2025-01-10,49,succeeded
8721,837,769,2025-02-12,49,succeeded
8722,837,769,2025-03-11,49,succeeded
8723,837,769,2025-04-13,49,succeeded
8724,837,769,2025-05-12,49,succeeded
8725,837,769,2025-06-12,49,succeeded
8726,837,769,2025-07-10,49,succeeded
8727,837,769,2025-08-10,49,succeeded
8728,837,769,2025-09-11,49,succeeded
8729,837,769,2025-10-10,49,succeeded
8730,837,769,2025-11-09,49,succeeded
8731,837,769,2025-12-13,49,succeeded
8732,837,769,2026-01-09,49,succeeded
8733,837,769,2026-02-09,49,succeeded
8734,837,769,2026-03-09,49,succeeded
8735,837,769,2026-04-11,49,succeeded
8736,837,769,2026-05-13,49,succeeded
8737,837,769,2026-06-11,49,succeeded
8738,838,770,2025-06-25,49,succeeded
8739,838,770,2025-07-24,49,succeeded
8740,839,771,2024-12-02,199,succeeded
8741,839,771,2025-01-01,199,succeeded
8742,839,771,2025-01-28,199,succeeded
8743,839,771,2025-03-02,199,succeeded
8744,839,771,2025-03-30,199,succeeded
8745,839,771,2025-04-28,199,succeeded
8746,839,771,2025-05-29,199,succeeded
8747,839,771,2025-06-30,199,succeeded
8748,839,771,2025-08-01,199,succeeded
8749,839,771,2025-08-28,199,succeeded
8750,839,771,2025-10-02,199,succeeded
8751,839,771,2025-10-31,199,succeeded
8752,839,771,2025-11-29,199,succeeded
8753,839,771,2025-12-31,199,succeeded
8754,839,771,2026-01-30,199,failed
8755,839,771,2026-02-04,199,succeeded
8756,839,771,2026-03-04,199,succeeded
8757,839,771,2026-03-30,199,succeeded
8758,839,771,2026-04-28,199,succeeded
8759,840,771,2026-05-03,799,succeeded
8760,840,771,2026-06-05,799,succeeded
8761,841,772,2024-01-11,49,succeeded
8762,841,772,2024-02-10,49,succeeded
8763,841,772,2024-03-10,49,succeeded
8764,841,772,2024-04-11,49,succeeded
8765,841,772,2024-05-10,49,succeeded
8766,841,772,2024-06-12,49,succeeded
8767,841,772,2024-07-10,49,succeeded
8768,841,772,2024-08-12,49,succeeded
8769,841,772,2024-09-11,49,succeeded
8770,841,772,2024-10-11,49,succeeded
8771,842,773,2026-05-05,49,succeeded
8772,842,773,2026-06-03,49,succeeded
8773,843,774,2025-07-10,799,succeeded
8774,843,774,2025-08-12,799,succeeded
8775,843,774,2025-09-11,799,succeeded
8776,843,774,2025-10-11,799,succeeded
8777,843,774,2025-11-09,799,succeeded
8778,843,774,2025-12-12,799,succeeded
8779,844,774,2026-01-05,199,succeeded
8780,844,774,2026-02-02,199,succeeded
8781,844,774,2026-03-03,199,succeeded
8782,844,774,2026-04-03,199,succeeded
8783,844,774,2026-05-03,199,succeeded
8784,844,774,2026-06-02,199,succeeded
8785,845,775,2025-12-17,49,succeeded
8786,845,775,2026-01-19,49,succeeded
8787,845,775,2026-02-20,49,succeeded
8788,845,775,2026-03-18,49,succeeded
8789,845,775,2026-04-18,49,failed
8790,845,775,2026-04-20,49,succeeded
8791,845,775,2026-05-20,49,succeeded
8792,845,775,2026-06-18,49,succeeded
8793,846,776,2026-04-17,799,succeeded
8794,846,776,2026-05-18,799,succeeded
8795,846,776,2026-06-20,799,succeeded
8796,847,777,2024-04-08,199,succeeded
8797,847,777,2024-05-09,199,succeeded
8798,847,777,2024-06-09,199,succeeded
8799,847,777,2024-07-10,199,succeeded
8800,847,777,2024-08-09,199,succeeded
8801,847,777,2024-09-08,199,succeeded
8802,847,777,2024-10-12,199,succeeded
8803,847,777,2024-11-09,199,succeeded
8804,847,777,2024-12-12,199,succeeded
8805,847,777,2025-01-08,199,succeeded
8806,847,777,2025-02-11,199,succeeded
8807,847,777,2025-03-10,199,failed
8808,847,777,2025-03-16,199,succeeded
8809,847,777,2025-04-12,199,succeeded
8810,847,777,2025-05-10,199,succeeded
8811,847,777,2025-06-11,199,succeeded
8812,848,778,2025-03-25,49,succeeded
8813,848,778,2025-04-23,49,succeeded
8814,848,778,2025-05-22,49,succeeded
8815,848,778,2025-06-25,49,succeeded
8816,848,778,2025-07-21,49,succeeded
8817,848,778,2025-08-22,49,succeeded
8818,848,778,2025-09-22,49,succeeded
8819,848,778,2025-10-24,49,succeeded
8820,848,778,2025-11-25,49,succeeded
8821,848,778,2025-12-24,49,succeeded
8822,848,778,2026-01-23,49,succeeded
8823,849,779,2023-08-13,199,succeeded
8824,849,779,2023-09-12,199,succeeded
8825,849,779,2023-10-10,199,succeeded
8826,849,779,2023-11-10,199,succeeded
8827,849,779,2023-12-12,199,succeeded
8828,849,779,2024-01-10,199,succeeded
8829,849,779,2024-02-11,199,succeeded
8830,849,779,2024-03-13,199,succeeded
8831,849,779,2024-04-10,199,succeeded
8832,849,779,2024-05-10,199,succeeded
8833,850,780,2025-07-13,199,succeeded
8834,850,780,2025-08-14,199,succeeded
8835,850,780,2025-09-15,199,succeeded
8836,850,780,2025-10-16,199,succeeded
8837,850,780,2025-11-15,199,succeeded
8838,850,780,2025-12-16,199,succeeded
8839,850,780,2026-01-13,199,failed
8840,850,780,2026-01-16,199,succeeded
8841,850,780,2026-02-17,199,succeeded
8842,850,780,2026-03-17,199,succeeded
8843,850,780,2026-04-15,199,succeeded
8844,850,780,2026-05-14,199,succeeded
8845,850,780,2026-06-17,199,succeeded
8846,851,781,2025-08-28,799,succeeded
8847,851,781,2025-09-30,799,succeeded
8848,851,781,2025-10-30,799,succeeded
8849,851,781,2025-12-01,799,succeeded
8850,851,781,2025-12-28,799,succeeded
8851,851,781,2026-01-28,799,succeeded
8852,851,781,2026-02-27,799,succeeded
8853,851,781,2026-03-27,799,succeeded
8854,851,781,2026-04-27,799,succeeded
8855,851,781,2026-05-27,799,succeeded
8856,851,781,2026-06-27,799,succeeded
8857,852,782,2025-11-23,49,succeeded
8858,852,782,2025-12-22,49,succeeded
8859,852,782,2026-01-23,49,succeeded
8860,853,783,2026-02-13,799,succeeded
8861,853,783,2026-03-14,799,succeeded
8862,853,783,2026-04-13,799,succeeded
8863,853,783,2026-05-12,799,succeeded
8864,853,783,2026-06-13,799,succeeded
8865,854,784,2026-04-14,199,succeeded
8866,854,784,2026-05-13,199,succeeded
8867,854,784,2026-06-10,199,succeeded
8868,855,785,2026-01-30,199,succeeded
8869,855,785,2026-03-01,199,succeeded
8870,855,785,2026-03-27,199,succeeded
8871,855,785,2026-04-29,199,succeeded
8872,855,785,2026-05-27,199,succeeded
8873,855,785,2026-06-26,199,succeeded
8874,856,786,2024-08-26,49,succeeded
8875,856,786,2024-09-25,49,succeeded
8876,856,786,2024-10-22,49,succeeded
8877,856,786,2024-11-23,49,succeeded
8878,856,786,2024-12-26,49,failed
8879,856,786,2025-01-22,49,succeeded
8880,856,786,2025-02-23,49,succeeded
8881,856,786,2025-03-25,49,succeeded
8882,856,786,2025-04-24,49,succeeded
8883,856,786,2025-05-24,49,succeeded
8884,856,786,2025-06-22,49,succeeded
8885,856,786,2025-07-22,49,succeeded
8886,857,787,2025-04-13,199,succeeded
8887,857,787,2025-05-12,199,succeeded
8888,857,787,2025-06-12,199,succeeded
8889,857,787,2025-07-10,199,succeeded
8890,857,787,2025-08-10,199,succeeded
8891,857,787,2025-09-09,199,succeeded
8892,857,787,2025-10-10,199,succeeded
8893,857,787,2025-11-11,199,succeeded
8894,857,787,2025-12-09,199,succeeded
8895,857,787,2026-01-11,199,succeeded
8896,857,787,2026-02-12,199,succeeded
8897,857,787,2026-03-09,199,succeeded
8898,857,787,2026-04-09,199,succeeded
8899,857,787,2026-05-12,199,succeeded
8900,857,787,2026-06-09,199,succeeded
8901,858,788,2024-05-24,799,succeeded
8902,858,788,2024-06-27,799,succeeded
8903,858,788,2024-07-24,799,succeeded
8904,858,788,2024-08-26,799,succeeded
8905,859,788,2024-09-03,199,succeeded
8906,859,788,2024-10-05,199,succeeded
8907,859,788,2024-11-02,199,succeeded
8908,859,788,2024-12-02,199,succeeded
8909,859,788,2025-01-01,199,succeeded
8910,859,788,2025-02-04,199,succeeded
8911,859,788,2025-03-03,199,succeeded
8912,859,788,2025-04-02,199,succeeded
8913,859,788,2025-05-02,199,succeeded
8914,859,788,2025-06-02,199,succeeded
8915,859,788,2025-07-05,199,succeeded
8916,859,788,2025-08-03,199,succeeded
8917,859,788,2025-09-04,199,succeeded
8918,859,788,2025-10-01,199,succeeded
8919,859,788,2025-11-01,199,succeeded
8920,859,788,2025-12-03,199,succeeded
8921,859,788,2026-01-01,199,succeeded
8922,859,788,2026-02-02,199,succeeded
8923,859,788,2026-03-05,199,succeeded
8924,859,788,2026-04-02,199,succeeded
8925,859,788,2026-05-03,199,succeeded
8926,859,788,2026-06-04,199,succeeded
8927,860,789,2025-11-11,49,succeeded
8928,861,790,2025-03-13,49,succeeded
8929,861,790,2025-04-16,49,succeeded
8930,862,791,2024-11-06,199,succeeded
8931,862,791,2024-12-10,199,succeeded
8932,862,791,2025-01-07,199,succeeded
8933,862,791,2025-02-09,199,succeeded
8934,862,791,2025-03-10,199,succeeded
8935,863,792,2024-03-01,199,succeeded
8936,863,792,2024-03-29,199,failed
8937,863,792,2024-04-03,199,succeeded
8938,863,792,2024-04-26,199,succeeded
8939,863,792,2024-05-27,199,succeeded
8940,863,792,2024-06-28,199,succeeded
8941,863,792,2024-07-26,199,succeeded
8942,863,792,2024-08-30,199,succeeded
8943,863,792,2024-09-28,199,succeeded
8944,863,792,2024-10-27,199,succeeded
8945,863,792,2024-11-26,199,succeeded
8946,863,792,2024-12-30,199,succeeded
8947,863,792,2025-01-27,199,succeeded
8948,863,792,2025-03-02,199,succeeded
8949,863,792,2025-03-26,199,failed
8950,863,792,2025-03-30,199,succeeded
8951,863,792,2025-04-29,199,succeeded
8952,863,792,2025-05-27,199,succeeded
8953,863,792,2025-06-30,199,succeeded
8954,864,792,2025-07-04,49,succeeded
8955,864,792,2025-08-01,49,succeeded
8956,864,792,2025-09-02,49,succeeded
8957,864,792,2025-10-01,49,succeeded
8958,864,792,2025-11-04,49,succeeded
8959,864,792,2025-12-02,49,succeeded
8960,864,792,2026-01-05,49,succeeded
8961,864,792,2026-02-01,49,succeeded
8962,864,792,2026-03-03,49,succeeded
8963,864,792,2026-04-02,49,succeeded
8964,864,792,2026-05-04,49,succeeded
8965,864,792,2026-06-02,49,succeeded
8966,865,793,2024-02-24,199,succeeded
8967,865,793,2024-03-25,199,succeeded
8968,865,793,2024-04-25,199,succeeded
8969,865,793,2024-05-23,199,succeeded
8970,865,793,2024-06-21,199,succeeded
8971,865,793,2024-07-24,199,succeeded
8972,865,793,2024-08-23,199,succeeded
8973,865,793,2024-09-21,199,succeeded
8974,865,793,2024-10-21,199,succeeded
8975,865,793,2024-11-24,199,succeeded
8976,865,793,2024-12-24,199,succeeded
8977,865,793,2025-01-22,199,succeeded
8978,865,793,2025-02-25,199,succeeded
8979,865,793,2025-03-23,199,succeeded
8980,865,793,2025-04-25,199,succeeded
8981,865,793,2025-05-25,199,succeeded
8982,865,793,2025-06-21,199,succeeded
8983,865,793,2025-07-23,199,succeeded
8984,865,793,2025-08-21,199,succeeded
8985,865,793,2025-09-21,199,succeeded
8986,865,793,2025-10-24,199,succeeded
8987,865,793,2025-11-21,199,succeeded
8988,865,793,2025-12-21,199,succeeded
8989,865,793,2026-01-24,199,succeeded
8990,865,793,2026-02-21,199,succeeded
8991,865,793,2026-03-21,199,succeeded
8992,865,793,2026-04-25,199,succeeded
8993,865,793,2026-05-21,199,succeeded
8994,865,793,2026-06-21,199,succeeded
8995,866,794,2026-06-18,199,succeeded
8996,867,795,2025-11-16,199,succeeded
8997,867,795,2025-12-19,199,succeeded
8998,867,795,2026-01-18,199,succeeded
8999,867,795,2026-02-19,199,succeeded
9000,867,795,2026-03-17,199,succeeded
9001,867,795,2026-04-19,199,failed
9002,867,795,2026-04-23,199,succeeded
9003,867,795,2026-05-17,199,succeeded
9004,867,795,2026-06-18,199,succeeded
9005,868,796,2025-07-22,799,succeeded
9006,868,796,2025-08-22,799,succeeded
9007,869,796,2025-09-02,199,succeeded
9008,869,796,2025-10-05,199,succeeded
9009,869,796,2025-11-04,199,succeeded
9010,869,796,2025-12-01,199,succeeded
9011,869,796,2026-01-03,199,succeeded
9012,869,796,2026-02-03,199,succeeded
9013,869,796,2026-03-02,199,succeeded
9014,869,796,2026-04-05,199,succeeded
9015,869,796,2026-05-01,199,succeeded
9016,869,796,2026-06-04,199,succeeded
9017,870,797,2024-05-06,799,succeeded
9018,870,797,2024-06-07,799,succeeded
9019,870,797,2024-07-07,799,failed
9020,870,797,2024-07-13,799,succeeded
9021,870,797,2024-08-05,799,succeeded
9022,870,797,2024-09-07,799,succeeded
9023,870,797,2024-10-06,799,failed
9024,870,797,2024-10-12,799,succeeded
9025,870,797,2024-11-05,799,succeeded
9026,870,797,2024-12-07,799,succeeded
9027,870,797,2025-01-06,799,succeeded
9028,870,797,2025-02-07,799,succeeded
9029,870,797,2025-03-07,799,succeeded
9030,870,797,2025-04-08,799,succeeded
9031,870,797,2025-05-06,799,succeeded
9032,870,797,2025-06-05,799,succeeded
9033,870,797,2025-07-04,799,succeeded
9034,870,797,2025-08-07,799,succeeded
9035,870,797,2025-09-07,799,succeeded
9036,870,797,2025-10-07,799,succeeded
9037,870,797,2025-11-04,799,succeeded
9038,870,797,2025-12-06,799,succeeded
9039,870,797,2026-01-08,799,succeeded
9040,870,797,2026-02-08,799,succeeded
9041,870,797,2026-03-04,799,succeeded
9042,870,797,2026-04-07,799,succeeded
9043,870,797,2026-05-05,799,succeeded
9044,870,797,2026-06-05,799,succeeded
9045,871,798,2025-10-02,199,failed
9046,871,798,2025-10-28,199,succeeded
9047,871,798,2025-12-02,199,succeeded
9048,871,798,2025-12-29,199,succeeded
9049,871,798,2026-01-31,199,succeeded
9050,871,798,2026-03-04,199,succeeded
9051,871,798,2026-03-29,199,succeeded
9052,871,798,2026-04-29,199,succeeded
9053,871,798,2026-05-31,199,succeeded
9054,871,798,2026-07-01,199,succeeded
9055,872,799,2026-03-22,199,succeeded
9056,872,799,2026-04-21,199,succeeded
9057,872,799,2026-05-23,199,succeeded
9058,872,799,2026-06-22,199,succeeded
9059,873,800,2023-12-23,49,succeeded
9060,873,800,2024-01-25,49,succeeded
9061,874,801,2025-08-15,49,succeeded
9062,874,801,2025-09-11,49,failed
9063,874,801,2025-09-15,49,succeeded
9064,874,801,2025-10-11,49,succeeded
9065,874,801,2025-11-13,49,succeeded
9066,874,801,2025-12-11,49,succeeded
9067,874,801,2026-01-12,49,succeeded
9068,874,801,2026-02-13,49,succeeded
9069,874,801,2026-03-14,49,succeeded
9070,874,801,2026-04-15,49,succeeded
9071,874,801,2026-05-15,49,succeeded
9072,874,801,2026-06-13,49,succeeded
9073,875,802,2026-02-28,49,succeeded
9074,875,802,2026-03-27,49,succeeded
9075,875,802,2026-04-26,49,succeeded
9076,875,802,2026-05-25,49,succeeded
9077,875,802,2026-06-25,49,succeeded
9078,876,803,2023-11-26,49,succeeded
9079,876,803,2023-12-25,49,succeeded
9080,876,803,2024-01-27,49,succeeded
9081,876,803,2024-02-25,49,succeeded
9082,876,803,2024-03-25,49,succeeded
9083,876,803,2024-04-25,49,succeeded
9084,876,803,2024-05-29,49,succeeded
9085,876,803,2024-06-25,49,succeeded
9086,876,803,2024-07-29,49,succeeded
9087,877,804,2024-04-18,799,succeeded
9088,877,804,2024-05-17,799,succeeded
9089,877,804,2024-06-17,799,succeeded
9090,877,804,2024-07-14,799,succeeded
9091,877,804,2024-08-16,799,succeeded
9092,877,804,2024-09-15,799,succeeded
9093,877,804,2024-10-16,799,succeeded
9094,877,804,2024-11-17,799,succeeded
9095,877,804,2024-12-16,799,succeeded
9096,877,804,2025-01-17,799,succeeded
9097,877,804,2025-02-14,799,succeeded
9098,877,804,2025-03-14,799,succeeded
9099,877,804,2025-04-16,799,succeeded
9100,877,804,2025-05-14,799,succeeded
9101,877,804,2025-06-18,799,succeeded
9102,877,804,2025-07-18,799,succeeded
9103,877,804,2025-08-18,799,succeeded
9104,877,804,2025-09-16,799,succeeded
9105,877,804,2025-10-16,799,succeeded
9106,877,804,2025-11-15,799,succeeded
9107,877,804,2025-12-17,799,succeeded
9108,877,804,2026-01-18,799,succeeded
9109,877,804,2026-02-15,799,succeeded
9110,877,804,2026-03-18,799,succeeded
9111,877,804,2026-04-17,799,succeeded
9112,877,804,2026-05-15,799,succeeded
9113,877,804,2026-06-14,799,succeeded
9114,878,805,2025-04-28,49,succeeded
9115,878,805,2025-05-24,49,succeeded
9116,878,805,2025-06-27,49,succeeded
9117,878,805,2025-07-24,49,succeeded
9118,878,805,2025-08-28,49,succeeded
9119,878,805,2025-09-27,49,succeeded
9120,878,805,2025-10-25,49,succeeded
9121,878,805,2025-11-25,49,succeeded
9122,878,805,2025-12-25,49,succeeded
9123,878,805,2026-01-28,49,succeeded
9124,878,805,2026-02-28,49,succeeded
9125,878,805,2026-03-25,49,succeeded
9126,878,805,2026-04-25,49,succeeded
9127,878,805,2026-05-28,49,succeeded
9128,878,805,2026-06-24,49,succeeded
9129,879,806,2024-02-18,49,succeeded
9130,879,806,2024-03-17,49,succeeded
9131,879,806,2024-04-18,49,failed
9132,879,806,2024-05-17,49,succeeded
9133,879,806,2024-06-20,49,succeeded
9134,879,806,2024-07-19,49,succeeded
9135,879,806,2024-08-20,49,succeeded
9136,879,806,2024-09-19,49,succeeded
9137,879,806,2024-10-19,49,succeeded
9138,879,806,2024-11-20,49,succeeded
9139,879,806,2024-12-17,49,succeeded
9140,879,806,2025-01-18,49,succeeded
9141,879,806,2025-02-18,49,succeeded
9142,879,806,2025-03-21,49,succeeded
9143,879,806,2025-04-18,49,succeeded
9144,879,806,2025-05-18,49,succeeded
9145,879,806,2025-06-18,49,succeeded
9146,879,806,2025-07-19,49,failed
9147,879,806,2025-07-23,49,succeeded
9148,879,806,2025-08-18,49,succeeded
9149,880,806,2025-09-05,199,succeeded
9150,880,806,2025-10-05,199,failed
9151,880,806,2025-10-11,199,succeeded
9152,880,806,2025-11-03,199,succeeded
9153,880,806,2025-12-01,199,succeeded
9154,880,806,2026-01-03,199,succeeded
9155,881,807,2025-05-09,199,succeeded
9156,881,807,2025-06-09,199,succeeded
9157,881,807,2025-07-12,199,succeeded
9158,881,807,2025-08-09,199,succeeded
9159,881,807,2025-09-11,199,succeeded
9160,882,807,2025-10-03,799,succeeded
9161,882,807,2025-11-02,799,succeeded
9162,882,807,2025-12-03,799,succeeded
9163,882,807,2026-01-05,799,succeeded
9164,882,807,2026-02-01,799,succeeded
9165,882,807,2026-03-05,799,succeeded
9166,882,807,2026-04-01,799,succeeded
9167,882,807,2026-05-04,799,succeeded
9168,882,807,2026-06-02,799,succeeded
9169,883,808,2024-06-19,49,succeeded
9170,883,808,2024-07-20,49,succeeded
9171,883,808,2024-08-19,49,succeeded
9172,883,808,2024-09-21,49,succeeded
9173,883,808,2024-10-18,49,succeeded
9174,883,808,2024-11-21,49,succeeded
9175,883,808,2024-12-19,49,succeeded
9176,883,808,2025-01-20,49,succeeded
9177,883,808,2025-02-17,49,succeeded
9178,883,808,2025-03-17,49,succeeded
9179,883,808,2025-04-21,49,succeeded
9180,883,808,2025-05-18,49,succeeded
9181,884,809,2024-02-12,199,succeeded
9182,884,809,2024-03-11,199,succeeded
9183,884,809,2024-04-11,199,succeeded
9184,884,809,2024-05-11,199,succeeded
9185,884,809,2024-06-10,199,succeeded
9186,884,809,2024-07-11,199,succeeded
9187,884,809,2024-08-11,199,failed
9188,884,809,2024-08-16,199,succeeded
9189,884,809,2024-09-12,199,failed
9190,884,809,2024-09-18,199,succeeded
9191,884,809,2024-10-13,199,failed
9192,884,809,2024-11-10,199,succeeded
9193,884,809,2024-12-10,199,succeeded
9194,884,809,2025-01-10,199,succeeded
9195,884,809,2025-02-14,199,succeeded
9196,884,809,2025-03-13,199,succeeded
9197,884,809,2025-04-13,199,succeeded
9198,884,809,2025-05-14,199,succeeded
9199,884,809,2025-06-14,199,succeeded
9200,884,809,2025-07-14,199,succeeded
9201,884,809,2025-08-12,199,succeeded
9202,884,809,2025-09-12,199,succeeded
9203,884,809,2025-10-14,199,succeeded
9204,884,809,2025-11-12,199,failed
9205,884,809,2025-11-17,199,succeeded
9206,884,809,2025-12-14,199,failed
9207,884,809,2025-12-20,199,succeeded
9208,884,809,2026-01-10,199,succeeded
9209,884,809,2026-02-12,199,succeeded
9210,884,809,2026-03-10,199,succeeded
9211,884,809,2026-04-13,199,succeeded
9212,884,809,2026-05-13,199,succeeded
9213,884,809,2026-06-12,199,succeeded
9214,885,810,2026-01-26,799,succeeded
9215,885,810,2026-02-25,799,succeeded
9216,885,810,2026-03-26,799,succeeded
9217,885,810,2026-04-22,799,succeeded
9218,885,810,2026-05-26,799,succeeded
9219,885,810,2026-06-23,799,succeeded
9220,886,811,2025-03-26,199,succeeded
9221,886,811,2025-04-26,199,succeeded
9222,886,811,2025-05-29,199,succeeded
9223,886,811,2025-06-29,199,succeeded
9224,886,811,2025-07-29,199,succeeded
9225,886,811,2025-08-28,199,succeeded
9226,886,811,2025-09-25,199,succeeded
9227,886,811,2025-10-25,199,succeeded
9228,886,811,2025-11-29,199,succeeded
9229,886,811,2025-12-26,199,succeeded
9230,886,811,2026-01-26,199,failed
9231,886,811,2026-02-26,199,succeeded
9232,886,811,2026-03-26,199,succeeded
9233,886,811,2026-04-29,199,succeeded
9234,886,811,2026-05-28,199,succeeded
9235,886,811,2026-06-27,199,succeeded
9236,887,812,2025-08-05,199,succeeded
9237,887,812,2025-09-04,199,succeeded
9238,887,812,2025-10-05,199,succeeded
9239,887,812,2025-11-03,199,succeeded
9240,887,812,2025-12-04,199,succeeded
9241,887,812,2026-01-05,199,succeeded
9242,887,812,2026-02-05,199,succeeded
9243,887,812,2026-03-05,199,failed
9244,887,812,2026-03-11,199,succeeded
9245,887,812,2026-04-05,199,succeeded
9246,887,812,2026-05-02,199,succeeded
9247,887,812,2026-06-03,199,succeeded
9248,888,813,2024-09-05,49,succeeded
9249,888,813,2024-10-04,49,succeeded
9250,888,813,2024-11-05,49,succeeded
9251,888,813,2024-12-02,49,succeeded
9252,888,813,2025-01-02,49,succeeded
9253,888,813,2025-02-02,49,succeeded
9254,888,813,2025-03-04,49,succeeded
9255,888,813,2025-04-03,49,succeeded
9256,888,813,2025-05-03,49,succeeded
9257,888,813,2025-06-01,49,succeeded
9258,888,813,2025-07-05,49,succeeded
9259,888,813,2025-08-02,49,succeeded
9260,888,813,2025-09-05,49,succeeded
9261,888,813,2025-10-02,49,succeeded
9262,888,813,2025-11-04,49,failed
9263,888,813,2025-11-07,49,succeeded
9264,888,813,2025-12-04,49,succeeded
9265,888,813,2026-01-05,49,succeeded
9266,888,813,2026-02-04,49,succeeded
9267,888,813,2026-03-04,49,succeeded
9268,888,813,2026-04-02,49,succeeded
9269,888,813,2026-05-01,49,succeeded
9270,888,813,2026-06-02,49,succeeded
9271,889,814,2025-06-30,49,succeeded
9272,889,814,2025-07-26,49,succeeded
9273,889,814,2025-08-27,49,succeeded
9274,889,814,2025-09-30,49,succeeded
9275,889,814,2025-10-29,49,succeeded
9276,889,814,2025-11-26,49,succeeded
9277,889,814,2025-12-28,49,succeeded
9278,889,814,2026-01-28,49,succeeded
9279,889,814,2026-02-26,49,succeeded
9280,889,814,2026-03-28,49,succeeded
9281,889,814,2026-04-26,49,succeeded
9282,889,814,2026-05-27,49,succeeded
9283,889,814,2026-06-28,49,succeeded
9284,890,815,2025-08-22,49,failed
9285,890,815,2025-08-24,49,succeeded
9286,890,815,2025-09-21,49,succeeded
9287,890,815,2025-10-22,49,succeeded
9288,890,815,2025-11-21,49,succeeded
9289,890,815,2025-12-23,49,succeeded
9290,890,815,2026-01-20,49,succeeded
9291,890,815,2026-02-20,49,succeeded
9292,891,816,2025-09-27,49,succeeded
9293,892,817,2026-04-06,49,succeeded
9294,892,817,2026-05-06,49,succeeded
9295,892,817,2026-06-07,49,succeeded
9296,893,818,2024-01-23,49,succeeded
9297,893,818,2024-02-22,49,succeeded
9298,893,818,2024-03-22,49,succeeded
9299,893,818,2024-04-23,49,succeeded
9300,893,818,2024-05-23,49,succeeded
9301,893,818,2024-06-26,49,succeeded
9302,893,818,2024-07-24,49,succeeded
9303,894,819,2025-07-18,199,succeeded
9304,894,819,2025-08-18,199,succeeded
9305,894,819,2025-09-18,199,succeeded
9306,894,819,2025-10-21,199,succeeded
9307,894,819,2025-11-21,199,succeeded
9308,894,819,2025-12-17,199,succeeded
9309,894,819,2026-01-20,199,succeeded
9310,894,819,2026-02-18,199,succeeded
9311,894,819,2026-03-19,199,succeeded
9312,894,819,2026-04-17,199,succeeded
9313,894,819,2026-05-21,199,succeeded
9314,894,819,2026-06-17,199,succeeded
9315,895,820,2026-05-05,49,succeeded
9316,895,820,2026-06-08,49,succeeded
9317,896,821,2024-09-05,49,succeeded
9318,896,821,2024-10-07,49,succeeded
9319,896,821,2024-11-08,49,succeeded
9320,896,821,2024-12-06,49,succeeded
9321,896,821,2025-01-04,49,succeeded
9322,896,821,2025-02-06,49,succeeded
9323,896,821,2025-03-08,49,succeeded
9324,896,821,2025-04-06,49,succeeded
9325,896,821,2025-05-06,49,succeeded
9326,896,821,2025-06-07,49,succeeded
9327,896,821,2025-07-08,49,succeeded
9328,896,821,2025-08-05,49,succeeded
9329,896,821,2025-09-04,49,succeeded
9330,896,821,2025-10-04,49,succeeded
9331,896,821,2025-11-05,49,succeeded
9332,896,821,2025-12-04,49,succeeded
9333,896,821,2026-01-07,49,succeeded
9334,897,822,2024-01-21,799,succeeded
9335,897,822,2024-02-18,799,succeeded
9336,897,822,2024-03-20,799,succeeded
9337,897,822,2024-04-19,799,succeeded
9338,897,822,2024-05-18,799,succeeded
9339,898,822,2024-06-01,199,succeeded
9340,898,822,2024-07-05,199,succeeded
9341,898,822,2024-08-03,199,succeeded
9342,898,822,2024-09-04,199,succeeded
9343,898,822,2024-10-01,199,succeeded
9344,898,822,2024-11-02,199,failed
9345,899,823,2026-03-04,49,succeeded
9346,899,823,2026-04-04,49,succeeded
9347,899,823,2026-05-02,49,succeeded
9348,899,823,2026-06-02,49,succeeded
9349,900,824,2026-04-15,199,succeeded
9350,900,824,2026-05-12,199,succeeded
9351,900,824,2026-06-13,199,succeeded
9352,901,825,2025-07-30,49,succeeded
9353,901,825,2025-08-29,49,succeeded
9354,901,825,2025-09-29,49,succeeded
9355,901,825,2025-10-31,49,succeeded
9356,901,825,2025-11-30,49,failed
9357,901,825,2025-12-05,49,succeeded
9358,901,825,2025-12-30,49,succeeded
9359,901,825,2026-01-30,49,succeeded
9360,901,825,2026-03-01,49,succeeded
9361,901,825,2026-03-29,49,succeeded
9362,901,825,2026-04-30,49,succeeded
9363,901,825,2026-05-31,49,succeeded
9364,901,825,2026-06-28,49,succeeded
9365,902,826,2025-04-18,199,succeeded
9366,902,826,2025-05-19,199,succeeded
9367,902,826,2025-06-19,199,succeeded
9368,902,826,2025-07-17,199,succeeded
9369,903,827,2025-08-08,799,succeeded
9370,903,827,2025-09-12,799,succeeded
9371,903,827,2025-10-11,799,succeeded
9372,903,827,2025-11-08,799,succeeded
9373,903,827,2025-12-09,799,succeeded
9374,903,827,2026-01-09,799,succeeded
9375,903,827,2026-02-12,799,succeeded
9376,903,827,2026-03-12,799,succeeded
9377,903,827,2026-04-09,799,succeeded
9378,903,827,2026-05-11,799,succeeded
9379,903,827,2026-06-08,799,succeeded
9380,904,828,2024-02-06,199,succeeded
9381,904,828,2024-03-05,199,succeeded
9382,904,828,2024-04-08,199,succeeded
9383,905,828,2024-05-05,49,succeeded
9384,905,828,2024-06-05,49,succeeded
9385,905,828,2024-07-01,49,failed
9386,905,828,2024-07-03,49,succeeded
9387,905,828,2024-08-02,49,succeeded
9388,905,828,2024-09-03,49,succeeded
9389,905,828,2024-10-03,49,succeeded
9390,905,828,2024-11-01,49,succeeded
9391,905,828,2024-12-02,49,succeeded
9392,905,828,2025-01-03,49,succeeded
9393,905,828,2025-02-03,49,succeeded
9394,905,828,2025-03-03,49,succeeded
9395,905,828,2025-04-05,49,succeeded
9396,905,828,2025-05-01,49,succeeded
9397,905,828,2025-06-03,49,failed
9398,905,828,2025-07-04,49,succeeded
9399,905,828,2025-08-01,49,succeeded
9400,905,828,2025-09-03,49,succeeded
9401,905,828,2025-10-01,49,succeeded
9402,905,828,2025-11-04,49,succeeded
9403,906,829,2025-03-28,799,succeeded
9404,906,829,2025-04-28,799,succeeded
9405,906,829,2025-05-29,799,succeeded
9406,906,829,2025-06-30,799,succeeded
9407,906,829,2025-07-28,799,succeeded
9408,906,829,2025-08-30,799,succeeded
9409,906,829,2025-09-29,799,succeeded
9410,906,829,2025-10-29,799,succeeded
9411,906,829,2025-11-28,799,succeeded
9412,906,829,2025-12-27,799,succeeded
9413,906,829,2026-01-29,799,succeeded
9414,906,829,2026-03-01,799,succeeded
9415,906,829,2026-03-29,799,succeeded
9416,906,829,2026-04-30,799,succeeded
9417,906,829,2026-05-30,799,succeeded
9418,906,829,2026-06-26,799,succeeded
9419,907,830,2025-09-26,199,succeeded
9420,907,830,2025-10-28,199,succeeded
9421,908,830,2025-11-04,799,succeeded
9422,908,830,2025-12-01,799,succeeded
9423,908,830,2026-01-01,799,succeeded
9424,908,830,2026-02-02,799,succeeded
9425,908,830,2026-03-02,799,failed
9426,908,830,2026-03-04,799,succeeded
9427,908,830,2026-04-03,799,succeeded
9428,908,830,2026-05-03,799,succeeded
9429,908,830,2026-06-03,799,succeeded
9430,910,832,2025-05-24,199,succeeded
9431,910,832,2025-06-27,199,succeeded
9432,910,832,2025-07-28,199,succeeded
9433,911,833,2024-02-13,199,succeeded
9434,911,833,2024-03-17,199,succeeded
9435,911,833,2024-04-17,199,succeeded
9436,911,833,2024-05-16,199,succeeded
9437,911,833,2024-06-16,199,succeeded
9438,911,833,2024-07-13,199,succeeded
9439,911,833,2024-08-17,199,succeeded
9440,911,833,2024-09-13,199,succeeded
9441,911,833,2024-10-13,199,succeeded
9442,911,833,2024-11-15,199,succeeded
9443,911,833,2024-12-13,199,succeeded
9444,911,833,2025-01-15,199,succeeded
9445,911,833,2025-02-14,199,succeeded
9446,911,833,2025-03-17,199,succeeded
9447,911,833,2025-04-13,199,succeeded
9448,911,833,2025-05-15,199,succeeded
9449,911,833,2025-06-14,199,succeeded
9450,911,833,2025-07-15,199,succeeded
9451,911,833,2025-08-13,199,succeeded
9452,911,833,2025-09-13,199,failed
9453,911,833,2025-09-15,199,succeeded
9454,911,833,2025-10-15,199,succeeded
9455,911,833,2025-11-13,199,failed
9456,911,833,2025-11-16,199,succeeded
9457,911,833,2025-12-14,199,succeeded
9458,911,833,2026-01-13,199,succeeded
9459,911,833,2026-02-14,199,succeeded
9460,911,833,2026-03-17,199,succeeded
9461,911,833,2026-04-16,199,succeeded
9462,911,833,2026-05-14,199,succeeded
9463,911,833,2026-06-15,199,succeeded
9464,912,834,2024-07-18,199,succeeded
9465,912,834,2024-08-18,199,succeeded
9466,912,834,2024-09-18,199,succeeded
9467,912,834,2024-10-18,199,succeeded
9468,912,834,2024-11-18,199,succeeded
9469,912,834,2024-12-17,199,succeeded
9470,912,834,2025-01-17,199,succeeded
9471,912,834,2025-02-17,199,succeeded
9472,912,834,2025-03-20,199,succeeded
9473,912,834,2025-04-19,199,succeeded
9474,912,834,2025-05-20,199,succeeded
9475,912,834,2025-06-18,199,succeeded
9476,912,834,2025-07-19,199,failed
9477,912,834,2025-07-23,199,succeeded
9478,912,834,2025-08-20,199,succeeded
9479,912,834,2025-09-17,199,succeeded
9480,912,834,2025-10-20,199,succeeded
9481,912,834,2025-11-17,199,succeeded
9482,912,834,2025-12-17,199,succeeded
9483,912,834,2026-01-18,199,failed
9484,912,834,2026-01-20,199,succeeded
9485,912,834,2026-02-18,199,succeeded
9486,912,834,2026-03-19,199,succeeded
9487,912,834,2026-04-18,199,succeeded
9488,912,834,2026-05-17,199,succeeded
9489,912,834,2026-06-18,199,succeeded
9490,913,835,2026-05-09,199,succeeded
9491,913,835,2026-06-08,199,succeeded
9492,914,836,2024-07-08,799,succeeded
9493,914,836,2024-08-07,799,succeeded
9494,914,836,2024-09-05,799,succeeded
9495,914,836,2024-10-08,799,succeeded
9496,914,836,2024-11-08,799,succeeded
9497,914,836,2024-12-08,799,succeeded
9498,914,836,2025-01-06,799,succeeded
9499,914,836,2025-02-04,799,succeeded
9500,914,836,2025-03-04,799,succeeded
9501,914,836,2025-04-07,799,succeeded
9502,914,836,2025-05-07,799,succeeded
9503,914,836,2025-06-04,799,succeeded
9504,914,836,2025-07-05,799,succeeded
9505,914,836,2025-08-07,799,succeeded
9506,914,836,2025-09-05,799,succeeded
9507,914,836,2025-10-05,799,succeeded
9508,914,836,2025-11-08,799,succeeded
9509,914,836,2025-12-05,799,succeeded
9510,914,836,2026-01-04,799,succeeded
9511,914,836,2026-02-04,799,succeeded
9512,914,836,2026-03-05,799,succeeded
9513,914,836,2026-04-04,799,succeeded
9514,914,836,2026-05-04,799,succeeded
9515,914,836,2026-06-06,799,succeeded
9516,915,837,2025-08-17,199,succeeded
9517,915,837,2025-09-19,199,succeeded
9518,916,838,2025-05-01,49,succeeded
9519,916,838,2025-06-01,49,succeeded
9520,916,838,2025-06-30,49,succeeded
9521,916,838,2025-07-29,49,succeeded
9522,916,838,2025-08-31,49,succeeded
9523,917,839,2025-11-20,799,succeeded
9524,917,839,2025-12-19,799,succeeded
9525,917,839,2026-01-16,799,succeeded
9526,917,839,2026-02-16,799,succeeded
9527,917,839,2026-03-20,799,failed
9528,917,839,2026-03-24,799,succeeded
9529,917,839,2026-04-20,799,succeeded
9530,917,839,2026-05-16,799,succeeded
9531,917,839,2026-06-16,799,succeeded
9532,918,840,2023-10-07,49,succeeded
9533,918,840,2023-11-06,49,succeeded
9534,918,840,2023-12-06,49,succeeded
9535,918,840,2024-01-06,49,succeeded
9536,919,841,2026-06-21,199,succeeded
9537,920,842,2026-03-29,199,succeeded
9538,920,842,2026-05-01,199,succeeded
9539,920,842,2026-05-30,199,succeeded
9540,920,842,2026-06-30,199,succeeded
9541,921,843,2025-02-17,199,succeeded
9542,921,843,2025-03-17,199,succeeded
9543,921,843,2025-04-16,199,succeeded
9544,921,843,2025-05-18,199,failed
9545,921,843,2025-06-17,199,succeeded
9546,921,843,2025-07-15,199,succeeded
9547,921,843,2025-08-15,199,failed
9548,921,843,2025-08-18,199,succeeded
9549,921,843,2025-09-16,199,succeeded
9550,921,843,2025-10-18,199,succeeded
9551,921,843,2025-11-15,199,succeeded
9552,921,843,2025-12-14,199,succeeded
9553,921,843,2026-01-14,199,succeeded
9554,921,843,2026-02-16,199,succeeded
9555,921,843,2026-03-14,199,succeeded
9556,921,843,2026-04-15,199,succeeded
9557,921,843,2026-05-14,199,succeeded
9558,921,843,2026-06-15,199,succeeded
9559,922,844,2025-10-24,49,succeeded
9560,922,844,2025-11-21,49,succeeded
9561,922,844,2025-12-25,49,succeeded
9562,922,844,2026-01-25,49,succeeded
9563,922,844,2026-02-23,49,succeeded
9564,922,844,2026-03-22,49,succeeded
9565,922,844,2026-04-24,49,succeeded
9566,922,844,2026-05-23,49,succeeded
9567,922,844,2026-06-23,49,succeeded
9568,923,845,2025-09-05,49,succeeded
9569,923,845,2025-10-04,49,succeeded
9570,923,845,2025-11-03,49,succeeded
9571,923,845,2025-12-03,49,succeeded
9572,923,845,2026-01-06,49,succeeded
9573,923,845,2026-02-05,49,succeeded
9574,923,845,2026-03-02,49,succeeded
9575,924,846,2025-07-28,199,succeeded
9576,924,846,2025-09-01,199,succeeded
9577,924,846,2025-09-29,199,succeeded
9578,924,846,2025-10-30,199,succeeded
9579,924,846,2025-11-30,199,succeeded
9580,924,846,2025-12-28,199,succeeded
9581,924,846,2026-01-29,199,succeeded
9582,924,846,2026-03-04,199,succeeded
9583,925,846,2026-03-02,799,succeeded
9584,925,846,2026-04-03,799,succeeded
9585,925,846,2026-05-01,799,succeeded
9586,925,846,2026-06-01,799,succeeded
9587,926,847,2026-06-10,199,succeeded
9588,927,848,2026-05-25,199,succeeded
9589,927,848,2026-06-22,199,failed
9590,927,848,2026-06-25,199,succeeded
9591,928,849,2026-01-30,49,succeeded
9592,928,849,2026-02-26,49,succeeded
9593,928,849,2026-03-27,49,succeeded
9594,928,849,2026-04-27,49,succeeded
9595,928,849,2026-05-28,49,succeeded
9596,928,849,2026-06-26,49,succeeded
9597,929,850,2024-09-04,799,succeeded
9598,929,850,2024-10-08,799,succeeded
9599,929,850,2024-11-08,799,succeeded
9600,929,850,2024-12-07,799,succeeded
9601,929,850,2025-01-05,799,succeeded
9602,929,850,2025-02-05,799,succeeded
9603,929,850,2025-03-07,799,succeeded
9604,929,850,2025-04-08,799,failed
9605,929,850,2025-04-13,799,succeeded
9606,929,850,2025-05-07,799,succeeded
9607,929,850,2025-06-08,799,succeeded
9608,929,850,2025-07-08,799,succeeded
9609,929,850,2025-08-05,799,succeeded
9610,929,850,2025-09-08,799,succeeded
9611,929,850,2025-10-06,799,succeeded
9612,929,850,2025-11-07,799,succeeded
9613,929,850,2025-12-07,799,succeeded
9614,929,850,2026-01-05,799,succeeded
9615,929,850,2026-02-05,799,succeeded
9616,929,850,2026-03-06,799,succeeded
9617,929,850,2026-04-07,799,succeeded
9618,929,850,2026-05-07,799,succeeded
9619,929,850,2026-06-07,799,succeeded
9620,930,851,2025-08-17,49,succeeded
9621,930,851,2025-09-15,49,succeeded
9622,930,851,2025-10-15,49,succeeded
9623,930,851,2025-11-16,49,succeeded
9624,930,851,2025-12-14,49,succeeded
9625,930,851,2026-01-14,49,succeeded
9626,930,851,2026-02-18,49,succeeded
9627,930,851,2026-03-15,49,succeeded
9628,930,851,2026-04-14,49,succeeded
9629,931,852,2023-11-24,799,succeeded
9630,931,852,2023-12-23,799,succeeded
9631,931,852,2024-01-20,799,succeeded
9632,931,852,2024-02-23,799,succeeded
9633,931,852,2024-03-22,799,succeeded
9634,931,852,2024-04-24,799,succeeded
9635,931,852,2024-05-23,799,failed
9636,931,852,2024-05-26,799,succeeded
9637,931,852,2024-06-22,799,succeeded
9638,931,852,2024-07-21,799,succeeded
9639,931,852,2024-08-21,799,succeeded
9640,931,852,2024-09-21,799,succeeded
9641,931,852,2024-10-23,799,succeeded
9642,931,852,2024-11-20,799,succeeded
9643,931,852,2024-12-21,799,succeeded
9644,931,852,2025-01-22,799,succeeded
9645,931,852,2025-02-20,799,succeeded
9646,931,852,2025-03-24,799,succeeded
9647,931,852,2025-04-20,799,succeeded
9648,931,852,2025-05-22,799,succeeded
9649,931,852,2025-06-22,799,succeeded
9650,931,852,2025-07-20,799,succeeded
9651,931,852,2025-08-20,799,succeeded
9652,931,852,2025-09-24,799,succeeded
9653,931,852,2025-10-20,799,succeeded
9654,931,852,2025-11-20,799,succeeded
9655,931,852,2025-12-22,799,succeeded
9656,931,852,2026-01-20,799,succeeded
9657,931,852,2026-02-22,799,succeeded
9658,931,852,2026-03-22,799,succeeded
9659,931,852,2026-04-22,799,succeeded
9660,931,852,2026-05-23,799,succeeded
9661,931,852,2026-06-20,799,failed
9662,931,852,2026-06-26,799,succeeded
9663,932,853,2025-08-07,799,succeeded
9664,932,853,2025-09-11,799,succeeded
9665,932,853,2025-10-08,799,succeeded
9666,932,853,2025-11-11,799,succeeded
9667,932,853,2025-12-07,799,succeeded
9668,932,853,2026-01-11,799,succeeded
9669,932,853,2026-02-07,799,succeeded
9670,932,853,2026-03-11,799,succeeded
9671,932,853,2026-04-08,799,succeeded
9672,932,853,2026-05-10,799,succeeded
9673,932,853,2026-06-09,799,succeeded
9674,933,854,2026-01-03,199,succeeded
9675,933,854,2026-02-02,199,succeeded
9676,933,854,2026-03-04,199,succeeded
9677,933,854,2026-04-04,199,succeeded
9678,933,854,2026-05-04,199,succeeded
9679,933,854,2026-06-04,199,succeeded
9680,934,855,2025-04-20,49,succeeded
9681,934,855,2025-05-20,49,succeeded
9682,934,855,2025-06-20,49,succeeded
9683,934,855,2025-07-22,49,succeeded
9684,934,855,2025-08-22,49,succeeded
9685,934,855,2025-09-22,49,succeeded
9686,934,855,2025-10-23,49,succeeded
9687,935,856,2024-03-04,49,succeeded
9688,935,856,2024-04-04,49,succeeded
9689,935,856,2024-05-04,49,succeeded
9690,935,856,2024-06-04,49,succeeded
9691,935,856,2024-07-08,49,succeeded
9692,935,856,2024-08-06,49,succeeded
9693,935,856,2024-09-06,49,succeeded
9694,935,856,2024-10-05,49,succeeded
9695,935,856,2024-11-04,49,succeeded
9696,935,856,2024-12-07,49,succeeded
9697,935,856,2025-01-06,49,succeeded
9698,935,856,2025-02-05,49,succeeded
9699,936,857,2025-08-30,49,succeeded
9700,936,857,2025-09-29,49,succeeded
9701,936,857,2025-10-28,49,succeeded
9702,936,857,2025-12-01,49,succeeded
9703,936,857,2025-12-30,49,succeeded
9704,936,857,2026-01-30,49,succeeded
9705,937,858,2025-06-23,49,succeeded
9706,937,858,2025-07-25,49,succeeded
9707,937,858,2025-08-23,49,succeeded
9708,937,858,2025-09-23,49,succeeded
9709,937,858,2025-10-27,49,failed
9710,937,858,2025-11-01,49,succeeded
9711,937,858,2025-11-24,49,succeeded
9712,937,858,2025-12-26,49,succeeded
9713,937,858,2026-01-24,49,succeeded
9714,937,858,2026-02-26,49,succeeded
9715,937,858,2026-03-24,49,succeeded
9716,937,858,2026-04-25,49,succeeded
9717,937,858,2026-05-26,49,succeeded
9718,937,858,2026-06-27,49,succeeded
9719,938,859,2024-04-27,49,succeeded
9720,938,859,2024-05-25,49,succeeded
9721,938,859,2024-06-26,49,succeeded
9722,938,859,2024-07-23,49,succeeded
9723,938,859,2024-08-24,49,succeeded
9724,938,859,2024-09-26,49,succeeded
9725,938,859,2024-10-26,49,succeeded
9726,938,859,2024-11-23,49,succeeded
9727,938,859,2024-12-25,49,succeeded
9728,938,859,2025-01-26,49,succeeded
9729,939,860,2024-03-10,49,succeeded
9730,939,860,2024-04-08,49,succeeded
9731,939,860,2024-05-10,49,succeeded
9732,939,860,2024-06-11,49,succeeded
9733,940,861,2024-07-27,49,succeeded
9734,940,861,2024-08-26,49,succeeded
9735,940,861,2024-09-29,49,succeeded
9736,940,861,2024-10-30,49,succeeded
9737,940,861,2024-11-29,49,succeeded
9738,940,861,2024-12-28,49,succeeded
9739,940,861,2025-01-26,49,succeeded
9740,940,861,2025-02-27,49,succeeded
9741,940,861,2025-03-30,49,succeeded
9742,940,861,2025-04-29,49,succeeded
9743,940,861,2025-05-27,49,succeeded
9744,940,861,2025-06-27,49,succeeded
9745,941,862,2024-10-23,799,succeeded
9746,941,862,2024-11-23,799,failed
9747,941,862,2024-11-27,799,succeeded
9748,941,862,2024-12-22,799,succeeded
9749,941,862,2025-01-25,799,succeeded
9750,941,862,2025-02-25,799,succeeded
9751,941,862,2025-03-22,799,succeeded
9752,941,862,2025-04-24,799,succeeded
9753,941,862,2025-05-23,799,succeeded
9754,941,862,2025-06-22,799,succeeded
9755,941,862,2025-07-22,799,succeeded
9756,941,862,2025-08-23,799,succeeded
9757,941,862,2025-09-25,799,succeeded
9758,941,862,2025-10-22,799,succeeded
9759,941,862,2025-11-22,799,succeeded
9760,941,862,2025-12-25,799,succeeded
9761,941,862,2026-01-25,799,succeeded
9762,941,862,2026-02-23,799,succeeded
9763,941,862,2026-03-25,799,succeeded
9764,941,862,2026-04-24,799,succeeded
9765,941,862,2026-05-24,799,succeeded
9766,941,862,2026-06-24,799,succeeded
9767,942,863,2025-02-17,199,succeeded
9768,942,863,2025-03-19,199,succeeded
9769,942,863,2025-04-18,199,succeeded
9770,942,863,2025-05-17,199,succeeded
9771,942,863,2025-06-18,199,succeeded
9772,942,863,2025-07-17,199,succeeded
9773,942,863,2025-08-15,199,succeeded
9774,942,863,2025-09-18,199,succeeded
9775,942,863,2025-10-17,199,succeeded
9776,942,863,2025-11-15,199,succeeded
9777,942,863,2025-12-16,199,succeeded
9778,942,863,2026-01-16,199,succeeded
9779,942,863,2026-02-18,199,succeeded
9780,942,863,2026-03-16,199,succeeded
9781,942,863,2026-04-17,199,succeeded
9782,942,863,2026-05-18,199,failed
9783,942,863,2026-05-20,199,succeeded
9784,942,863,2026-06-19,199,succeeded
9785,943,864,2025-03-03,49,succeeded
9786,943,864,2025-04-03,49,succeeded
9787,943,864,2025-05-01,49,succeeded
9788,943,864,2025-06-05,49,succeeded
9789,943,864,2025-07-02,49,succeeded
9790,943,864,2025-08-01,49,succeeded
9791,943,864,2025-09-03,49,succeeded
9792,943,864,2025-10-05,49,succeeded
9793,943,864,2025-11-03,49,succeeded
9794,943,864,2025-12-02,49,succeeded
9795,943,864,2026-01-02,49,succeeded
9796,943,864,2026-02-03,49,succeeded
9797,943,864,2026-03-02,49,succeeded
9798,943,864,2026-04-04,49,succeeded
9799,943,864,2026-05-04,49,succeeded
9800,943,864,2026-06-05,49,succeeded
9801,944,865,2026-01-23,799,succeeded
9802,944,865,2026-02-23,799,succeeded
9803,944,865,2026-03-19,799,succeeded
9804,944,865,2026-04-20,799,succeeded
9805,944,865,2026-05-22,799,succeeded
9806,944,865,2026-06-19,799,succeeded
9807,945,866,2024-06-24,799,succeeded
9808,945,866,2024-07-23,799,succeeded
9809,945,866,2024-08-26,799,succeeded
9810,945,866,2024-09-24,799,succeeded
9811,945,866,2024-10-24,799,succeeded
9812,945,866,2024-11-25,799,succeeded
9813,945,866,2024-12-26,799,succeeded
9814,945,866,2025-01-23,799,succeeded
9815,945,866,2025-02-23,799,succeeded
9816,945,866,2025-03-27,799,succeeded
9817,945,866,2025-04-26,799,succeeded
9818,945,866,2025-05-27,799,succeeded
9819,945,866,2025-06-23,799,succeeded
9820,945,866,2025-07-26,799,failed
9821,945,866,2025-07-30,799,succeeded
9822,945,866,2025-08-23,799,succeeded
9823,945,866,2025-09-25,799,succeeded
9824,945,866,2025-10-25,799,succeeded
9825,945,866,2025-11-27,799,succeeded
9826,945,866,2025-12-25,799,succeeded
9827,945,866,2026-01-26,799,succeeded
9828,945,866,2026-02-26,799,succeeded
9829,945,866,2026-03-25,799,succeeded
9830,945,866,2026-04-26,799,succeeded
9831,945,866,2026-05-25,799,succeeded
9832,945,866,2026-06-27,799,succeeded
9833,946,867,2024-06-23,49,succeeded
9834,946,867,2024-07-25,49,succeeded
9835,946,867,2024-08-23,49,succeeded
9836,946,867,2024-09-24,49,succeeded
9837,946,867,2024-10-22,49,succeeded
9838,946,867,2024-11-26,49,succeeded
9839,946,867,2024-12-23,49,succeeded
9840,946,867,2025-01-22,49,succeeded
9841,946,867,2025-02-25,49,succeeded
9842,946,867,2025-03-26,49,succeeded
9843,946,867,2025-04-25,49,succeeded
9844,946,867,2025-05-23,49,succeeded
9845,946,867,2025-06-24,49,succeeded
9846,946,867,2025-07-22,49,succeeded
9847,946,867,2025-08-24,49,succeeded
9848,946,867,2025-09-23,49,succeeded
9849,946,867,2025-10-24,49,succeeded
9850,946,867,2025-11-24,49,succeeded
9851,946,867,2025-12-25,49,succeeded
9852,946,867,2026-01-22,49,succeeded
9853,946,867,2026-02-26,49,succeeded
9854,946,867,2026-03-26,49,succeeded
9855,946,867,2026-04-26,49,succeeded
9856,946,867,2026-05-25,49,succeeded
9857,946,867,2026-06-26,49,succeeded
9858,947,868,2023-10-14,799,succeeded
9859,947,868,2023-11-16,799,succeeded
9860,947,868,2023-12-18,799,succeeded
9861,947,868,2024-01-14,799,succeeded
9862,947,868,2024-02-14,799,succeeded
9863,947,868,2024-03-16,799,succeeded
9864,947,868,2024-04-18,799,succeeded
9865,947,868,2024-05-16,799,succeeded
9866,947,868,2024-06-17,799,succeeded
9867,947,868,2024-07-14,799,succeeded
9868,947,868,2024-08-15,799,succeeded
9869,947,868,2024-09-18,799,succeeded
9870,947,868,2024-10-16,799,succeeded
9871,947,868,2024-11-16,799,succeeded
9872,947,868,2024-12-14,799,succeeded
9873,947,868,2025-01-16,799,succeeded
9874,947,868,2025-02-15,799,succeeded
9875,947,868,2025-03-17,799,succeeded
9876,947,868,2025-04-16,799,succeeded
9877,947,868,2025-05-16,799,succeeded
9878,947,868,2025-06-18,799,succeeded
9879,947,868,2025-07-17,799,succeeded
9880,947,868,2025-08-15,799,succeeded
9881,947,868,2025-09-18,799,succeeded
9882,947,868,2025-10-14,799,succeeded
9883,947,868,2025-11-14,799,succeeded
9884,947,868,2025-12-14,799,succeeded
9885,947,868,2026-01-15,799,succeeded
9886,947,868,2026-02-14,799,succeeded
9887,947,868,2026-03-17,799,succeeded
9888,947,868,2026-04-18,799,succeeded
9889,947,868,2026-05-17,799,succeeded
9890,947,868,2026-06-14,799,succeeded
9891,948,869,2025-07-15,799,succeeded
9892,948,869,2025-08-13,799,succeeded
9893,948,869,2025-09-16,799,succeeded
9894,948,869,2025-10-17,799,succeeded
9895,948,869,2025-11-16,799,succeeded
9896,948,869,2025-12-14,799,succeeded
9897,948,869,2026-01-14,799,succeeded
9898,948,869,2026-02-17,799,succeeded
9899,948,869,2026-03-15,799,succeeded
9900,948,869,2026-04-14,799,succeeded
9901,948,869,2026-05-15,799,succeeded
9902,948,869,2026-06-16,799,succeeded
9903,949,870,2025-07-09,49,succeeded
9904,949,870,2025-08-06,49,failed
9905,949,870,2025-08-09,49,succeeded
9906,949,870,2025-09-09,49,succeeded
9907,949,870,2025-10-05,49,succeeded
9908,949,870,2025-11-08,49,succeeded
9909,949,870,2025-12-08,49,succeeded
9910,949,870,2026-01-07,49,succeeded
9911,950,871,2024-12-31,199,succeeded
9912,950,871,2025-01-31,199,succeeded
9913,950,871,2025-03-01,199,succeeded
9914,950,871,2025-03-28,199,succeeded
9915,950,871,2025-04-29,199,succeeded
9916,950,871,2025-05-31,199,succeeded
9917,950,871,2025-06-28,199,succeeded
9918,950,871,2025-07-30,199,succeeded
9919,950,871,2025-08-30,199,succeeded
9920,950,871,2025-09-30,199,succeeded
9921,950,871,2025-10-29,199,succeeded
9922,950,871,2025-12-01,199,succeeded
9923,950,871,2025-12-30,199,succeeded
9924,950,871,2026-01-28,199,succeeded
9925,950,871,2026-03-03,199,succeeded
9926,950,871,2026-03-27,199,succeeded
9927,950,871,2026-04-28,199,succeeded
9928,950,871,2026-05-30,199,succeeded
9929,950,871,2026-06-27,199,succeeded
9930,951,872,2026-04-24,199,succeeded
9931,951,872,2026-05-22,199,succeeded
9932,951,872,2026-06-22,199,succeeded
9933,952,873,2024-02-16,799,succeeded
9934,952,873,2024-03-13,799,succeeded
9935,952,873,2024-04-15,799,succeeded
9936,952,873,2024-05-16,799,succeeded
9937,952,873,2024-06-13,799,succeeded
9938,952,873,2024-07-16,799,succeeded
9939,952,873,2024-08-15,799,succeeded
9940,952,873,2024-09-13,799,succeeded
9941,952,873,2024-10-14,799,succeeded
9942,952,873,2024-11-14,799,succeeded
9943,952,873,2024-12-16,799,succeeded
9944,952,873,2025-01-16,799,succeeded
9945,952,873,2025-02-13,799,succeeded
9946,952,873,2025-03-15,799,failed
9947,952,873,2025-04-13,799,succeeded
9948,952,873,2025-05-13,799,succeeded
9949,952,873,2025-06-13,799,succeeded
9950,952,873,2025-07-13,799,succeeded
9951,952,873,2025-08-14,799,succeeded
9952,952,873,2025-09-12,799,succeeded
9953,952,873,2025-10-13,799,succeeded
9954,952,873,2025-11-12,799,succeeded
9955,952,873,2025-12-15,799,succeeded
9956,952,873,2026-01-14,799,succeeded
9957,952,873,2026-02-15,799,succeeded
9958,952,873,2026-03-15,799,succeeded
9959,952,873,2026-04-14,799,succeeded
9960,952,873,2026-05-16,799,succeeded
9961,952,873,2026-06-13,799,succeeded
9962,953,874,2025-08-21,199,succeeded
9963,953,874,2025-09-18,199,succeeded
9964,953,874,2025-10-17,199,succeeded
9965,953,874,2025-11-18,199,succeeded
9966,953,874,2025-12-21,199,succeeded
9967,953,874,2026-01-21,199,succeeded
9968,953,874,2026-02-17,199,succeeded
9969,953,874,2026-03-18,199,succeeded
9970,953,874,2026-04-20,199,succeeded
9971,953,874,2026-05-20,199,succeeded
9972,953,874,2026-06-18,199,succeeded
9973,954,875,2026-04-14,199,succeeded
9974,954,875,2026-05-13,199,succeeded
9975,954,875,2026-06-15,199,succeeded
9976,955,876,2026-01-18,799,succeeded
9977,955,876,2026-02-15,799,succeeded
9978,955,876,2026-03-17,799,succeeded
9979,955,876,2026-04-17,799,succeeded
9980,955,876,2026-05-14,799,succeeded
9981,955,876,2026-06-14,799,succeeded
9982,956,877,2026-06-16,799,succeeded
9983,957,878,2024-11-06,49,succeeded
9984,957,878,2024-12-05,49,succeeded
9985,957,878,2025-01-06,49,succeeded
9986,957,878,2025-02-04,49,succeeded
9987,957,878,2025-03-04,49,succeeded
9988,957,878,2025-04-04,49,succeeded
9989,957,878,2025-05-04,49,succeeded
9990,958,879,2025-04-13,199,succeeded
9991,958,879,2025-05-12,199,succeeded
9992,958,879,2025-06-14,199,succeeded
9993,958,879,2025-07-13,199,succeeded
9994,958,879,2025-08-12,199,succeeded
9995,958,879,2025-09-12,199,succeeded
9996,958,879,2025-10-12,199,succeeded
9997,958,879,2025-11-13,199,succeeded
9998,958,879,2025-12-10,199,succeeded
9999,958,879,2026-01-10,199,succeeded
10000,958,879,2026-02-14,199,succeeded
10001,959,880,2023-12-14,49,succeeded
10002,959,880,2024-01-12,49,succeeded
10003,959,880,2024-02-10,49,succeeded
10004,959,880,2024-03-14,49,succeeded
10005,959,880,2024-04-13,49,failed
10006,959,880,2024-04-18,49,succeeded
10007,959,880,2024-05-14,49,succeeded
10008,959,880,2024-06-13,49,succeeded
10009,959,880,2024-07-14,49,succeeded
10010,959,880,2024-08-11,49,succeeded
10011,959,880,2024-09-14,49,succeeded
10012,959,880,2024-10-14,49,succeeded
10013,959,880,2024-11-12,49,succeeded
10014,959,880,2024-12-13,49,succeeded
10015,959,880,2025-01-11,49,succeeded
10016,959,880,2025-02-14,49,failed
10017,959,880,2025-02-18,49,succeeded
10018,959,880,2025-03-10,49,succeeded
10019,959,880,2025-04-10,49,succeeded
10020,959,880,2025-05-13,49,succeeded
10021,959,880,2025-06-11,49,succeeded
10022,959,880,2025-07-12,49,succeeded
10023,959,880,2025-08-12,49,succeeded
10024,959,880,2025-09-14,49,succeeded
10025,959,880,2025-10-13,49,succeeded
10026,959,880,2025-11-14,49,succeeded
10027,959,880,2025-12-13,49,succeeded
10028,959,880,2026-01-10,49,succeeded
10029,959,880,2026-02-12,49,succeeded
10030,959,880,2026-03-14,49,failed
10031,959,880,2026-03-17,49,succeeded
10032,959,880,2026-04-12,49,succeeded
10033,959,880,2026-05-14,49,succeeded
10034,959,880,2026-06-10,49,succeeded
10035,960,881,2024-08-07,49,succeeded
10036,960,881,2024-09-04,49,succeeded
10037,960,881,2024-10-06,49,succeeded
10038,960,881,2024-11-07,49,succeeded
10039,960,881,2024-12-08,49,succeeded
10040,960,881,2025-01-06,49,succeeded
10041,960,881,2025-02-07,49,succeeded
10042,960,881,2025-03-08,49,succeeded
10043,960,881,2025-04-05,49,succeeded
10044,960,881,2025-05-07,49,succeeded
10045,961,882,2026-05-27,199,succeeded
10046,961,882,2026-06-27,199,succeeded
10047,962,883,2025-03-02,199,succeeded
10048,962,883,2025-03-26,199,succeeded
10049,962,883,2025-04-28,199,succeeded
10050,962,883,2025-05-30,199,succeeded
10051,962,883,2025-06-29,199,succeeded
10052,962,883,2025-07-28,199,succeeded
10053,962,883,2025-08-27,199,succeeded
10054,962,883,2025-09-30,199,succeeded
10055,962,883,2025-10-26,199,succeeded
10056,962,883,2025-11-28,199,succeeded
10057,962,883,2025-12-29,199,succeeded
10058,962,883,2026-01-29,199,succeeded
10059,962,883,2026-02-28,199,succeeded
10060,962,883,2026-03-29,199,succeeded
10061,962,883,2026-04-30,199,succeeded
10062,962,883,2026-05-30,199,succeeded
10063,962,883,2026-06-29,199,succeeded
10064,963,884,2024-08-15,49,succeeded
10065,963,884,2024-09-16,49,succeeded
10066,963,884,2024-10-15,49,succeeded
10067,963,884,2024-11-17,49,succeeded
10068,963,884,2024-12-17,49,succeeded
10069,963,884,2025-01-17,49,failed
10070,963,884,2025-01-20,49,succeeded
10071,963,884,2025-02-16,49,succeeded
10072,963,884,2025-03-17,49,succeeded
10073,963,884,2025-04-17,49,failed
10074,963,884,2025-04-23,49,succeeded
10075,963,884,2025-05-14,49,succeeded
10076,963,884,2025-06-16,49,succeeded
10077,963,884,2025-07-16,49,succeeded
10078,963,884,2025-08-13,49,succeeded
10079,963,884,2025-09-16,49,succeeded
10080,963,884,2025-10-14,49,succeeded
10081,963,884,2025-11-17,49,succeeded
10082,963,884,2025-12-13,49,succeeded
10083,963,884,2026-01-14,49,succeeded
10084,963,884,2026-02-14,49,succeeded
10085,963,884,2026-03-15,49,succeeded
10086,964,885,2025-03-02,49,succeeded
10087,964,885,2025-04-05,49,succeeded
10088,964,885,2025-05-02,49,succeeded
10089,964,885,2025-06-05,49,succeeded
10090,964,885,2025-07-03,49,succeeded
10091,964,885,2025-08-05,49,succeeded
10092,964,885,2025-09-03,49,succeeded
10093,964,885,2025-10-06,49,succeeded
10094,964,885,2025-11-02,49,succeeded
10095,964,885,2025-12-02,49,succeeded
10096,964,885,2026-01-03,49,succeeded
10097,964,885,2026-02-03,49,failed
10098,964,885,2026-02-08,49,succeeded
10099,964,885,2026-03-06,49,succeeded
10100,964,885,2026-04-03,49,succeeded
10101,964,885,2026-05-03,49,succeeded
10102,964,885,2026-06-03,49,succeeded
10103,965,886,2024-12-29,799,succeeded
10104,965,886,2025-02-01,799,succeeded
10105,965,886,2025-03-01,799,succeeded
10106,965,886,2025-03-31,799,succeeded
10107,965,886,2025-05-01,799,succeeded
10108,965,886,2025-05-30,799,succeeded
10109,965,886,2025-07-02,799,succeeded
10110,965,886,2025-07-29,799,succeeded
10111,965,886,2025-08-31,799,succeeded
10112,965,886,2025-10-02,799,succeeded
10113,965,886,2025-10-31,799,succeeded
10114,965,886,2025-11-30,799,succeeded
10115,965,886,2025-12-30,799,succeeded
10116,965,886,2026-01-30,799,succeeded
10117,965,886,2026-02-28,799,succeeded
10118,965,886,2026-03-30,799,succeeded
10119,965,886,2026-05-01,799,succeeded
10120,965,886,2026-05-28,799,succeeded
10121,965,886,2026-06-30,799,succeeded
10122,966,887,2024-11-24,799,succeeded
10123,966,887,2024-12-23,799,succeeded
10124,966,887,2025-01-26,799,succeeded
10125,966,887,2025-02-26,799,succeeded
10126,966,887,2025-03-27,799,succeeded
10127,966,887,2025-04-23,799,succeeded
10128,966,887,2025-05-27,799,failed
10129,966,887,2025-05-31,799,succeeded
10130,966,887,2025-06-23,799,succeeded
10131,966,887,2025-07-26,799,succeeded
10132,966,887,2025-08-23,799,succeeded
10133,966,887,2025-09-25,799,succeeded
10134,966,887,2025-10-24,799,succeeded
10135,966,887,2025-11-26,799,succeeded
10136,966,887,2025-12-26,799,succeeded
10137,966,887,2026-01-25,799,succeeded
10138,966,887,2026-02-27,799,succeeded
10139,966,887,2026-03-26,799,succeeded
10140,966,887,2026-04-27,799,succeeded
10141,966,887,2026-05-24,799,succeeded
10142,966,887,2026-06-27,799,succeeded
10143,967,888,2025-03-10,199,succeeded
10144,967,888,2025-04-10,199,succeeded
10145,967,888,2025-05-08,199,succeeded
10146,967,888,2025-06-08,199,succeeded
10147,967,888,2025-07-07,199,succeeded
10148,967,888,2025-08-07,199,succeeded
10149,967,888,2025-09-09,199,succeeded
10150,968,888,2025-10-04,49,succeeded
10151,968,888,2025-11-03,49,succeeded
10152,968,888,2025-12-05,49,succeeded
10153,968,888,2026-01-03,49,succeeded
10154,968,888,2026-02-02,49,succeeded
10155,968,888,2026-03-01,49,succeeded
10156,968,888,2026-04-04,49,succeeded
10157,968,888,2026-05-02,49,succeeded
10158,968,888,2026-06-05,49,succeeded
10159,969,889,2024-09-23,49,succeeded
10160,969,889,2024-10-23,49,succeeded
10161,969,889,2024-11-22,49,succeeded
10162,969,889,2024-12-26,49,succeeded
10163,969,889,2025-01-22,49,succeeded
10164,969,889,2025-02-23,49,succeeded
10165,969,889,2025-03-26,49,succeeded
10166,970,890,2025-10-17,49,succeeded
10167,970,890,2025-11-16,49,succeeded
10168,970,890,2025-12-15,49,succeeded
10169,970,890,2026-01-16,49,succeeded
10170,970,890,2026-02-14,49,succeeded
10171,970,890,2026-03-16,49,succeeded
10172,971,890,2026-04-04,199,succeeded
10173,971,890,2026-05-02,199,succeeded
10174,971,890,2026-06-02,199,succeeded
10175,972,891,2024-05-19,199,succeeded
10176,972,891,2024-06-22,199,succeeded
10177,972,891,2024-07-23,199,succeeded
10178,972,891,2024-08-22,199,succeeded
10179,972,891,2024-09-22,199,succeeded
10180,972,891,2024-10-21,199,succeeded
10181,972,891,2024-11-23,199,succeeded
10182,972,891,2024-12-23,199,succeeded
10183,972,891,2025-01-22,199,succeeded
10184,972,891,2025-02-20,199,succeeded
10185,972,891,2025-03-22,199,succeeded
10186,972,891,2025-04-20,199,succeeded
10187,972,891,2025-05-22,199,succeeded
10188,972,891,2025-06-19,199,succeeded
10189,973,892,2025-12-05,49,succeeded
10190,973,892,2026-01-05,49,succeeded
10191,973,892,2026-02-06,49,succeeded
10192,973,892,2026-03-03,49,succeeded
10193,973,892,2026-04-06,49,succeeded
10194,973,892,2026-05-04,49,succeeded
10195,973,892,2026-06-04,49,succeeded
10196,974,893,2024-01-24,199,succeeded
10197,974,893,2024-02-22,199,succeeded
10198,974,893,2024-03-22,199,succeeded
10199,974,893,2024-04-23,199,succeeded
10200,974,893,2024-05-22,199,succeeded
10201,974,893,2024-06-21,199,succeeded
10202,974,893,2024-07-24,199,succeeded
10203,974,893,2024-08-21,199,succeeded
10204,974,893,2024-09-22,199,succeeded
10205,974,893,2024-10-21,199,succeeded
10206,974,893,2024-11-24,199,succeeded
10207,974,893,2024-12-23,199,succeeded
10208,974,893,2025-01-21,199,succeeded
10209,974,893,2025-02-22,199,succeeded
10210,974,893,2025-03-22,199,succeeded
10211,974,893,2025-04-21,199,succeeded
10212,974,893,2025-05-20,199,succeeded
10213,974,893,2025-06-24,199,succeeded
10214,974,893,2025-07-23,199,succeeded
10215,974,893,2025-08-24,199,succeeded
10216,974,893,2025-09-21,199,succeeded
10217,974,893,2025-10-24,199,succeeded
10218,974,893,2025-11-24,199,succeeded
10219,974,893,2025-12-22,199,succeeded
10220,974,893,2026-01-23,199,succeeded
10221,974,893,2026-02-24,199,succeeded
10222,974,893,2026-03-21,199,succeeded
10223,974,893,2026-04-21,199,succeeded
10224,974,893,2026-05-24,199,succeeded
10225,974,893,2026-06-23,199,succeeded
10226,975,894,2023-12-15,49,succeeded
10227,975,894,2024-01-15,49,succeeded
10228,975,894,2024-02-16,49,succeeded
10229,975,894,2024-03-14,49,succeeded
10230,975,894,2024-04-14,49,succeeded
10231,975,894,2024-05-14,49,succeeded
10232,975,894,2024-06-13,49,succeeded
10233,975,894,2024-07-14,49,succeeded
10234,975,894,2024-08-14,49,succeeded
10235,975,894,2024-09-14,49,succeeded
10236,975,894,2024-10-15,49,succeeded
10237,975,894,2024-11-13,49,succeeded
10238,975,894,2024-12-12,49,succeeded
10239,975,894,2025-01-12,49,failed
10240,975,894,2025-02-12,49,succeeded
10241,975,894,2025-03-13,49,succeeded
10242,976,895,2024-09-19,49,succeeded
10243,976,895,2024-10-18,49,succeeded
10244,976,895,2024-11-20,49,succeeded
10245,976,895,2024-12-20,49,succeeded
10246,976,895,2025-01-20,49,succeeded
10247,976,895,2025-02-18,49,succeeded
10248,976,895,2025-03-17,49,succeeded
10249,976,895,2025-04-20,49,succeeded
10250,976,895,2025-05-17,49,succeeded
10251,976,895,2025-06-17,49,succeeded
10252,976,895,2025-07-18,49,succeeded
10253,976,895,2025-08-19,49,succeeded
10254,976,895,2025-09-18,49,succeeded
10255,976,895,2025-10-18,49,succeeded
10256,976,895,2025-11-18,49,succeeded
10257,976,895,2025-12-18,49,failed
10258,976,895,2026-01-21,49,succeeded
10259,976,895,2026-02-18,49,succeeded
10260,976,895,2026-03-19,49,succeeded
10261,976,895,2026-04-20,49,succeeded
10262,976,895,2026-05-20,49,succeeded
10263,976,895,2026-06-17,49,succeeded
10264,977,896,2025-11-16,49,succeeded
10265,977,896,2025-12-17,49,succeeded
10266,977,896,2026-01-17,49,succeeded
10267,977,896,2026-02-17,49,succeeded
10268,977,896,2026-03-14,49,succeeded
10269,977,896,2026-04-14,49,succeeded
10270,977,896,2026-05-13,49,succeeded
10271,977,896,2026-06-13,49,succeeded
10272,978,897,2023-11-13,49,succeeded
10273,978,897,2023-12-12,49,succeeded
10274,978,897,2024-01-12,49,succeeded
10275,978,897,2024-02-14,49,succeeded
10276,978,897,2024-03-14,49,succeeded
10277,978,897,2024-04-14,49,succeeded
10278,978,897,2024-05-11,49,succeeded
10279,978,897,2024-06-13,49,succeeded
10280,978,897,2024-07-14,49,succeeded
10281,978,897,2024-08-13,49,succeeded
10282,978,897,2024-09-12,49,succeeded
10283,979,898,2025-05-20,799,succeeded
10284,979,898,2025-06-17,799,succeeded
10285,979,898,2025-07-19,799,failed
10286,979,898,2025-07-22,799,succeeded
10287,979,898,2025-08-18,799,succeeded
10288,979,898,2025-09-20,799,succeeded
10289,980,899,2025-12-07,799,succeeded
10290,980,899,2026-01-07,799,succeeded
10291,980,899,2026-02-07,799,succeeded
10292,980,899,2026-03-04,799,succeeded
10293,980,899,2026-04-04,799,succeeded
10294,980,899,2026-05-04,799,succeeded
10295,980,899,2026-06-07,799,succeeded
10296,981,900,2026-06-20,199,succeeded
10297,982,901,2024-06-26,799,succeeded
10298,982,901,2024-07-27,799,succeeded
10299,982,901,2024-08-29,799,succeeded
10300,982,901,2024-09-28,799,succeeded
10301,982,901,2024-10-28,799,succeeded
10302,982,901,2024-11-26,799,succeeded
10303,982,901,2024-12-28,799,failed
10304,982,901,2024-12-30,799,succeeded
10305,982,901,2025-01-27,799,succeeded
10306,982,901,2025-03-01,799,succeeded
10307,982,901,2025-03-30,799,succeeded
10308,982,901,2025-04-28,799,succeeded
10309,982,901,2025-05-29,799,succeeded
10310,982,901,2025-06-30,799,succeeded
10311,982,901,2025-07-29,799,succeeded
10312,982,901,2025-08-28,799,succeeded
10313,982,901,2025-09-27,799,succeeded
10314,982,901,2025-10-30,799,succeeded
10315,982,901,2025-11-27,799,succeeded
10316,982,901,2025-12-27,799,succeeded
10317,982,901,2026-01-27,799,succeeded
10318,982,901,2026-03-01,799,succeeded
10319,982,901,2026-03-28,799,succeeded
10320,982,901,2026-04-27,799,succeeded
10321,982,901,2026-05-27,799,succeeded
10322,982,901,2026-06-27,799,succeeded
10323,983,902,2024-05-01,799,succeeded
10324,983,902,2024-06-05,799,succeeded
10325,983,902,2024-07-04,799,succeeded
10326,983,902,2024-08-04,799,succeeded
10327,983,902,2024-09-03,799,succeeded
10328,983,902,2024-10-02,799,succeeded
10329,983,902,2024-11-05,799,succeeded
10330,983,902,2024-12-02,799,succeeded
10331,983,902,2025-01-05,799,succeeded
10332,983,902,2025-02-03,799,succeeded
10333,983,902,2025-03-04,799,succeeded
10334,983,902,2025-04-05,799,succeeded
10335,983,902,2025-05-04,799,succeeded
10336,983,902,2025-06-01,799,succeeded
10337,983,902,2025-07-01,799,succeeded
10338,983,902,2025-08-01,799,failed
10339,983,902,2025-09-05,799,succeeded
10340,983,902,2025-10-01,799,failed
10341,983,902,2025-10-03,799,succeeded
10342,983,902,2025-11-02,799,succeeded
10343,983,902,2025-12-01,799,succeeded
10344,983,902,2026-01-02,799,succeeded
10345,983,902,2026-02-04,799,succeeded
10346,983,902,2026-03-01,799,succeeded
10347,983,902,2026-04-01,799,succeeded
10348,983,902,2026-05-02,799,succeeded
10349,983,902,2026-06-02,799,succeeded
10350,984,903,2023-09-18,49,succeeded
10351,984,903,2023-10-18,49,succeeded
10352,984,903,2023-11-20,49,succeeded
10353,984,903,2023-12-17,49,failed
10354,984,903,2023-12-23,49,succeeded
10355,984,903,2024-01-18,49,succeeded
10356,984,903,2024-02-18,49,succeeded
10357,984,903,2024-03-21,49,succeeded
10358,984,903,2024-04-18,49,succeeded
10359,984,903,2024-05-20,49,failed
10360,984,903,2024-05-25,49,succeeded
10361,984,903,2024-06-20,49,succeeded
10362,984,903,2024-07-19,49,succeeded
10363,984,903,2024-08-20,49,succeeded
10364,984,903,2024-09-20,49,succeeded
10365,984,903,2024-10-21,49,succeeded
10366,984,903,2024-11-20,49,succeeded
10367,984,903,2024-12-21,49,succeeded
10368,984,903,2025-01-19,49,succeeded
10369,984,903,2025-02-21,49,succeeded
10370,984,903,2025-03-21,49,succeeded
10371,984,903,2025-04-20,49,succeeded
10372,984,903,2025-05-18,49,failed
10373,984,903,2025-05-20,49,succeeded
10374,984,903,2025-06-20,49,succeeded
10375,984,903,2025-07-20,49,succeeded
10376,984,903,2025-08-18,49,succeeded
10377,985,904,2024-05-13,799,succeeded
10378,985,904,2024-06-13,799,failed
10379,985,904,2024-06-15,799,succeeded
10380,985,904,2024-07-14,799,succeeded
10381,985,904,2024-08-12,799,succeeded
10382,985,904,2024-09-15,799,succeeded
10383,985,904,2024-10-12,799,succeeded
10384,985,904,2024-11-15,799,succeeded
10385,985,904,2024-12-15,799,succeeded
10386,985,904,2025-01-15,799,succeeded
10387,985,904,2025-02-15,799,succeeded
10388,985,904,2025-03-12,799,succeeded
10389,985,904,2025-04-11,799,succeeded
10390,985,904,2025-05-11,799,succeeded
10391,985,904,2025-06-14,799,succeeded
10392,985,904,2025-07-14,799,succeeded
10393,985,904,2025-08-11,799,succeeded
10394,985,904,2025-09-15,799,succeeded
10395,985,904,2025-10-15,799,succeeded
10396,985,904,2025-11-12,799,succeeded
10397,985,904,2025-12-11,799,succeeded
10398,985,904,2026-01-12,799,succeeded
10399,985,904,2026-02-12,799,succeeded
10400,985,904,2026-03-14,799,succeeded
10401,985,904,2026-04-12,799,succeeded
10402,985,904,2026-05-15,799,succeeded
10403,985,904,2026-06-14,799,succeeded
10404,986,905,2026-03-22,49,succeeded
10405,986,905,2026-04-21,49,succeeded
10406,986,905,2026-05-19,49,succeeded
10407,986,905,2026-06-18,49,succeeded
10408,987,906,2025-02-26,49,succeeded
10409,987,906,2025-03-28,49,succeeded
10410,987,906,2025-04-27,49,failed
10411,987,906,2025-05-02,49,succeeded
10412,987,906,2025-05-25,49,succeeded
10413,987,906,2025-06-26,49,succeeded
10414,987,906,2025-07-28,49,succeeded
10415,987,906,2025-08-25,49,succeeded
10416,987,906,2025-09-29,49,succeeded
10417,987,906,2025-10-29,49,failed
10418,987,906,2025-11-03,49,succeeded
10419,987,906,2025-11-26,49,succeeded
10420,987,906,2025-12-29,49,succeeded
10421,987,906,2026-01-28,49,succeeded
10422,987,906,2026-02-27,49,succeeded
10423,987,906,2026-03-27,49,succeeded
10424,987,906,2026-04-26,49,succeeded
10425,988,907,2026-04-20,799,succeeded
10426,988,907,2026-05-21,799,succeeded
10427,988,907,2026-06-21,799,succeeded
10428,989,908,2025-05-23,799,succeeded
10429,989,908,2025-06-23,799,succeeded
10430,989,908,2025-07-21,799,succeeded
10431,989,908,2025-08-24,799,failed
10432,989,908,2025-08-30,799,succeeded
10433,989,908,2025-09-24,799,succeeded
10434,989,908,2025-10-22,799,succeeded
10435,989,908,2025-11-25,799,succeeded
10436,990,908,2025-12-02,199,succeeded
10437,990,908,2026-01-05,199,succeeded
10438,990,908,2026-02-03,199,succeeded
10439,990,908,2026-03-02,199,failed
10440,990,908,2026-03-07,199,succeeded
10441,990,908,2026-04-04,199,succeeded
10442,990,908,2026-05-03,199,succeeded
10443,990,908,2026-06-05,199,succeeded
10444,991,909,2025-10-18,199,succeeded
10445,991,909,2025-11-15,199,succeeded
10446,991,909,2025-12-16,199,succeeded
10447,991,909,2026-01-17,199,succeeded
10448,991,909,2026-02-15,199,succeeded
10449,991,909,2026-03-15,199,succeeded
10450,991,909,2026-04-17,199,succeeded
10451,991,909,2026-05-19,199,succeeded
10452,991,909,2026-06-17,199,succeeded
10453,992,910,2025-06-29,49,succeeded
10454,992,910,2025-07-29,49,succeeded
10455,992,910,2025-08-30,49,succeeded
10456,992,910,2025-09-28,49,succeeded
10457,992,910,2025-10-28,49,succeeded
10458,993,911,2024-07-14,199,succeeded
10459,993,911,2024-08-16,199,succeeded
10460,993,911,2024-09-18,199,succeeded
10461,993,911,2024-10-17,199,succeeded
10462,994,911,2024-11-04,49,succeeded
10463,994,911,2024-12-02,49,succeeded
10464,994,911,2025-01-05,49,succeeded
10465,995,912,2024-08-14,49,succeeded
10466,995,912,2024-09-14,49,failed
10467,995,912,2024-09-19,49,succeeded
10468,995,912,2024-10-14,49,succeeded
10469,995,912,2024-11-15,49,succeeded
10470,995,912,2024-12-14,49,succeeded
10471,995,912,2025-01-16,49,succeeded
10472,995,912,2025-02-17,49,succeeded
10473,995,912,2025-03-17,49,succeeded
10474,995,912,2025-04-16,49,succeeded
10475,995,912,2025-05-16,49,succeeded
10476,995,912,2025-06-15,49,succeeded
10477,995,912,2025-07-14,49,succeeded
10478,995,912,2025-08-14,49,succeeded
10479,995,912,2025-09-17,49,succeeded
10480,996,913,2025-07-06,199,succeeded
10481,996,913,2025-08-07,199,succeeded
10482,996,913,2025-09-05,199,succeeded
10483,996,913,2025-10-05,199,succeeded
10484,996,913,2025-11-06,199,succeeded
10485,996,913,2025-12-07,199,succeeded
10486,996,913,2026-01-05,199,succeeded
10487,996,913,2026-02-05,199,succeeded
10488,996,913,2026-03-04,199,succeeded
10489,996,913,2026-04-05,199,failed
10490,996,913,2026-05-04,199,succeeded
10491,996,913,2026-06-07,199,succeeded
10492,997,914,2025-01-15,799,succeeded
10493,997,914,2025-02-15,799,succeeded
10494,997,914,2025-03-12,799,succeeded
10495,997,914,2025-04-15,799,succeeded
10496,997,914,2025-05-13,799,succeeded
10497,997,914,2025-06-14,799,succeeded
10498,997,914,2025-07-16,799,succeeded
10499,997,914,2025-08-15,799,succeeded
10500,997,914,2025-09-15,799,succeeded
10501,997,914,2025-10-12,799,succeeded
10502,997,914,2025-11-16,799,succeeded
10503,998,915,2024-04-20,49,succeeded
10504,999,916,2025-12-27,49,succeeded
10505,999,916,2026-01-28,49,succeeded
10506,999,916,2026-02-27,49,succeeded
10507,999,916,2026-03-28,49,succeeded
10508,999,916,2026-05-01,49,succeeded
10509,999,916,2026-05-31,49,succeeded
10510,999,916,2026-06-30,49,succeeded
10511,1000,917,2024-11-26,199,succeeded
10512,1000,917,2024-12-28,199,succeeded
10513,1000,917,2025-01-27,199,succeeded
10514,1000,917,2025-02-28,199,succeeded
10515,1000,917,2025-03-26,199,succeeded
10516,1000,917,2025-04-28,199,succeeded
10517,1000,917,2025-05-24,199,succeeded
10518,1000,917,2025-06-26,199,succeeded
10519,1000,917,2025-07-25,199,succeeded
10520,1000,917,2025-08-24,199,failed
10521,1000,917,2025-08-26,199,succeeded
10522,1000,917,2025-09-28,199,failed
10523,1000,917,2025-10-26,199,succeeded
10524,1000,917,2025-11-25,199,succeeded
10525,1000,917,2025-12-28,199,failed
10526,1000,917,2025-12-30,199,succeeded
10527,1000,917,2026-01-26,199,succeeded
10528,1000,917,2026-02-25,199,succeeded
10529,1000,917,2026-03-27,199,succeeded
10530,1000,917,2026-04-26,199,succeeded
10531,1000,917,2026-05-28,199,succeeded
10532,1000,917,2026-06-27,199,succeeded
10533,1001,918,2025-08-06,199,succeeded
10534,1001,918,2025-09-08,199,succeeded
10535,1001,918,2025-10-08,199,succeeded
10536,1001,918,2025-11-05,199,succeeded
10537,1001,918,2025-12-09,199,succeeded
10538,1001,918,2026-01-07,199,succeeded
10539,1001,918,2026-02-06,199,succeeded
10540,1001,918,2026-03-06,199,succeeded
10541,1001,918,2026-04-07,199,succeeded
10542,1001,918,2026-05-06,199,succeeded
10543,1002,918,2026-06-05,799,succeeded
10544,1003,919,2024-02-24,799,succeeded
10545,1003,919,2024-03-26,799,succeeded
10546,1003,919,2024-04-25,799,succeeded
10547,1003,919,2024-05-28,799,succeeded
10548,1003,919,2024-06-26,799,succeeded
10549,1003,919,2024-07-25,799,succeeded
10550,1003,919,2024-08-28,799,succeeded
10551,1003,919,2024-09-26,799,succeeded
10552,1003,919,2024-10-28,799,succeeded
10553,1003,919,2024-11-24,799,succeeded
10554,1003,919,2024-12-25,799,succeeded
10555,1003,919,2025-01-28,799,succeeded
10556,1003,919,2025-02-28,799,succeeded
10557,1003,919,2025-03-26,799,succeeded
10558,1003,919,2025-04-27,799,succeeded
10559,1003,919,2025-05-25,799,succeeded
10560,1003,919,2025-06-24,799,succeeded
10561,1003,919,2025-07-24,799,succeeded
10562,1003,919,2025-08-28,799,succeeded
10563,1003,919,2025-09-25,799,succeeded
10564,1003,919,2025-10-24,799,succeeded
10565,1003,919,2025-11-28,799,succeeded
10566,1003,919,2025-12-28,799,succeeded
10567,1003,919,2026-01-25,799,succeeded
10568,1003,919,2026-02-25,799,succeeded
10569,1003,919,2026-03-27,799,succeeded
10570,1003,919,2026-04-27,799,succeeded
10571,1003,919,2026-05-27,799,succeeded
10572,1003,919,2026-06-26,799,succeeded
10573,1004,920,2024-08-19,49,succeeded
10574,1004,920,2024-09-22,49,succeeded
10575,1004,920,2024-10-22,49,succeeded
10576,1004,920,2024-11-22,49,succeeded
10577,1004,920,2024-12-22,49,succeeded
10578,1004,920,2025-01-18,49,succeeded
10579,1004,920,2025-02-22,49,succeeded
10580,1004,920,2025-03-18,49,succeeded
10581,1004,920,2025-04-22,49,failed
10582,1004,920,2025-04-25,49,succeeded
10583,1004,920,2025-05-22,49,succeeded
10584,1004,920,2025-06-22,49,succeeded
10585,1004,920,2025-07-22,49,succeeded
10586,1004,920,2025-08-19,49,succeeded
10587,1004,920,2025-09-20,49,succeeded
10588,1004,920,2025-10-20,49,succeeded
10589,1004,920,2025-11-20,49,succeeded
10590,1004,920,2025-12-18,49,succeeded
10591,1004,920,2026-01-22,49,failed
10592,1004,920,2026-01-24,49,succeeded
10593,1004,920,2026-02-22,49,succeeded
10594,1004,920,2026-03-20,49,succeeded
10595,1004,920,2026-04-21,49,succeeded
10596,1004,920,2026-05-22,49,succeeded
10597,1004,920,2026-06-18,49,succeeded
10598,1005,921,2026-05-18,199,succeeded
10599,1005,921,2026-06-22,199,succeeded
10600,1006,922,2026-04-26,49,succeeded
10601,1006,922,2026-05-28,49,succeeded
10602,1006,922,2026-06-26,49,succeeded
10603,1007,923,2023-11-06,199,succeeded
10604,1007,923,2023-12-07,199,succeeded
10605,1007,923,2024-01-05,199,succeeded
10606,1007,923,2024-02-06,199,succeeded
10607,1007,923,2024-03-08,199,succeeded
10608,1007,923,2024-04-09,199,failed
10609,1007,923,2024-04-11,199,succeeded
10610,1007,923,2024-05-09,199,succeeded
10611,1007,923,2024-06-08,199,succeeded
10612,1007,923,2024-07-07,199,succeeded
10613,1007,923,2024-08-06,199,failed
10614,1007,923,2024-08-11,199,succeeded
10615,1007,923,2024-09-09,199,succeeded
10616,1007,923,2024-10-09,199,succeeded
10617,1007,923,2024-11-07,199,succeeded
10618,1007,923,2024-12-05,199,succeeded
10619,1007,923,2025-01-08,199,succeeded
10620,1007,923,2025-02-09,199,succeeded
10621,1007,923,2025-03-05,199,succeeded
10622,1007,923,2025-04-08,199,succeeded
10623,1007,923,2025-05-07,199,succeeded
10624,1008,924,2025-09-06,199,succeeded
10625,1008,924,2025-10-08,199,succeeded
10626,1008,924,2025-11-08,199,succeeded
10627,1008,924,2025-12-07,199,succeeded
10628,1008,924,2026-01-04,199,succeeded
10629,1008,924,2026-02-07,199,succeeded
10630,1008,924,2026-03-04,199,succeeded
10631,1008,924,2026-04-04,199,succeeded
10632,1008,924,2026-05-06,199,succeeded
10633,1008,924,2026-06-04,199,succeeded
10634,1009,925,2025-08-28,799,succeeded
10635,1009,925,2025-09-28,799,succeeded
10636,1009,925,2025-10-26,799,succeeded
10637,1009,925,2025-11-27,799,succeeded
10638,1009,925,2025-12-26,799,succeeded
10639,1009,925,2026-01-25,799,succeeded
10640,1009,925,2026-02-28,799,succeeded
10641,1009,925,2026-03-29,799,succeeded
10642,1009,925,2026-04-27,799,succeeded
10643,1009,925,2026-05-27,799,succeeded
10644,1009,925,2026-06-26,799,succeeded
10645,1010,926,2024-03-03,49,succeeded
10646,1010,926,2024-04-05,49,succeeded
10647,1010,926,2024-05-06,49,succeeded
10648,1011,927,2025-09-19,49,succeeded
10649,1011,927,2025-10-19,49,succeeded
10650,1011,927,2025-11-20,49,succeeded
10651,1011,927,2025-12-22,49,succeeded
10652,1011,927,2026-01-23,49,succeeded
10653,1012,928,2025-10-12,49,succeeded
10654,1012,928,2025-11-11,49,succeeded
10655,1012,928,2025-12-10,49,succeeded
10656,1012,928,2026-01-09,49,succeeded
10657,1012,928,2026-02-08,49,succeeded
10658,1012,928,2026-03-09,49,succeeded
10659,1012,928,2026-04-11,49,succeeded
10660,1012,928,2026-05-11,49,succeeded
10661,1012,928,2026-06-08,49,succeeded
10662,1013,929,2025-04-19,799,succeeded
10663,1013,929,2025-05-20,799,succeeded
10664,1013,929,2025-06-16,799,succeeded
10665,1013,929,2025-07-20,799,succeeded
10666,1013,929,2025-08-19,799,succeeded
10667,1013,929,2025-09-17,799,succeeded
10668,1013,929,2025-10-16,799,succeeded
10669,1013,929,2025-11-20,799,succeeded
10670,1013,929,2025-12-20,799,succeeded
10671,1013,929,2026-01-19,799,succeeded
10672,1013,929,2026-02-19,799,succeeded
10673,1013,929,2026-03-16,799,succeeded
10674,1013,929,2026-04-20,799,succeeded
10675,1013,929,2026-05-18,799,succeeded
10676,1013,929,2026-06-16,799,succeeded
10677,1014,930,2025-03-05,49,succeeded
10678,1014,930,2025-04-09,49,succeeded
10679,1014,930,2025-05-09,49,succeeded
10680,1014,930,2025-06-09,49,failed
10681,1014,930,2025-06-15,49,succeeded
10682,1014,930,2025-07-07,49,succeeded
10683,1014,930,2025-08-05,49,succeeded
10684,1014,930,2025-09-05,49,succeeded
10685,1014,930,2025-10-06,49,succeeded
10686,1014,930,2025-11-06,49,succeeded
10687,1014,930,2025-12-06,49,succeeded
10688,1014,930,2026-01-06,49,succeeded
10689,1014,930,2026-02-07,49,succeeded
10690,1014,930,2026-03-06,49,succeeded
10691,1014,930,2026-04-08,49,succeeded
10692,1014,930,2026-05-09,49,succeeded
10693,1014,930,2026-06-09,49,succeeded
10694,1015,931,2024-08-06,49,succeeded
10695,1015,931,2024-09-10,49,succeeded
10696,1015,931,2024-10-06,49,succeeded
10697,1015,931,2024-11-08,49,succeeded
10698,1015,931,2024-12-06,49,succeeded
10699,1015,931,2025-01-09,49,failed
10700,1015,931,2025-01-11,49,succeeded
10701,1015,931,2025-02-07,49,failed
10702,1015,931,2025-03-06,49,succeeded
10703,1015,931,2025-04-08,49,succeeded
10704,1015,931,2025-05-08,49,succeeded
10705,1015,931,2025-06-08,49,succeeded
10706,1015,931,2025-07-10,49,succeeded
10707,1015,931,2025-08-09,49,succeeded
10708,1015,931,2025-09-08,49,succeeded
10709,1015,931,2025-10-09,49,succeeded
10710,1015,931,2025-11-06,49,succeeded
10711,1015,931,2025-12-08,49,succeeded
10712,1015,931,2026-01-08,49,succeeded
10713,1015,931,2026-02-06,49,succeeded
10714,1015,931,2026-03-08,49,succeeded
10715,1015,931,2026-04-10,49,succeeded
10716,1015,931,2026-05-10,49,succeeded
10717,1015,931,2026-06-10,49,succeeded
10718,1016,932,2024-06-22,49,succeeded
10719,1017,933,2024-09-15,199,succeeded
10720,1017,933,2024-10-14,199,succeeded
10721,1017,933,2024-11-11,199,succeeded
10722,1017,933,2024-12-12,199,succeeded
10723,1017,933,2025-01-13,199,succeeded
10724,1017,933,2025-02-13,199,succeeded
10725,1017,933,2025-03-11,199,succeeded
10726,1017,933,2025-04-14,199,succeeded
10727,1017,933,2025-05-11,199,succeeded
10728,1017,933,2025-06-11,199,succeeded
10729,1017,933,2025-07-11,199,succeeded
10730,1017,933,2025-08-14,199,succeeded
10731,1017,933,2025-09-13,199,succeeded
10732,1017,933,2025-10-12,199,succeeded
10733,1017,933,2025-11-12,199,succeeded
10734,1017,933,2025-12-12,199,succeeded
10735,1017,933,2026-01-11,199,succeeded
10736,1017,933,2026-02-15,199,succeeded
10737,1017,933,2026-03-15,199,succeeded
10738,1017,933,2026-04-11,199,succeeded
10739,1017,933,2026-05-13,199,succeeded
10740,1017,933,2026-06-15,199,succeeded
10741,1018,934,2025-11-20,49,succeeded
10742,1018,934,2025-12-19,49,succeeded
10743,1018,934,2026-01-18,49,succeeded
10744,1018,934,2026-02-18,49,succeeded
10745,1018,934,2026-03-20,49,succeeded
10746,1018,934,2026-04-19,49,succeeded
10747,1018,934,2026-05-16,49,succeeded
10748,1018,934,2026-06-20,49,succeeded
10749,1019,935,2024-05-13,799,succeeded
10750,1020,936,2026-06-24,799,succeeded
10751,1021,937,2025-09-30,49,succeeded
10752,1021,937,2025-10-28,49,succeeded
10753,1021,937,2025-11-28,49,succeeded
10754,1021,937,2025-12-31,49,succeeded
10755,1021,937,2026-01-31,49,succeeded
10756,1021,937,2026-03-02,49,succeeded
10757,1022,938,2025-11-27,199,succeeded
10758,1022,938,2025-12-28,199,succeeded
10759,1022,938,2026-01-25,199,succeeded
10760,1022,938,2026-02-26,199,succeeded
10761,1022,938,2026-03-26,199,succeeded
10762,1022,938,2026-04-25,199,succeeded
10763,1022,938,2026-05-26,199,succeeded
10764,1022,938,2026-06-27,199,succeeded
10765,1023,939,2025-02-20,199,succeeded
10766,1023,939,2025-03-22,199,succeeded
10767,1023,939,2025-04-19,199,succeeded
10768,1023,939,2025-05-20,199,succeeded
10769,1023,939,2025-06-19,199,succeeded
10770,1023,939,2025-07-22,199,succeeded
10771,1023,939,2025-08-21,199,succeeded
10772,1023,939,2025-09-22,199,failed
10773,1023,939,2025-10-19,199,failed
10774,1024,940,2024-09-29,49,succeeded
10775,1024,940,2024-10-27,49,succeeded
10776,1024,940,2024-11-28,49,succeeded
10777,1024,940,2024-12-29,49,succeeded
10778,1024,940,2025-01-26,49,succeeded
10779,1024,940,2025-02-27,49,succeeded
10780,1024,940,2025-03-26,49,succeeded
10781,1024,940,2025-04-25,49,succeeded
10782,1024,940,2025-05-29,49,succeeded
10783,1024,940,2025-06-29,49,succeeded
10784,1024,940,2025-07-25,49,succeeded
10785,1024,940,2025-08-25,49,succeeded
10786,1024,940,2025-09-27,49,succeeded
10787,1024,940,2025-10-25,49,succeeded
10788,1024,940,2025-11-25,49,succeeded
10789,1024,940,2025-12-25,49,succeeded
10790,1024,940,2026-01-29,49,succeeded
10791,1024,940,2026-03-01,49,succeeded
10792,1024,940,2026-03-25,49,succeeded
10793,1024,940,2026-04-25,49,succeeded
10794,1024,940,2026-05-26,49,succeeded
10795,1024,940,2026-06-26,49,succeeded
10796,1025,941,2025-08-18,49,succeeded
10797,1025,941,2025-09-20,49,succeeded
10798,1025,941,2025-10-19,49,succeeded
10799,1025,941,2025-11-19,49,succeeded
10800,1025,941,2025-12-21,49,succeeded
10801,1025,941,2026-01-19,49,succeeded
10802,1025,941,2026-02-20,49,succeeded
10803,1025,941,2026-03-20,49,succeeded
10804,1025,941,2026-04-19,49,succeeded
10805,1025,941,2026-05-19,49,succeeded
10806,1025,941,2026-06-21,49,succeeded
10807,1026,942,2025-07-29,199,succeeded
10808,1026,942,2025-09-01,199,succeeded
10809,1026,942,2025-09-28,199,succeeded
10810,1026,942,2025-10-31,199,succeeded
10811,1026,942,2025-12-01,199,succeeded
10812,1026,942,2025-12-30,199,succeeded
10813,1026,942,2026-01-30,199,succeeded
10814,1026,942,2026-03-02,199,succeeded
10815,1026,942,2026-03-28,199,succeeded
10816,1026,942,2026-05-02,199,succeeded
10817,1026,942,2026-05-28,199,succeeded
10818,1026,942,2026-07-02,199,succeeded
10819,1027,943,2024-04-18,49,succeeded
10820,1027,943,2024-05-21,49,succeeded
10821,1027,943,2024-06-20,49,succeeded
10822,1027,943,2024-07-21,49,succeeded
10823,1027,943,2024-08-20,49,succeeded
10824,1027,943,2024-09-21,49,succeeded
10825,1027,943,2024-10-21,49,succeeded
10826,1027,943,2024-11-19,49,succeeded
10827,1028,944,2026-05-26,799,succeeded
10828,1028,944,2026-06-25,799,succeeded
10829,1029,945,2026-02-05,199,succeeded
10830,1029,945,2026-03-03,199,succeeded
10831,1030,945,2026-04-02,799,succeeded
10832,1030,945,2026-05-05,799,succeeded
10833,1030,945,2026-06-03,799,succeeded
10834,1032,947,2025-03-17,799,succeeded
10835,1032,947,2025-04-16,799,succeeded
10836,1032,947,2025-05-16,799,succeeded
10837,1032,947,2025-06-17,799,succeeded
10838,1032,947,2025-07-14,799,succeeded
10839,1032,947,2025-08-13,799,succeeded
10840,1032,947,2025-09-13,799,succeeded
10841,1032,947,2025-10-17,799,succeeded
10842,1032,947,2025-11-16,799,succeeded
10843,1032,947,2025-12-17,799,succeeded
10844,1032,947,2026-01-17,799,succeeded
10845,1032,947,2026-02-13,799,succeeded
10846,1032,947,2026-03-14,799,succeeded
10847,1032,947,2026-04-15,799,succeeded
10848,1032,947,2026-05-17,799,succeeded
10849,1032,947,2026-06-17,799,succeeded
10850,1033,948,2025-09-13,49,failed
10851,1033,948,2025-09-17,49,succeeded
10852,1033,948,2025-10-13,49,succeeded
10853,1033,948,2025-11-14,49,succeeded
10854,1033,948,2025-12-14,49,succeeded
10855,1033,948,2026-01-13,49,succeeded
10856,1033,948,2026-02-15,49,succeeded
10857,1033,948,2026-03-13,49,succeeded
10858,1033,948,2026-04-11,49,succeeded
10859,1033,948,2026-05-12,49,succeeded
10860,1033,948,2026-06-13,49,succeeded
10861,1034,949,2026-02-27,199,succeeded
10862,1034,949,2026-03-27,199,succeeded
10863,1034,949,2026-04-29,199,succeeded
10864,1034,949,2026-05-28,199,succeeded
10865,1034,949,2026-06-29,199,succeeded
10866,1035,950,2025-12-24,199,succeeded
10867,1035,950,2026-01-23,199,succeeded
10868,1035,950,2026-02-21,199,succeeded
10869,1035,950,2026-03-25,199,succeeded
10870,1035,950,2026-04-25,199,succeeded
10871,1035,950,2026-05-25,199,succeeded
10872,1035,950,2026-06-21,199,succeeded
10873,1036,951,2025-05-19,199,succeeded
10874,1036,951,2025-06-20,199,succeeded
10875,1036,951,2025-07-21,199,succeeded
10876,1036,951,2025-08-18,199,succeeded
10877,1036,951,2025-09-17,199,succeeded
10878,1036,951,2025-10-21,199,failed
10879,1036,951,2025-10-26,199,succeeded
10880,1036,951,2025-11-17,199,succeeded
10881,1036,951,2025-12-19,199,succeeded
10882,1036,951,2026-01-21,199,succeeded
10883,1036,951,2026-02-19,199,succeeded
10884,1036,951,2026-03-19,199,succeeded
10885,1036,951,2026-04-20,199,succeeded
10886,1036,951,2026-05-20,199,succeeded
10887,1036,951,2026-06-18,199,succeeded
10888,1037,952,2024-05-12,199,succeeded
10889,1037,952,2024-06-16,199,succeeded
10890,1037,952,2024-07-15,199,succeeded
10891,1038,952,2024-08-05,799,succeeded
10892,1038,952,2024-09-01,799,succeeded
10893,1038,952,2024-10-04,799,succeeded
10894,1038,952,2024-11-04,799,succeeded
10895,1038,952,2024-12-01,799,succeeded
10896,1038,952,2025-01-05,799,succeeded
10897,1038,952,2025-02-04,799,failed
10898,1038,952,2025-02-10,799,succeeded
10899,1038,952,2025-03-01,799,succeeded
10900,1038,952,2025-04-01,799,succeeded
10901,1038,952,2025-05-03,799,succeeded
10902,1038,952,2025-06-03,799,succeeded
10903,1038,952,2025-07-04,799,succeeded
10904,1038,952,2025-08-03,799,succeeded
10905,1038,952,2025-09-02,799,succeeded
10906,1038,952,2025-10-02,799,succeeded
10907,1038,952,2025-11-04,799,succeeded
10908,1038,952,2025-12-03,799,succeeded
10909,1038,952,2026-01-04,799,succeeded
10910,1038,952,2026-02-03,799,succeeded
10911,1038,952,2026-03-04,799,succeeded
10912,1038,952,2026-04-04,799,succeeded
10913,1038,952,2026-05-04,799,succeeded
10914,1038,952,2026-06-02,799,succeeded
10915,1039,953,2025-05-01,199,succeeded
10916,1039,953,2025-06-03,199,succeeded
10917,1039,953,2025-07-02,199,succeeded
10918,1039,953,2025-08-04,199,succeeded
10919,1039,953,2025-09-02,199,succeeded
10920,1039,953,2025-10-02,199,succeeded
10921,1040,953,2025-10-03,49,succeeded
10922,1040,953,2025-11-03,49,succeeded
10923,1040,953,2025-12-02,49,succeeded
10924,1040,953,2026-01-01,49,succeeded
10925,1040,953,2026-02-04,49,failed
10926,1040,953,2026-02-09,49,succeeded
10927,1040,953,2026-03-03,49,succeeded
10928,1041,954,2025-01-19,49,succeeded
10929,1041,954,2025-02-18,49,succeeded
10930,1042,955,2024-05-21,49,succeeded
10931,1042,955,2024-06-20,49,succeeded
10932,1042,955,2024-07-22,49,succeeded
10933,1042,955,2024-08-24,49,succeeded
10934,1042,955,2024-09-20,49,succeeded
10935,1042,955,2024-10-22,49,succeeded
10936,1042,955,2024-11-22,49,succeeded
10937,1042,955,2024-12-20,49,failed
10938,1042,955,2024-12-22,49,succeeded
10939,1042,955,2025-01-23,49,succeeded
10940,1042,955,2025-02-23,49,succeeded
10941,1043,956,2025-07-15,49,succeeded
10942,1043,956,2025-08-11,49,succeeded
10943,1043,956,2025-09-13,49,succeeded
10944,1043,956,2025-10-13,49,succeeded
10945,1043,956,2025-11-11,49,succeeded
10946,1043,956,2025-12-12,49,succeeded
10947,1043,956,2026-01-14,49,succeeded
10948,1043,956,2026-02-12,49,succeeded
10949,1043,956,2026-03-14,49,succeeded
10950,1043,956,2026-04-12,49,succeeded
10951,1043,956,2026-05-13,49,succeeded
10952,1043,956,2026-06-12,49,succeeded
10953,1044,957,2025-04-22,49,succeeded
10954,1044,957,2025-05-19,49,succeeded
10955,1044,957,2025-06-19,49,succeeded
10956,1045,958,2025-09-08,49,succeeded
10957,1045,958,2025-10-06,49,succeeded
10958,1045,958,2025-11-09,49,succeeded
10959,1045,958,2025-12-06,49,succeeded
10960,1045,958,2026-01-08,49,succeeded
10961,1045,958,2026-02-09,49,succeeded
10962,1045,958,2026-03-09,49,succeeded
10963,1045,958,2026-04-08,49,succeeded
10964,1045,958,2026-05-08,49,succeeded
10965,1045,958,2026-06-06,49,succeeded
10966,1046,959,2025-08-22,49,succeeded
10967,1046,959,2025-09-19,49,succeeded
10968,1046,959,2025-10-19,49,succeeded
10969,1046,959,2025-11-20,49,succeeded
10970,1046,959,2025-12-19,49,succeeded
10971,1046,959,2026-01-21,49,succeeded
10972,1046,959,2026-02-22,49,succeeded
10973,1046,959,2026-03-21,49,succeeded
10974,1046,959,2026-04-19,49,succeeded
10975,1046,959,2026-05-23,49,succeeded
10976,1046,959,2026-06-21,49,succeeded
10977,1047,960,2023-10-16,799,succeeded
10978,1047,960,2023-11-16,799,succeeded
10979,1047,960,2023-12-13,799,succeeded
10980,1047,960,2024-01-15,799,succeeded
10981,1047,960,2024-02-17,799,succeeded
10982,1047,960,2024-03-14,799,succeeded
10983,1047,960,2024-04-13,799,succeeded
10984,1047,960,2024-05-16,799,succeeded
10985,1047,960,2024-06-17,799,succeeded
10986,1047,960,2024-07-15,799,succeeded
10987,1047,960,2024-08-16,799,succeeded
10988,1047,960,2024-09-15,799,succeeded
10989,1047,960,2024-10-16,799,succeeded
10990,1047,960,2024-11-16,799,succeeded
10991,1047,960,2024-12-15,799,succeeded
10992,1047,960,2025-01-15,799,succeeded
10993,1047,960,2025-02-15,799,succeeded
10994,1047,960,2025-03-15,799,succeeded
10995,1047,960,2025-04-17,799,succeeded
10996,1047,960,2025-05-13,799,succeeded
10997,1048,960,2025-06-05,199,succeeded
10998,1048,960,2025-07-02,199,succeeded
10999,1048,960,2025-08-01,199,succeeded
11000,1048,960,2025-09-05,199,succeeded
11001,1048,960,2025-10-05,199,succeeded
11002,1048,960,2025-11-03,199,succeeded
11003,1048,960,2025-12-02,199,succeeded
11004,1048,960,2026-01-05,199,succeeded
11005,1048,960,2026-02-05,199,succeeded
11006,1048,960,2026-03-05,199,succeeded
11007,1048,960,2026-04-04,199,succeeded
11008,1048,960,2026-05-05,199,succeeded
11009,1048,960,2026-06-04,199,succeeded
11010,1049,961,2026-04-24,49,succeeded
11011,1049,961,2026-05-27,49,succeeded
11012,1049,961,2026-06-28,49,succeeded
11013,1050,962,2024-03-22,799,succeeded
11014,1050,962,2024-04-23,799,succeeded
11015,1050,962,2024-05-21,799,succeeded
11016,1050,962,2024-06-20,799,succeeded
11017,1050,962,2024-07-23,799,succeeded
11018,1050,962,2024-08-21,799,succeeded
11019,1050,962,2024-09-23,799,succeeded
11020,1050,962,2024-10-24,799,succeeded
11021,1050,962,2024-11-21,799,succeeded
11022,1050,962,2024-12-24,799,succeeded
11023,1050,962,2025-01-22,799,succeeded
11024,1050,962,2025-02-20,799,succeeded
11025,1050,962,2025-03-22,799,succeeded
11026,1050,962,2025-04-24,799,succeeded
11027,1050,962,2025-05-21,799,succeeded
11028,1050,962,2025-06-20,799,succeeded
11029,1050,962,2025-07-20,799,succeeded
11030,1050,962,2025-08-20,799,succeeded
11031,1050,962,2025-09-22,799,succeeded
11032,1051,963,2024-07-15,49,succeeded
11033,1051,963,2024-08-18,49,succeeded
11034,1051,963,2024-09-14,49,failed
11035,1051,963,2024-10-14,49,succeeded
11036,1051,963,2024-11-17,49,succeeded
11037,1051,963,2024-12-14,49,succeeded
11038,1051,963,2025-01-18,49,succeeded
11039,1051,963,2025-02-16,49,succeeded
11040,1051,963,2025-03-17,49,succeeded
11041,1051,963,2025-04-16,49,succeeded
11042,1051,963,2025-05-14,49,succeeded
11043,1051,963,2025-06-16,49,succeeded
11044,1052,964,2025-12-23,199,succeeded
11045,1052,964,2026-01-22,199,succeeded
11046,1052,964,2026-02-22,199,succeeded
11047,1052,964,2026-03-22,199,succeeded
11048,1052,964,2026-04-21,199,succeeded
11049,1052,964,2026-05-21,199,succeeded
11050,1053,964,2026-06-01,49,succeeded
11051,1054,965,2026-06-19,199,succeeded
11052,1055,966,2026-04-07,49,succeeded
11053,1055,966,2026-05-06,49,failed
11054,1055,966,2026-05-08,49,succeeded
11055,1055,966,2026-06-06,49,succeeded
11056,1056,967,2025-11-14,799,succeeded
11057,1056,967,2025-12-15,799,succeeded
11058,1056,967,2026-01-18,799,succeeded
11059,1056,967,2026-02-14,799,succeeded
11060,1056,967,2026-03-16,799,succeeded
11061,1056,967,2026-04-17,799,succeeded
11062,1056,967,2026-05-15,799,succeeded
11063,1056,967,2026-06-16,799,succeeded
11064,1057,968,2024-01-21,49,failed
11065,1057,968,2024-02-21,49,succeeded
11066,1057,968,2024-03-23,49,succeeded
11067,1057,968,2024-04-22,49,succeeded
11068,1057,968,2024-05-21,49,succeeded
11069,1057,968,2024-06-20,49,succeeded
11070,1057,968,2024-07-24,49,succeeded
11071,1057,968,2024-08-24,49,succeeded
11072,1057,968,2024-09-20,49,succeeded
11073,1057,968,2024-10-20,49,succeeded
11074,1057,968,2024-11-21,49,succeeded
11075,1057,968,2024-12-24,49,succeeded
11076,1057,968,2025-01-21,49,succeeded
11077,1057,968,2025-02-21,49,succeeded
11078,1057,968,2025-03-24,49,succeeded
11079,1057,968,2025-04-23,49,succeeded
11080,1057,968,2025-05-23,49,succeeded
11081,1057,968,2025-06-20,49,succeeded
11082,1057,968,2025-07-21,49,succeeded
11083,1057,968,2025-08-24,49,succeeded
11084,1057,968,2025-09-24,49,succeeded
11085,1058,969,2023-07-05,199,succeeded
11086,1058,969,2023-08-03,199,succeeded
11087,1058,969,2023-09-06,199,succeeded
11088,1058,969,2023-10-06,199,succeeded
11089,1058,969,2023-11-07,199,succeeded
11090,1058,969,2023-12-07,199,succeeded
11091,1058,969,2024-01-04,199,succeeded
11092,1058,969,2024-02-05,199,succeeded
11093,1058,969,2024-03-05,199,succeeded
11094,1058,969,2024-04-04,199,succeeded
11095,1059,970,2023-08-05,799,succeeded
11096,1059,970,2023-09-04,799,succeeded
11097,1059,970,2023-10-04,799,succeeded
11098,1059,970,2023-11-02,799,succeeded
11099,1059,970,2023-12-04,799,succeeded
11100,1060,971,2026-05-14,199,succeeded
11101,1060,971,2026-06-18,199,succeeded
11102,1061,972,2024-04-26,199,succeeded
11103,1061,972,2024-05-28,199,succeeded
11104,1061,972,2024-06-29,199,succeeded
11105,1061,972,2024-07-30,199,succeeded
11106,1061,972,2024-08-27,199,succeeded
11107,1061,972,2024-09-30,199,succeeded
11108,1061,972,2024-10-26,199,succeeded
11109,1061,972,2024-11-26,199,succeeded
11110,1061,972,2024-12-30,199,succeeded
11111,1061,972,2025-01-26,199,succeeded
11112,1061,972,2025-02-27,199,succeeded
11113,1061,972,2025-03-29,199,succeeded
11114,1061,972,2025-04-28,199,succeeded
11115,1061,972,2025-05-29,199,succeeded
11116,1061,972,2025-06-30,199,succeeded
11117,1061,972,2025-07-28,199,succeeded
11118,1061,972,2025-08-30,199,succeeded
11119,1061,972,2025-09-27,199,succeeded
11120,1061,972,2025-10-26,199,succeeded
11121,1061,972,2025-11-27,199,succeeded
11122,1061,972,2025-12-27,199,succeeded
11123,1061,972,2026-01-26,199,succeeded
11124,1061,972,2026-03-02,199,succeeded
11125,1061,972,2026-03-30,199,succeeded
11126,1061,972,2026-04-29,199,succeeded
11127,1061,972,2026-05-29,199,failed
11128,1061,972,2026-06-01,199,succeeded
11129,1061,972,2026-06-26,199,succeeded
11130,1062,973,2025-05-27,199,succeeded
11131,1062,973,2025-06-26,199,succeeded
11132,1062,973,2025-07-26,199,succeeded
11133,1062,973,2025-08-24,199,succeeded
11134,1062,973,2025-09-26,199,succeeded
11135,1062,973,2025-10-26,199,succeeded
11136,1062,973,2025-11-26,199,succeeded
11137,1062,973,2025-12-27,199,succeeded
11138,1062,973,2026-01-25,199,succeeded
11139,1062,973,2026-02-27,199,succeeded
11140,1062,973,2026-03-25,199,succeeded
11141,1062,973,2026-04-25,199,succeeded
11142,1062,973,2026-05-24,199,succeeded
11143,1062,973,2026-06-25,199,succeeded
11144,1063,974,2025-06-09,199,succeeded
11145,1063,974,2025-07-07,199,succeeded
11146,1064,974,2025-08-01,49,succeeded
11147,1064,974,2025-09-02,49,succeeded
11148,1064,974,2025-10-01,49,succeeded
11149,1064,974,2025-11-02,49,succeeded
11150,1064,974,2025-12-01,49,succeeded
11151,1064,974,2026-01-05,49,succeeded
11152,1064,974,2026-02-03,49,succeeded
11153,1064,974,2026-03-04,49,succeeded
11154,1064,974,2026-04-04,49,succeeded
11155,1064,974,2026-05-01,49,succeeded
11156,1064,974,2026-06-02,49,succeeded
11157,1065,975,2025-07-13,799,succeeded
11158,1065,975,2025-08-14,799,succeeded
11159,1065,975,2025-09-11,799,succeeded
11160,1065,975,2025-10-14,799,succeeded
11161,1065,975,2025-11-13,799,succeeded
11162,1065,975,2025-12-13,799,succeeded
11163,1065,975,2026-01-12,799,succeeded
11164,1065,975,2026-02-12,799,failed
11165,1065,975,2026-02-17,799,succeeded
11166,1065,975,2026-03-14,799,succeeded
11167,1065,975,2026-04-13,799,succeeded
11168,1065,975,2026-05-11,799,succeeded
11169,1065,975,2026-06-13,799,succeeded
11170,1066,976,2026-05-26,49,succeeded
11171,1066,976,2026-06-23,49,succeeded
11172,1067,977,2024-09-04,199,succeeded
11173,1067,977,2024-10-01,199,succeeded
11174,1067,977,2024-11-04,199,succeeded
11175,1067,977,2024-12-05,199,succeeded
11176,1067,977,2025-01-03,199,failed
11177,1067,977,2025-01-05,199,succeeded
11178,1067,977,2025-02-04,199,succeeded
11179,1067,977,2025-03-01,199,succeeded
11180,1067,977,2025-04-04,199,succeeded
11181,1067,977,2025-05-01,199,succeeded
11182,1067,977,2025-06-04,199,succeeded
11183,1067,977,2025-07-05,199,succeeded
11184,1067,977,2025-08-04,199,succeeded
11185,1067,977,2025-09-04,199,succeeded
11186,1067,977,2025-10-03,199,succeeded
11187,1067,977,2025-11-02,199,succeeded
11188,1067,977,2025-12-02,199,succeeded
11189,1067,977,2026-01-01,199,succeeded
11190,1067,977,2026-02-05,199,failed
11191,1067,977,2026-03-03,199,succeeded
11192,1068,977,2026-03-01,49,succeeded
11193,1068,977,2026-04-05,49,succeeded
11194,1068,977,2026-05-02,49,succeeded
11195,1068,977,2026-06-01,49,succeeded
11196,1069,978,2024-04-12,49,succeeded
11197,1069,978,2024-05-16,49,succeeded
11198,1069,978,2024-06-13,49,succeeded
11199,1069,978,2024-07-15,49,succeeded
11200,1069,978,2024-08-16,49,succeeded
11201,1069,978,2024-09-16,49,succeeded
11202,1069,978,2024-10-14,49,succeeded
11203,1069,978,2024-11-14,49,succeeded
11204,1069,978,2024-12-16,49,succeeded
11205,1069,978,2025-01-12,49,failed
11206,1069,978,2025-01-16,49,succeeded
11207,1069,978,2025-02-12,49,succeeded
11208,1070,979,2025-03-04,199,succeeded
11209,1070,979,2025-03-29,199,succeeded
11210,1070,979,2025-04-28,199,succeeded
11211,1070,979,2025-06-01,199,succeeded
11212,1070,979,2025-07-02,199,succeeded
11213,1070,979,2025-08-01,199,succeeded
11214,1071,979,2025-08-01,49,succeeded
11215,1071,979,2025-09-04,49,succeeded
11216,1071,979,2025-10-05,49,succeeded
11217,1071,979,2025-11-04,49,succeeded
11218,1071,979,2025-12-05,49,succeeded
11219,1071,979,2026-01-05,49,succeeded
11220,1071,979,2026-02-03,49,succeeded
11221,1071,979,2026-03-05,49,succeeded
11222,1071,979,2026-04-05,49,succeeded
11223,1071,979,2026-05-02,49,succeeded
11224,1071,979,2026-06-05,49,succeeded
11225,1072,980,2025-09-15,199,succeeded
11226,1072,980,2025-10-15,199,succeeded
11227,1072,980,2025-11-14,199,succeeded
11228,1072,980,2025-12-17,199,succeeded
11229,1073,980,2026-01-01,49,succeeded
11230,1073,980,2026-02-04,49,succeeded
11231,1073,980,2026-03-02,49,succeeded
11232,1073,980,2026-04-04,49,failed
11233,1073,980,2026-04-09,49,succeeded
11234,1073,980,2026-05-02,49,succeeded
11235,1073,980,2026-06-04,49,succeeded
11236,1074,981,2024-07-08,199,succeeded
11237,1074,981,2024-08-08,199,succeeded
11238,1074,981,2024-09-08,199,succeeded
11239,1074,981,2024-10-10,199,succeeded
11240,1074,981,2024-11-06,199,succeeded
11241,1074,981,2024-12-07,199,succeeded
11242,1074,981,2025-01-06,199,succeeded
11243,1074,981,2025-02-08,199,succeeded
11244,1075,981,2025-03-03,49,succeeded
11245,1075,981,2025-04-01,49,succeeded
11246,1075,981,2025-05-03,49,succeeded
11247,1075,981,2025-06-03,49,succeeded
11248,1075,981,2025-07-04,49,succeeded
11249,1075,981,2025-08-02,49,succeeded
11250,1075,981,2025-09-03,49,succeeded
11251,1075,981,2025-10-01,49,succeeded
11252,1075,981,2025-11-04,49,succeeded
11253,1075,981,2025-12-03,49,succeeded
11254,1076,982,2026-01-20,49,succeeded
11255,1076,982,2026-02-20,49,succeeded
11256,1076,982,2026-03-23,49,succeeded
11257,1076,982,2026-04-22,49,succeeded
11258,1076,982,2026-05-20,49,succeeded
11259,1076,982,2026-06-20,49,succeeded
11260,1077,983,2026-06-01,199,succeeded
11261,1077,983,2026-07-02,199,succeeded
11262,1078,984,2025-05-09,49,succeeded
11263,1078,984,2025-06-09,49,succeeded
11264,1079,985,2025-07-19,199,succeeded
11265,1079,985,2025-08-18,199,succeeded
11266,1079,985,2025-09-20,199,succeeded
11267,1079,985,2025-10-22,199,succeeded
11268,1079,985,2025-11-22,199,succeeded
11269,1079,985,2025-12-18,199,succeeded
11270,1079,985,2026-01-22,199,succeeded
11271,1080,986,2024-03-21,49,succeeded
11272,1081,987,2024-11-17,49,succeeded
11273,1081,987,2024-12-17,49,succeeded
11274,1081,987,2025-01-16,49,succeeded
11275,1081,987,2025-02-18,49,succeeded
11276,1081,987,2025-03-14,49,succeeded
11277,1081,987,2025-04-14,49,succeeded
11278,1081,987,2025-05-17,49,succeeded
11279,1081,987,2025-06-15,49,succeeded
11280,1081,987,2025-07-14,49,succeeded
11281,1081,987,2025-08-18,49,succeeded
11282,1081,987,2025-09-17,49,succeeded
11283,1081,987,2025-10-15,49,succeeded
11284,1081,987,2025-11-16,49,succeeded
11285,1081,987,2025-12-15,49,succeeded
11286,1081,987,2026-01-15,49,succeeded
11287,1081,987,2026-02-14,49,succeeded
11288,1081,987,2026-03-17,49,succeeded
11289,1081,987,2026-04-16,49,succeeded
11290,1081,987,2026-05-15,49,succeeded
11291,1081,987,2026-06-18,49,succeeded
11292,1082,988,2025-08-03,49,succeeded
11293,1082,988,2025-09-06,49,succeeded
11294,1082,988,2025-10-05,49,succeeded
11295,1082,988,2025-11-02,49,succeeded
11296,1082,988,2025-12-05,49,succeeded
11297,1082,988,2026-01-06,49,succeeded
11298,1082,988,2026-02-05,49,succeeded
11299,1082,988,2026-03-04,49,succeeded
11300,1082,988,2026-04-06,49,succeeded
11301,1082,988,2026-05-02,49,succeeded
11302,1082,988,2026-06-02,49,succeeded
11303,1083,989,2026-05-21,49,succeeded
11304,1083,989,2026-06-21,49,succeeded
11305,1084,990,2024-12-27,49,succeeded
11306,1084,990,2025-01-28,49,succeeded
11307,1084,990,2025-03-01,49,succeeded
11308,1084,990,2025-03-27,49,succeeded
11309,1084,990,2025-05-01,49,succeeded
11310,1085,991,2026-01-24,199,succeeded
11311,1085,991,2026-02-24,199,succeeded
11312,1085,991,2026-03-25,199,succeeded
11313,1085,991,2026-04-26,199,succeeded
11314,1085,991,2026-05-22,199,succeeded
11315,1085,991,2026-06-22,199,succeeded
11316,1086,992,2026-04-21,49,succeeded
11317,1086,992,2026-05-24,49,succeeded
11318,1086,992,2026-06-21,49,succeeded
11319,1087,993,2025-04-03,199,succeeded
11320,1087,993,2025-05-05,199,succeeded
11321,1087,993,2025-06-03,199,succeeded
11322,1087,993,2025-07-06,199,succeeded
11323,1087,993,2025-08-06,199,succeeded
11324,1087,993,2025-09-06,199,succeeded
11325,1087,993,2025-10-03,199,succeeded
11326,1087,993,2025-11-05,199,succeeded
11327,1087,993,2025-12-03,199,succeeded
11328,1087,993,2026-01-04,199,succeeded
11329,1087,993,2026-02-03,199,succeeded
11330,1087,993,2026-03-05,199,succeeded
11331,1087,993,2026-04-03,199,succeeded
11332,1087,993,2026-05-02,199,succeeded
11333,1087,993,2026-06-06,199,succeeded
11334,1088,994,2025-04-10,799,succeeded
11335,1088,994,2025-05-09,799,succeeded
11336,1088,994,2025-06-09,799,succeeded
11337,1088,994,2025-07-13,799,failed
11338,1088,994,2025-07-19,799,succeeded
11339,1088,994,2025-08-13,799,succeeded
11340,1088,994,2025-09-09,799,succeeded
11341,1088,994,2025-10-11,799,succeeded
11342,1088,994,2025-11-09,799,succeeded
11343,1088,994,2025-12-11,799,succeeded
11344,1088,994,2026-01-11,799,succeeded
11345,1088,994,2026-02-13,799,succeeded
11346,1088,994,2026-03-11,799,succeeded
11347,1088,994,2026-04-10,799,succeeded
11348,1088,994,2026-05-13,799,succeeded
11349,1088,994,2026-06-09,799,succeeded
11350,1089,995,2023-07-07,49,succeeded
11351,1089,995,2023-08-08,49,succeeded
11352,1089,995,2023-09-08,49,succeeded
11353,1090,996,2024-08-19,49,succeeded
11354,1090,996,2024-09-20,49,succeeded
11355,1090,996,2024-10-21,49,succeeded
11356,1090,996,2024-11-19,49,succeeded
11357,1090,996,2024-12-18,49,succeeded
11358,1090,996,2025-01-20,49,succeeded
11359,1090,996,2025-02-22,49,succeeded
11360,1090,996,2025-03-20,49,succeeded
11361,1090,996,2025-04-21,49,succeeded
11362,1090,996,2025-05-19,49,succeeded
11363,1090,996,2025-06-19,49,succeeded
11364,1090,996,2025-07-20,49,succeeded
11365,1090,996,2025-08-19,49,succeeded
11366,1090,996,2025-09-22,49,succeeded
11367,1090,996,2025-10-22,49,succeeded
11368,1090,996,2025-11-19,49,succeeded
11369,1090,996,2025-12-18,49,succeeded
11370,1090,996,2026-01-19,49,succeeded
11371,1090,996,2026-02-20,49,succeeded
11372,1090,996,2026-03-18,49,succeeded
11373,1091,997,2025-06-13,799,succeeded
11374,1091,997,2025-07-15,799,succeeded
11375,1091,997,2025-08-14,799,succeeded
11376,1091,997,2025-09-13,799,succeeded
11377,1091,997,2025-10-15,799,succeeded
11378,1091,997,2025-11-14,799,succeeded
11379,1091,997,2025-12-16,799,succeeded
11380,1091,997,2026-01-16,799,succeeded
11381,1091,997,2026-02-15,799,succeeded
11382,1091,997,2026-03-12,799,succeeded
11383,1091,997,2026-04-14,799,succeeded
11384,1091,997,2026-05-15,799,succeeded
11385,1091,997,2026-06-16,799,succeeded
11386,1092,998,2024-12-17,799,succeeded
11387,1092,998,2025-01-18,799,succeeded
11388,1092,998,2025-02-19,799,succeeded
11389,1092,998,2025-03-15,799,succeeded
11390,1092,998,2025-04-15,799,succeeded
11391,1092,998,2025-05-17,799,failed
11392,1092,998,2025-05-22,799,succeeded
11393,1092,998,2025-06-16,799,succeeded
11394,1092,998,2025-07-17,799,succeeded
11395,1092,998,2025-08-19,799,succeeded
11396,1092,998,2025-09-19,799,succeeded
11397,1092,998,2025-10-19,799,succeeded
11398,1092,998,2025-11-15,799,succeeded
11399,1092,998,2025-12-19,799,succeeded
11400,1092,998,2026-01-16,799,succeeded
11401,1092,998,2026-02-16,799,succeeded
11402,1092,998,2026-03-17,799,succeeded
11403,1092,998,2026-04-15,799,succeeded
11404,1092,998,2026-05-17,799,succeeded
11405,1092,998,2026-06-18,799,succeeded
11406,1093,999,2026-02-21,49,succeeded
11407,1093,999,2026-03-18,49,succeeded
11408,1093,999,2026-04-21,49,succeeded
11409,1093,999,2026-05-17,49,succeeded
11410,1093,999,2026-06-18,49,succeeded
